anio,mes,PLIEGO_NOMBRE,CANON,FONCOMUN,REGALIAS,SOBRECANON,total_transferencias,gasto_educ,gasto_salud,gasto_social,total_ingresos,ingresos_propios,autonomia,prop_transferencias,prop_propios,fecha,ln_gasto_social,autonomia2,autonomia_x_transferencias
2014,1, ,221729486.71,418335012.47,0.0,79900640.37,719965139.5500001,21955299.83,6919551.37,28874851.200000003,4580803563.79,384244324.16,0.0838814235994196,0.1571700531411405,0.0838814235994196,2014-01-01,17.178481608178412,0.007036093225065266,0.013183647804675293
2014,1,GOBIERNO REGIONAL AMAZONAS,5618.64,0.0,0.0,0.0,5618.64,0.0,0.0,0.0,0.0,0.0,0.0,0.0,0.0,2014-01-01,0.0,0.0,0.0
2014,1,GOBIERNO REGIONAL ANCASH,1296056.33,0.0,0.0,0.0,1296056.33,0.0,0.0,0.0,0.0,0.0,0.0,0.0,0.0,2014-01-01,0.0,0.0,0.0
2014,1,GOBIERNO REGIONAL APURIMAC,23913.81,0.0,0.0,0.0,23913.81,0.0,0.0,0.0,0.0,0.0,0.0,0.0,0.0,2014-01-01,0.0,0.0,0.0
2014,1,GOBIERNO REGIONAL AREQUIPA,750657.81,0.0,0.0,0.0,750657.81,0.0,0.0,0.0,0.0,0.0,0.0,0.0,0.0,2014-01-01,0.0,0.0,0.0
2014,1,GOBIERNO REGIONAL AYACUCHO,94468.34,0.0,0.0,0.0,94468.34,0.0,0.0,0.0,0.0,0.0,0.0,0.0,0.0,2014-01-01,0.0,0.0,0.0
2014,1,GOBIERNO REGIONAL CAJAMARCA,2678504.7,0.0,0.0,0.0,2678504.7,0.0,0.0,0.0,0.0,0.0,0.0,0.0,0.0,2014-01-01,0.0,0.0,0.0
2014,1,GOBIERNO REGIONAL CALLAO,215216.69,0.0,0.0,0.0,215216.69,0.0,0.0,0.0,0.0,0.0,0.0,0.0,0.0,2014-01-01,0.0,0.0,0.0
2014,1,GOBIERNO REGIONAL CUSCO,31609686.74,0.0,0.0,0.0,31609686.74,0.0,0.0,0.0,0.0,0.0,0.0,0.0,0.0,2014-01-01,0.0,0.0,0.0
2014,1,GOBIERNO REGIONAL HUANCAVELICA,894976.57,0.0,0.0,0.0,894976.57,0.0,0.0,0.0,0.0,0.0,0.0,0.0,0.0,2014-01-01,0.0,0.0,0.0
2014,1,GOBIERNO REGIONAL HUANUCO,24877.15,0.0,0.0,0.0,24877.15,0.0,0.0,0.0,0.0,0.0,0.0,0.0,0.0,2014-01-01,0.0,0.0,0.0
2014,1,GOBIERNO REGIONAL ICA,1289605.87,0.0,0.0,0.0,1289605.87,0.0,0.0,0.0,0.0,0.0,0.0,0.0,0.0,2014-01-01,0.0,0.0,0.0
2014,1,GOBIERNO REGIONAL JUNIN,464659.46,0.0,0.0,0.0,464659.46,0.0,0.0,0.0,0.0,0.0,0.0,0.0,0.0,2014-01-01,0.0,0.0,0.0
2014,1,GOBIERNO REGIONAL LA LIBERTAD,1516116.22,0.0,0.0,0.0,1516116.22,0.0,0.0,0.0,0.0,0.0,0.0,0.0,0.0,2014-01-01,0.0,0.0,0.0
2014,1,GOBIERNO REGIONAL LAMBAYEQUE,10229.0,0.0,0.0,0.0,10229.0,0.0,0.0,0.0,0.0,0.0,0.0,0.0,0.0,2014-01-01,0.0,0.0,0.0
2014,1,GOBIERNO REGIONAL LIMA,1233754.36,0.0,0.0,0.0,1233754.36,0.0,0.0,0.0,0.0,0.0,0.0,0.0,0.0,2014-01-01,0.0,0.0,0.0
2014,1,GOBIERNO REGIONAL LORETO,8904645.59,0.0,0.0,13310085.36,22214730.95,0.0,0.0,0.0,0.0,0.0,0.0,0.0,0.0,2014-01-01,0.0,0.0,0.0
2014,1,GOBIERNO REGIONAL MADRE DE DIOS,113401.72,0.0,0.0,0.0,113401.72,0.0,0.0,0.0,0.0,0.0,0.0,0.0,0.0,2014-01-01,0.0,0.0,0.0
2014,1,GOBIERNO REGIONAL MOQUEGUA,484436.88,0.0,0.0,0.0,484436.88,0.0,0.0,0.0,0.0,0.0,0.0,0.0,0.0,2014-01-01,0.0,0.0,0.0
2014,1,GOBIERNO REGIONAL PASCO,438782.43,0.0,0.0,0.0,438782.43,0.0,0.0,0.0,0.0,0.0,0.0,0.0,0.0,2014-01-01,0.0,0.0,0.0
2014,1,GOBIERNO REGIONAL PIURA,173076.23,0.0,0.0,14028219.909999998,14201296.14,0.0,0.0,0.0,0.0,0.0,0.0,0.0,0.0,2014-01-01,0.0,0.0,0.0
2014,1,GOBIERNO REGIONAL PUNO,470259.76,0.0,0.0,0.0,470259.76,0.0,0.0,0.0,0.0,0.0,0.0,0.0,0.0,2014-01-01,0.0,0.0,0.0
2014,1,GOBIERNO REGIONAL SAN MARTIN,26923.92,0.0,0.0,0.0,26923.92,0.0,0.0,0.0,0.0,0.0,0.0,0.0,0.0,2014-01-01,0.0,0.0,0.0
2014,1,GOBIERNO REGIONAL TACNA,1215732.01,0.0,0.0,0.0,1215732.01,0.0,0.0,0.0,0.0,0.0,0.0,0.0,0.0,2014-01-01,0.0,0.0,0.0
2014,1,GOBIERNO REGIONAL TUMBES,1022.05,0.0,0.0,5304003.2,5305025.25,0.0,0.0,0.0,0.0,0.0,0.0,0.0,0.0,2014-01-01,0.0,0.0,0.0
2014,1,GOBIERNO REGIONAL UCAYALI,74156.49,0.0,0.0,2681010.72,2755167.21,0.0,0.0,0.0,0.0,0.0,0.0,0.0,0.0,2014-01-01,0.0,0.0,0.0
2014,1,INSTITUTO DE INVESTIGACIONES DE LA AMAZONIA PERUANA,0.0,0.0,0.0,1206536.84,1206536.84,0.0,0.0,0.0,0.0,0.0,0.0,0.0,0.0,2014-01-01,0.0,0.0,0.0
2014,1,MUNICIPALIDAD METROPOLITANA DE LIMA,136661.6,0.0,0.0,0.0,136661.6,0.0,0.0,0.0,0.0,0.0,0.0,0.0,0.0,2014-01-01,0.0,0.0,0.0
2014,1,U.N. AGRARIA DE LA MOLINA,3636.43,0.0,0.0,0.0,3636.43,0.0,0.0,0.0,0.0,0.0,0.0,0.0,0.0,2014-01-01,0.0,0.0,0.0
2014,1,U.N. AGRARIA DE LA SELVA,3044.03,0.0,0.0,0.0,3044.03,0.0,0.0,0.0,0.0,0.0,0.0,0.0,0.0,2014-01-01,0.0,0.0,0.0
2014,1,U.N. AMAZONICA DE MADRE DE DIOS,27250.49,0.0,0.0,0.0,27250.49,0.0,0.0,0.0,0.0,0.0,0.0,0.0,0.0,2014-01-01,0.0,0.0,0.0
2014,1,U.N. AUTONOMA DE CHOTA,155822.84,0.0,0.0,0.0,155822.84,0.0,0.0,0.0,0.0,0.0,0.0,0.0,0.0,2014-01-01,0.0,0.0,0.0
2014,1,U.N. AUTONOMA DE HUANTA,1195.46,0.0,0.0,0.0,1195.46,0.0,0.0,0.0,0.0,0.0,0.0,0.0,0.0,2014-01-01,0.0,0.0,0.0
2014,1,U.N. DANIEL ALCIDES CARRION,219237.14,0.0,0.0,0.0,219237.14,0.0,0.0,0.0,0.0,0.0,0.0,0.0,0.0,2014-01-01,0.0,0.0,0.0
2014,1,U.N. DE BARRANCA,119138.25,0.0,0.0,0.0,119138.25,0.0,0.0,0.0,0.0,0.0,0.0,0.0,0.0,2014-01-01,0.0,0.0,0.0
2014,1,U.N. DE CAJAMARCA,156633.82,0.0,0.0,0.0,156633.82,0.0,0.0,0.0,0.0,0.0,0.0,0.0,0.0,2014-01-01,0.0,0.0,0.0
2014,1,U.N. DE CAÑETE,118932.06,0.0,0.0,0.0,118932.06,0.0,0.0,0.0,0.0,0.0,0.0,0.0,0.0,2014-01-01,0.0,0.0,0.0
2014,1,U.N. DE EDUCACION ENRIQUE GUZMAN Y VALLE,3636.42,0.0,0.0,0.0,3636.42,0.0,0.0,0.0,0.0,0.0,0.0,0.0,0.0,2014-01-01,0.0,0.0,0.0
2014,1,U.N. DE FRONTERA,18843.12,0.0,0.0,2102512.34,2121355.46,0.0,0.0,0.0,0.0,0.0,0.0,0.0,0.0,2014-01-01,0.0,0.0,0.0
2014,1,U.N. DE HUANCAVELICA,161814.23,0.0,0.0,0.0,161814.23,0.0,0.0,0.0,0.0,0.0,0.0,0.0,0.0,2014-01-01,0.0,0.0,0.0
2014,1,U.N. DE INGENIERIA,2828.77,0.0,0.0,0.0,2828.77,0.0,0.0,0.0,0.0,0.0,0.0,0.0,0.0,2014-01-01,0.0,0.0,0.0
2014,1,U.N. DE JAEN,156579.47,0.0,0.0,0.0,156579.47,0.0,0.0,0.0,0.0,0.0,0.0,0.0,0.0,2014-01-01,0.0,0.0,0.0
2014,1,U.N. DE JULIACA,128335.66,0.0,0.0,0.0,128335.66,0.0,0.0,0.0,0.0,0.0,0.0,0.0,0.0,2014-01-01,0.0,0.0,0.0
2014,1,U.N. DE LA AMAZONIA PERUANA,11697.1,0.0,0.0,1510626.05,1522323.15,0.0,0.0,0.0,0.0,0.0,0.0,0.0,0.0,2014-01-01,0.0,0.0,0.0
2014,1,U.N. DE MOQUEGUA,286736.53,0.0,0.0,0.0,286736.53,0.0,0.0,0.0,0.0,0.0,0.0,0.0,0.0,2014-01-01,0.0,0.0,0.0
2014,1,U.N. DE PIURA,18843.12,0.0,0.0,2230525.81,2249368.93,0.0,0.0,0.0,0.0,0.0,0.0,0.0,0.0,2014-01-01,0.0,0.0,0.0
2014,1,U.N. DE SAN MARTIN,6718.3,0.0,0.0,0.0,6718.3,0.0,0.0,0.0,0.0,0.0,0.0,0.0,0.0,2014-01-01,0.0,0.0,0.0
2014,1,U.N. DE TUMBES,46.31,0.0,0.0,1173657.24,1173703.55,0.0,0.0,0.0,0.0,0.0,0.0,0.0,0.0,2014-01-01,0.0,0.0,0.0
2014,1,U.N. DE UCAYALI,8936.57,0.0,0.0,371801.02,380737.59,0.0,0.0,0.0,0.0,0.0,0.0,0.0,0.0,2014-01-01,0.0,0.0,0.0
2014,1,U.N. DEL ALTIPLANO,102900.42,0.0,0.0,0.0,102900.42,0.0,0.0,0.0,0.0,0.0,0.0,0.0,0.0,2014-01-01,0.0,0.0,0.0
2014,1,U.N. DEL CALLAO,65519.240000000005,0.0,0.0,0.0,65519.240000000005,0.0,0.0,0.0,0.0,0.0,0.0,0.0,0.0,2014-01-01,0.0,0.0,0.0
2014,1,U.N. DEL CENTRO DEL PERU,58183.42,0.0,0.0,0.0,58183.42,0.0,0.0,0.0,0.0,0.0,0.0,0.0,0.0,2014-01-01,0.0,0.0,0.0
2014,1,U.N. DEL SANTA,517746.05,0.0,0.0,0.0,517746.05,0.0,0.0,0.0,0.0,0.0,0.0,0.0,0.0,2014-01-01,0.0,0.0,0.0
2014,1,U.N. FEDERICO VILLARREAL,3636.43,0.0,0.0,0.0,3636.43,0.0,0.0,0.0,0.0,0.0,0.0,0.0,0.0,2014-01-01,0.0,0.0,0.0
2014,1,U.N. HERMILIO VALDIZAN,3031.3500000000004,0.0,0.0,0.0,3031.3500000000004,0.0,0.0,0.0,0.0,0.0,0.0,0.0,0.0,2014-01-01,0.0,0.0,0.0
2014,1,U.N. INTERCULTURAL DE LA SELVA CENTRAL JUAN SANTOS ATAHUALPA,58183.39,0.0,0.0,0.0,58183.39,0.0,0.0,0.0,0.0,0.0,0.0,0.0,0.0,2014-01-01,0.0,0.0,0.0
2014,1,U.N. JORGE BASADRE GROHMANN,424729.14,0.0,0.0,0.0,424729.14,0.0,0.0,0.0,0.0,0.0,0.0,0.0,0.0,2014-01-01,0.0,0.0,0.0
2014,1,U.N. JOSE FAUSTINO SANCHEZ CARRION,119138.28,0.0,0.0,0.0,119138.28,0.0,0.0,0.0,0.0,0.0,0.0,0.0,0.0,2014-01-01,0.0,0.0,0.0
2014,1,U.N. JOSE MARIA ARGUEDAS,3723.48,0.0,0.0,0.0,3723.48,0.0,0.0,0.0,0.0,0.0,0.0,0.0,0.0,2014-01-01,0.0,0.0,0.0
2014,1,U.N. MAYOR DE SAN MARCOS,3556.9,0.0,0.0,0.0,3556.9,0.0,0.0,0.0,0.0,0.0,0.0,0.0,0.0,2014-01-01,0.0,0.0,0.0
2014,1,U.N. MICAELA BASTIDAS DE APURIMAC,3729.12,0.0,0.0,0.0,3729.12,0.0,0.0,0.0,0.0,0.0,0.0,0.0,0.0,2014-01-01,0.0,0.0,0.0
2014,1,U.N. PEDRO RUIZ GALLO,2802.62,0.0,0.0,0.0,2802.62,0.0,0.0,0.0,0.0,0.0,0.0,0.0,0.0,2014-01-01,0.0,0.0,0.0
2014,1,U.N. SAN AGUSTIN,645762.35,0.0,0.0,0.0,645762.35,0.0,0.0,0.0,0.0,0.0,0.0,0.0,0.0,2014-01-01,0.0,0.0,0.0
2014,1,U.N. SAN ANTONIO ABAD,6211907.93,0.0,0.0,0.0,6211907.93,0.0,0.0,0.0,0.0,0.0,0.0,0.0,0.0,2014-01-01,0.0,0.0,0.0
2014,1,U.N. SAN CRISTOBAL DE HUAMANGA,30233.47,0.0,0.0,0.0,30233.47,0.0,0.0,0.0,0.0,0.0,0.0,0.0,0.0,2014-01-01,0.0,0.0,0.0
2014,1,U.N. SAN LUIS GONZAGA,382466.78,0.0,0.0,0.0,382466.78,0.0,0.0,0.0,0.0,0.0,0.0,0.0,0.0,2014-01-01,0.0,0.0,0.0
2014,1,U.N. SANTIAGO ANTUNEZ DE MAYOLO,514203.56,0.0,0.0,0.0,514203.56,0.0,0.0,0.0,0.0,0.0,0.0,0.0,0.0,2014-01-01,0.0,0.0,0.0
2014,1,U.N. TECNOLOGICA DE LIMA SUR,3636.43,0.0,0.0,0.0,3636.43,0.0,0.0,0.0,0.0,0.0,0.0,0.0,0.0,2014-01-01,0.0,0.0,0.0
2014,1,U.N. TORIBIO RODRIGUEZ DE MENDOZA DE AMAZONAS,470.22,0.0,0.0,0.0,470.22,0.0,0.0,0.0,0.0,0.0,0.0,0.0,0.0,2014-01-01,0.0,0.0,0.0
2014,1,U.N. TRUJILLO,257094.33,0.0,0.0,0.0,257094.33,0.0,0.0,0.0,0.0,0.0,0.0,0.0,0.0,2014-01-01,0.0,0.0,0.0
2014,1,UNIVERSIDAD NACIONAL INTERCULTURAL DE LA AMAZONIA,8946.86,0.0,0.0,400887.64,409834.5,0.0,0.0,0.0,0.0,0.0,0.0,0.0,0.0,2014-01-01,0.0,0.0,0.0
2014,2, ,169693371.86,476068636.39,0.0,73572163.33,719334171.58,76327019.49,29177986.73,105505006.22,3233819585.86,569175001.3100001,0.1760070363228485,0.2224410337315403,0.1760070363228485,2014-02-01,18.474268971555066,0.03097847683515251,0.03915118710367919
2014,2,GOBIERNO REGIONAL ANCASH,705560.27,0.0,0.0,0.0,705560.27,0.0,0.0,0.0,0.0,0.0,0.0,0.0,0.0,2014-02-01,0.0,0.0,0.0
2014,2,GOBIERNO REGIONAL AREQUIPA,198057.3,0.0,0.0,0.0,198057.3,0.0,0.0,0.0,0.0,0.0,0.0,0.0,0.0,2014-02-01,0.0,0.0,0.0
2014,2,GOBIERNO REGIONAL CAJAMARCA,7713113.02,0.0,0.0,0.0,7713113.02,0.0,0.0,0.0,0.0,0.0,0.0,0.0,0.0,2014-02-01,0.0,0.0,0.0
2014,2,GOBIERNO REGIONAL CALLAO,207926.02,0.0,0.0,0.0,207926.02,0.0,0.0,0.0,0.0,0.0,0.0,0.0,0.0,2014-02-01,0.0,0.0,0.0
2014,2,GOBIERNO REGIONAL CUSCO,37768519.82,0.0,0.0,0.0,37768519.82,0.0,0.0,0.0,0.0,0.0,0.0,0.0,0.0,2014-02-01,0.0,0.0,0.0
2014,2,GOBIERNO REGIONAL HUANCAVELICA,1477617.5099999998,0.0,0.0,0.0,1477617.5099999998,0.0,0.0,0.0,0.0,0.0,0.0,0.0,0.0,2014-02-01,0.0,0.0,0.0
2014,2,GOBIERNO REGIONAL ICA,402670.43,0.0,0.0,0.0,402670.43,0.0,0.0,0.0,0.0,0.0,0.0,0.0,0.0,2014-02-01,0.0,0.0,0.0
2014,2,GOBIERNO REGIONAL JUNIN,1313417.29,0.0,0.0,0.0,1313417.29,0.0,0.0,0.0,0.0,0.0,0.0,0.0,0.0,2014-02-01,0.0,0.0,0.0
2014,2,GOBIERNO REGIONAL LA LIBERTAD,469810.0,0.0,0.0,0.0,469810.0,0.0,0.0,0.0,0.0,0.0,0.0,0.0,0.0,2014-02-01,0.0,0.0,0.0
2014,2,GOBIERNO REGIONAL LIMA,11199.869999999995,0.0,0.0,0.0,11199.869999999995,0.0,0.0,0.0,0.0,0.0,0.0,0.0,0.0,2014-02-01,0.0,0.0,0.0
2014,2,GOBIERNO REGIONAL LORETO,1900000.0,0.0,0.0,12698623.11,14598623.11,0.0,0.0,0.0,0.0,0.0,0.0,0.0,0.0,2014-02-01,0.0,0.0,0.0
2014,2,GOBIERNO REGIONAL MOQUEGUA,74425.12,0.0,0.0,0.0,74425.12,0.0,0.0,0.0,0.0,0.0,0.0,0.0,0.0,2014-02-01,0.0,0.0,0.0
2014,2,GOBIERNO REGIONAL PASCO,259451.08,0.0,0.0,0.0,259451.08,0.0,0.0,0.0,0.0,0.0,0.0,0.0,0.0,2014-02-01,0.0,0.0,0.0
2014,2,GOBIERNO REGIONAL PIURA,108035.18,0.0,0.0,13514826.1,13622861.28,0.0,0.0,0.0,0.0,0.0,0.0,0.0,0.0,2014-02-01,0.0,0.0,0.0
2014,2,GOBIERNO REGIONAL PUNO,98826.34,0.0,0.0,0.0,98826.34,0.0,0.0,0.0,0.0,0.0,0.0,0.0,0.0,2014-02-01,0.0,0.0,0.0
2014,2,GOBIERNO REGIONAL TACNA,10183.9,0.0,0.0,0.0,10183.9,0.0,0.0,0.0,0.0,0.0,0.0,0.0,0.0,2014-02-01,0.0,0.0,0.0
2014,2,GOBIERNO REGIONAL TUMBES,0.0,0.0,0.0,5799137.970000001,5799137.970000001,0.0,0.0,0.0,0.0,0.0,0.0,0.0,0.0,2014-02-01,0.0,0.0,0.0
2014,2,GOBIERNO REGIONAL UCAYALI,0.0,0.0,0.0,3265097.12,3265097.12,0.0,0.0,0.0,0.0,0.0,0.0,0.0,0.0,2014-02-01,0.0,0.0,0.0
2014,2,INSTITUTO DE INVESTIGACIONES DE LA AMAZONIA PERUANA,0.0,0.0,0.0,1081624.17,1081624.17,0.0,0.0,0.0,0.0,0.0,0.0,0.0,0.0,2014-02-01,0.0,0.0,0.0
2014,2,MUNICIPALIDAD METROPOLITANA DE LIMA,82126.95,0.0,0.0,0.0,82126.95,0.0,0.0,0.0,0.0,0.0,0.0,0.0,0.0,2014-02-01,0.0,0.0,0.0
2014,2,U.N. AGRARIA DE LA MOLINA,2566.47,0.0,0.0,0.0,2566.47,0.0,0.0,0.0,0.0,0.0,0.0,0.0,0.0,2014-02-01,0.0,0.0,0.0
2014,2,U.N. AUTONOMA DE CHOTA,9426.08,0.0,0.0,0.0,9426.08,0.0,0.0,0.0,0.0,0.0,0.0,0.0,0.0,2014-02-01,0.0,0.0,0.0
2014,2,U.N. DANIEL ALCIDES CARRION,64862.77,0.0,0.0,0.0,64862.77,0.0,0.0,0.0,0.0,0.0,0.0,0.0,0.0,2014-02-01,0.0,0.0,0.0
2014,2,U.N. DE BARRANCA,68144.74,0.0,0.0,0.0,68144.74,0.0,0.0,0.0,0.0,0.0,0.0,0.0,0.0,2014-02-01,0.0,0.0,0.0
2014,2,U.N. DE CAJAMARCA,9426.09,0.0,0.0,0.0,9426.09,0.0,0.0,0.0,0.0,0.0,0.0,0.0,0.0,2014-02-01,0.0,0.0,0.0
2014,2,U.N. DE CAÑETE,68144.76000000001,0.0,0.0,0.0,68144.76000000001,0.0,0.0,0.0,0.0,0.0,0.0,0.0,0.0,2014-02-01,0.0,0.0,0.0
2014,2,U.N. DE EDUCACION ENRIQUE GUZMAN Y VALLE,2566.45,0.0,0.0,0.0,2566.45,0.0,0.0,0.0,0.0,0.0,0.0,0.0,0.0,2014-02-01,0.0,0.0,0.0
2014,2,U.N. DE FRONTERA,13504.4,0.0,0.0,1592018.41,1605522.8099999998,0.0,0.0,0.0,0.0,0.0,0.0,0.0,0.0,2014-02-01,0.0,0.0,0.0
2014,2,U.N. DE HUANCAVELICA,140327.19,0.0,0.0,0.0,140327.19,0.0,0.0,0.0,0.0,0.0,0.0,0.0,0.0,2014-02-01,0.0,0.0,0.0
2014,2,U.N. DE INGENIERIA,2566.47,0.0,0.0,0.0,2566.47,0.0,0.0,0.0,0.0,0.0,0.0,0.0,0.0,2014-02-01,0.0,0.0,0.0
2014,2,U.N. DE JAEN,9426.08,0.0,0.0,0.0,9426.08,0.0,0.0,0.0,0.0,0.0,0.0,0.0,0.0,2014-02-01,0.0,0.0,0.0
2014,2,U.N. DE JULIACA,12353.3,0.0,0.0,0.0,12353.3,0.0,0.0,0.0,0.0,0.0,0.0,0.0,0.0,2014-02-01,0.0,0.0,0.0
2014,2,U.N. DE LA AMAZONIA PERUANA,0.0,0.0,0.0,1254399.1,1254399.1,0.0,0.0,0.0,0.0,0.0,0.0,0.0,0.0,2014-02-01,0.0,0.0,0.0
2014,2,U.N. DE MOQUEGUA,18606.28,0.0,0.0,0.0,18606.28,0.0,0.0,0.0,0.0,0.0,0.0,0.0,0.0,2014-02-01,0.0,0.0,0.0
2014,2,U.N. DE PIURA,13504.4,0.0,0.0,1592018.41,1605522.8099999998,0.0,0.0,0.0,0.0,0.0,0.0,0.0,0.0,2014-02-01,0.0,0.0,0.0
2014,2,U.N. DE TUMBES,0.0,0.0,0.0,952046.84,952046.84,0.0,0.0,0.0,0.0,0.0,0.0,0.0,0.0,2014-02-01,0.0,0.0,0.0
2014,2,U.N. DE UCAYALI,0.0,0.0,0.0,305672.44,305672.44,0.0,0.0,0.0,0.0,0.0,0.0,0.0,0.0,2014-02-01,0.0,0.0,0.0
2014,2,U.N. DEL ALTIPLANO,12353.29,0.0,0.0,0.0,12353.29,0.0,0.0,0.0,0.0,0.0,0.0,0.0,0.0,2014-02-01,0.0,0.0,0.0
2014,2,U.N. DEL CALLAO,51981.51,0.0,0.0,0.0,51981.51,0.0,0.0,0.0,0.0,0.0,0.0,0.0,0.0,2014-02-01,0.0,0.0,0.0
2014,2,U.N. DEL CENTRO DEL PERU,26118.11,0.0,0.0,0.0,26118.11,0.0,0.0,0.0,0.0,0.0,0.0,0.0,0.0,2014-02-01,0.0,0.0,0.0
2014,2,U.N. DEL SANTA,94890.37,0.0,0.0,0.0,94890.37,0.0,0.0,0.0,0.0,0.0,0.0,0.0,0.0,2014-02-01,0.0,0.0,0.0
2014,2,U.N. FEDERICO VILLARREAL,2566.47,0.0,0.0,0.0,2566.47,0.0,0.0,0.0,0.0,0.0,0.0,0.0,0.0,2014-02-01,0.0,0.0,0.0
2014,2,U.N. INTERCULTURAL DE LA SELVA CENTRAL JUAN SANTOS ATAHUALPA,26118.1,0.0,0.0,0.0,26118.1,0.0,0.0,0.0,0.0,0.0,0.0,0.0,0.0,2014-02-01,0.0,0.0,0.0
2014,2,U.N. JORGE BASADRE GROHMANN,2545.98,0.0,0.0,0.0,2545.98,0.0,0.0,0.0,0.0,0.0,0.0,0.0,0.0,2014-02-01,0.0,0.0,0.0
2014,2,U.N. JOSE FAUSTINO SANCHEZ CARRION,68144.76000000001,0.0,0.0,0.0,68144.76000000001,0.0,0.0,0.0,0.0,0.0,0.0,0.0,0.0,2014-02-01,0.0,0.0,0.0
2014,2,U.N. MAYOR DE SAN MARCOS,2566.47,0.0,0.0,0.0,2566.47,0.0,0.0,0.0,0.0,0.0,0.0,0.0,0.0,2014-02-01,0.0,0.0,0.0
2014,2,U.N. SAN AGUSTIN,49514.31999999999,0.0,0.0,0.0,49514.31999999999,0.0,0.0,0.0,0.0,0.0,0.0,0.0,0.0,2014-02-01,0.0,0.0,0.0
2014,2,U.N. SAN ANTONIO ABAD,5047857.22,0.0,0.0,0.0,5047857.22,0.0,0.0,0.0,0.0,0.0,0.0,0.0,0.0,2014-02-01,0.0,0.0,0.0
2014,2,U.N. SAN LUIS GONZAGA,100667.61,0.0,0.0,0.0,100667.61,0.0,0.0,0.0,0.0,0.0,0.0,0.0,0.0,2014-02-01,0.0,0.0,0.0
2014,2,U.N. SANTIAGO ANTUNEZ DE MAYOLO,94890.35,0.0,0.0,0.0,94890.35,0.0,0.0,0.0,0.0,0.0,0.0,0.0,0.0,2014-02-01,0.0,0.0,0.0
2014,2,U.N. TECNOLOGICA DE LIMA SUR,2566.47,0.0,0.0,0.0,2566.47,0.0,0.0,0.0,0.0,0.0,0.0,0.0,0.0,2014-02-01,0.0,0.0,0.0
2014,2,U.N. TRUJILLO,37624.67,0.0,0.0,0.0,37624.67,0.0,0.0,0.0,0.0,0.0,0.0,0.0,0.0,2014-02-01,0.0,0.0,0.0
2014,2,UNIVERSIDAD NACIONAL INTERCULTURAL DE LA AMAZONIA,0.0,0.0,0.0,305672.44,305672.44,0.0,0.0,0.0,0.0,0.0,0.0,0.0,0.0,2014-02-01,0.0,0.0,0.0
2014,3, ,180052483.63,383522725.74,0.0,72936456.61,636511665.98,122638166.55,30853175.92,153491342.47,2423635554.63,297834815.1,0.1228876241442449,0.2626268065609278,0.1228876241442449,2014-03-01,18.84915472906906,0.015101368167817202,0.0322735842948626
2014,3,GOBIERNO REGIONAL AMAZONAS,258.76,0.0,0.0,0.0,258.76,0.0,0.0,0.0,0.0,0.0,0.0,0.0,0.0,2014-03-01,0.0,0.0,0.0
2014,3,GOBIERNO REGIONAL ANCASH,2258875.77,0.0,0.0,0.0,2258875.77,0.0,0.0,0.0,0.0,0.0,0.0,0.0,0.0,2014-03-01,0.0,0.0,0.0
2014,3,GOBIERNO REGIONAL APURIMAC,2496.19,0.0,0.0,0.0,2496.19,0.0,0.0,0.0,0.0,0.0,0.0,0.0,0.0,2014-03-01,0.0,0.0,0.0
2014,3,GOBIERNO REGIONAL AREQUIPA,405315.72,0.0,0.0,0.0,405315.72,0.0,0.0,0.0,0.0,0.0,0.0,0.0,0.0,2014-03-01,0.0,0.0,0.0
2014,3,GOBIERNO REGIONAL AYACUCHO,4808.18,0.0,0.0,0.0,4808.18,0.0,0.0,0.0,0.0,0.0,0.0,0.0,0.0,2014-03-01,0.0,0.0,0.0
2014,3,GOBIERNO REGIONAL CAJAMARCA,1244692.47,0.0,0.0,0.0,1244692.47,0.0,0.0,0.0,0.0,0.0,0.0,0.0,0.0,2014-03-01,0.0,0.0,0.0
2014,3,GOBIERNO REGIONAL CALLAO,428624.47,0.0,0.0,0.0,428624.47,0.0,0.0,0.0,0.0,0.0,0.0,0.0,0.0,2014-03-01,0.0,0.0,0.0
2014,3,GOBIERNO REGIONAL CUSCO,36939983.37,0.0,0.0,0.0,36939983.37,0.0,0.0,0.0,0.0,0.0,0.0,0.0,0.0,2014-03-01,0.0,0.0,0.0
2014,3,GOBIERNO REGIONAL HUANCAVELICA,991739.04,0.0,0.0,0.0,991739.04,0.0,0.0,0.0,0.0,0.0,0.0,0.0,0.0,2014-03-01,0.0,0.0,0.0
2014,3,GOBIERNO REGIONAL HUANUCO,31.03,0.0,0.0,0.0,31.03,0.0,0.0,0.0,0.0,0.0,0.0,0.0,0.0,2014-03-01,0.0,0.0,0.0
2014,3,GOBIERNO REGIONAL ICA,672292.73,0.0,0.0,0.0,672292.73,0.0,0.0,0.0,0.0,0.0,0.0,0.0,0.0,2014-03-01,0.0,0.0,0.0
2014,3,GOBIERNO REGIONAL JUNIN,326572.94,0.0,0.0,0.0,326572.94,0.0,0.0,0.0,0.0,0.0,0.0,0.0,0.0,2014-03-01,0.0,0.0,0.0
2014,3,GOBIERNO REGIONAL LA LIBERTAD,91153.90999999996,0.0,0.0,0.0,91153.90999999996,0.0,0.0,0.0,0.0,0.0,0.0,0.0,0.0,2014-03-01,0.0,0.0,0.0
2014,3,GOBIERNO REGIONAL LAMBAYEQUE,78.75,0.0,0.0,0.0,78.75,0.0,0.0,0.0,0.0,0.0,0.0,0.0,0.0,2014-03-01,0.0,0.0,0.0
2014,3,GOBIERNO REGIONAL LIMA,962440.45,0.0,0.0,0.0,962440.45,0.0,0.0,0.0,0.0,0.0,0.0,0.0,0.0,2014-03-01,0.0,0.0,0.0
2014,3,GOBIERNO REGIONAL LORETO,8901074.85,0.0,0.0,13587024.77,22488099.62,0.0,0.0,0.0,0.0,0.0,0.0,0.0,0.0,2014-03-01,0.0,0.0,0.0
2014,3,GOBIERNO REGIONAL MADRE DE DIOS,1084.45,0.0,0.0,0.0,1084.45,0.0,0.0,0.0,0.0,0.0,0.0,0.0,0.0,2014-03-01,0.0,0.0,0.0
2014,3,GOBIERNO REGIONAL MOQUEGUA,248529.19,0.0,0.0,0.0,248529.19,0.0,0.0,0.0,0.0,0.0,0.0,0.0,0.0,2014-03-01,0.0,0.0,0.0
2014,3,GOBIERNO REGIONAL PASCO,262615.0,0.0,0.0,0.0,262615.0,0.0,0.0,0.0,0.0,0.0,0.0,0.0,0.0,2014-03-01,0.0,0.0,0.0
2014,3,GOBIERNO REGIONAL PIURA,356083.95000000007,0.0,0.0,11316894.72,11672978.669999998,0.0,0.0,0.0,0.0,0.0,0.0,0.0,0.0,2014-03-01,0.0,0.0,0.0
2014,3,GOBIERNO REGIONAL PUNO,305543.47,0.0,0.0,0.0,305543.47,0.0,0.0,0.0,0.0,0.0,0.0,0.0,0.0,2014-03-01,0.0,0.0,0.0
2014,3,GOBIERNO REGIONAL SAN MARTIN,583.3199999999999,0.0,0.0,0.0,583.3199999999999,0.0,0.0,0.0,0.0,0.0,0.0,0.0,0.0,2014-03-01,0.0,0.0,0.0
2014,3,GOBIERNO REGIONAL TACNA,120459.91999999998,0.0,0.0,0.0,120459.91999999998,0.0,0.0,0.0,0.0,0.0,0.0,0.0,0.0,2014-03-01,0.0,0.0,0.0
2014,3,GOBIERNO REGIONAL TUMBES,23086.56,0.0,0.0,6537076.98,6560163.539999999,0.0,0.0,0.0,0.0,0.0,0.0,0.0,0.0,2014-03-01,0.0,0.0,0.0
2014,3,GOBIERNO REGIONAL UCAYALI,526.7,0.0,0.0,4678513.1,4679039.8,0.0,0.0,0.0,0.0,0.0,0.0,0.0,0.0,2014-03-01,0.0,0.0,0.0
2014,3,INSTITUTO DE INVESTIGACIONES DE LA AMAZONIA PERUANA,0.0,0.0,0.0,1105221.69,1105221.69,0.0,0.0,0.0,0.0,0.0,0.0,0.0,0.0,2014-03-01,0.0,0.0,0.0
2014,3,MUNICIPALIDAD METROPOLITANA DE LIMA,99165.26,0.0,0.0,0.0,99165.26,0.0,0.0,0.0,0.0,0.0,0.0,0.0,0.0,2014-03-01,0.0,0.0,0.0
2014,3,U.N. AGRARIA DE LA MOLINA,3023.99,0.0,0.0,0.0,3023.99,0.0,0.0,0.0,0.0,0.0,0.0,0.0,0.0,2014-03-01,0.0,0.0,0.0
2014,3,U.N. AGRARIA DE LA SELVA,242.76,0.0,0.0,0.0,242.76,0.0,0.0,0.0,0.0,0.0,0.0,0.0,0.0,2014-03-01,0.0,0.0,0.0
2014,3,U.N. AMAZONICA DE MADRE DE DIOS,244.79,0.0,0.0,0.0,244.79,0.0,0.0,0.0,0.0,0.0,0.0,0.0,0.0,2014-03-01,0.0,0.0,0.0
2014,3,U.N. AUTONOMA DE CHOTA,38252.53,0.0,0.0,0.0,38252.53,0.0,0.0,0.0,0.0,0.0,0.0,0.0,0.0,2014-03-01,0.0,0.0,0.0
2014,3,U.N. AUTONOMA DE HUANTA,1714.4299999999998,0.0,0.0,0.0,1714.4299999999998,0.0,0.0,0.0,0.0,0.0,0.0,0.0,0.0,2014-03-01,0.0,0.0,0.0
2014,3,U.N. DANIEL ALCIDES CARRION,90760.49,0.0,0.0,0.0,90760.49,0.0,0.0,0.0,0.0,0.0,0.0,0.0,0.0,2014-03-01,0.0,0.0,0.0
2014,3,U.N. DE BARRANCA,115729.92,0.0,0.0,0.0,115729.92,0.0,0.0,0.0,0.0,0.0,0.0,0.0,0.0,2014-03-01,0.0,0.0,0.0
2014,3,U.N. DE CAJAMARCA,42059.68,0.0,0.0,0.0,42059.68,0.0,0.0,0.0,0.0,0.0,0.0,0.0,0.0,2014-03-01,0.0,0.0,0.0
2014,3,U.N. DE CAÑETE,115355.06,0.0,0.0,0.0,115355.06,0.0,0.0,0.0,0.0,0.0,0.0,0.0,0.0,2014-03-01,0.0,0.0,0.0
2014,3,U.N. DE EDUCACION ENRIQUE GUZMAN Y VALLE,3023.98,0.0,0.0,0.0,3023.98,0.0,0.0,0.0,0.0,0.0,0.0,0.0,0.0,2014-03-01,0.0,0.0,0.0
2014,3,U.N. DE FRONTERA,44835.27,0.0,0.0,1532262.06,1577097.33,0.0,0.0,0.0,0.0,0.0,0.0,0.0,0.0,2014-03-01,0.0,0.0,0.0
2014,3,U.N. DE HUANCAVELICA,143951.72,0.0,0.0,0.0,143951.72,0.0,0.0,0.0,0.0,0.0,0.0,0.0,0.0,2014-03-01,0.0,0.0,0.0
2014,3,U.N. DE INGENIERIA,2916.08,0.0,0.0,0.0,2916.08,0.0,0.0,0.0,0.0,0.0,0.0,0.0,0.0,2014-03-01,0.0,0.0,0.0
2014,3,U.N. DE JAEN,41698.42,0.0,0.0,0.0,41698.42,0.0,0.0,0.0,0.0,0.0,0.0,0.0,0.0,2014-03-01,0.0,0.0,0.0
2014,3,U.N. DE JULIACA,34744.49,0.0,0.0,0.0,34744.49,0.0,0.0,0.0,0.0,0.0,0.0,0.0,0.0,2014-03-01,0.0,0.0,0.0
2014,3,U.N. DE LA AMAZONIA PERUANA,32.46,0.0,0.0,1310297.92,1310330.38,0.0,0.0,0.0,0.0,0.0,0.0,0.0,0.0,2014-03-01,0.0,0.0,0.0
2014,3,U.N. DE MOQUEGUA,109078.37,0.0,0.0,0.0,109078.37,0.0,0.0,0.0,0.0,0.0,0.0,0.0,0.0,2014-03-01,0.0,0.0,0.0
2014,3,U.N. DE PIURA,44835.27,0.0,0.0,1526621.08,1571456.35,0.0,0.0,0.0,0.0,0.0,0.0,0.0,0.0,2014-03-01,0.0,0.0,0.0
2014,3,U.N. DE SAN MARTIN,128.13,0.0,0.0,0.0,128.13,0.0,0.0,0.0,0.0,0.0,0.0,0.0,0.0,2014-03-01,0.0,0.0,0.0
2014,3,U.N. DE TUMBES,5778.08,0.0,0.0,1192284.03,1198062.11,0.0,0.0,0.0,0.0,0.0,0.0,0.0,0.0,2014-03-01,0.0,0.0,0.0
2014,3,U.N. DE UCAYALI,4.05,0.0,0.0,314020.06,314024.11,0.0,0.0,0.0,0.0,0.0,0.0,0.0,0.0,2014-03-01,0.0,0.0,0.0
2014,3,U.N. DEL ALTIPLANO,18772.91,0.0,0.0,0.0,18772.91,0.0,0.0,0.0,0.0,0.0,0.0,0.0,0.0,2014-03-01,0.0,0.0,0.0
2014,3,U.N. DEL CALLAO,109278.62,0.0,0.0,0.0,109278.62,0.0,0.0,0.0,0.0,0.0,0.0,0.0,0.0,2014-03-01,0.0,0.0,0.0
2014,3,U.N. DEL CENTRO DEL PERU,32100.52,0.0,0.0,0.0,32100.52,0.0,0.0,0.0,0.0,0.0,0.0,0.0,0.0,2014-03-01,0.0,0.0,0.0
2014,3,U.N. DEL SANTA,320299.0,0.0,0.0,0.0,320299.0,0.0,0.0,0.0,0.0,0.0,0.0,0.0,0.0,2014-03-01,0.0,0.0,0.0
2014,3,U.N. FEDERICO VILLARREAL,3023.99,0.0,0.0,0.0,3023.99,0.0,0.0,0.0,0.0,0.0,0.0,0.0,0.0,2014-03-01,0.0,0.0,0.0
2014,3,U.N. HERMILIO VALDIZAN,179.73000000000002,0.0,0.0,0.0,179.73000000000002,0.0,0.0,0.0,0.0,0.0,0.0,0.0,0.0,2014-03-01,0.0,0.0,0.0
2014,3,U.N. INTERCULTURAL DE LA SELVA CENTRAL JUAN SANTOS ATAHUALPA,32094.21,0.0,0.0,0.0,32094.21,0.0,0.0,0.0,0.0,0.0,0.0,0.0,0.0,2014-03-01,0.0,0.0,0.0
2014,3,U.N. JORGE BASADRE GROHMANN,79805.02999999998,0.0,0.0,0.0,79805.02999999998,0.0,0.0,0.0,0.0,0.0,0.0,0.0,0.0,2014-03-01,0.0,0.0,0.0
2014,3,U.N. JOSE FAUSTINO SANCHEZ CARRION,115729.93,0.0,0.0,0.0,115729.93,0.0,0.0,0.0,0.0,0.0,0.0,0.0,0.0,2014-03-01,0.0,0.0,0.0
2014,3,U.N. JOSE MARIA ARGUEDAS,731.16,0.0,0.0,0.0,731.16,0.0,0.0,0.0,0.0,0.0,0.0,0.0,0.0,2014-03-01,0.0,0.0,0.0
2014,3,U.N. MAYOR DE SAN MARCOS,2969.75,0.0,0.0,0.0,2969.75,0.0,0.0,0.0,0.0,0.0,0.0,0.0,0.0,2014-03-01,0.0,0.0,0.0
2014,3,U.N. MICAELA BASTIDAS DE APURIMAC,766.47,0.0,0.0,0.0,766.47,0.0,0.0,0.0,0.0,0.0,0.0,0.0,0.0,2014-03-01,0.0,0.0,0.0
2014,3,U.N. PEDRO RUIZ GALLO,52.35,0.0,0.0,0.0,52.35,0.0,0.0,0.0,0.0,0.0,0.0,0.0,0.0,2014-03-01,0.0,0.0,0.0
2014,3,U.N. SAN AGUSTIN,183274.36,0.0,0.0,0.0,183274.36,0.0,0.0,0.0,0.0,0.0,0.0,0.0,0.0,2014-03-01,0.0,0.0,0.0
2014,3,U.N. SAN ANTONIO ABAD,5055817.2700000005,0.0,0.0,0.0,5055817.2700000005,0.0,0.0,0.0,0.0,0.0,0.0,0.0,0.0,2014-03-01,0.0,0.0,0.0
2014,3,U.N. SAN CRISTOBAL DE HUAMANGA,4610.02,0.0,0.0,0.0,4610.02,0.0,0.0,0.0,0.0,0.0,0.0,0.0,0.0,2014-03-01,0.0,0.0,0.0
2014,3,U.N. SAN LUIS GONZAGA,199828.61,0.0,0.0,0.0,199828.61,0.0,0.0,0.0,0.0,0.0,0.0,0.0,0.0,2014-03-01,0.0,0.0,0.0
2014,3,U.N. SANTIAGO ANTUNEZ DE MAYOLO,316149.19,0.0,0.0,0.0,316149.19,0.0,0.0,0.0,0.0,0.0,0.0,0.0,0.0,2014-03-01,0.0,0.0,0.0
2014,3,U.N. TECNOLOGICA DE LIMA SUR,3024.0,0.0,0.0,0.0,3024.0,0.0,0.0,0.0,0.0,0.0,0.0,0.0,0.0,2014-03-01,0.0,0.0,0.0
2014,3,U.N. TORIBIO RODRIGUEZ DE MENDOZA DE AMAZONAS,1.22,0.0,0.0,0.0,1.22,0.0,0.0,0.0,0.0,0.0,0.0,0.0,0.0,2014-03-01,0.0,0.0,0.0
2014,3,U.N. TRUJILLO,152214.13999999998,0.0,0.0,0.0,152214.13999999998,0.0,0.0,0.0,0.0,0.0,0.0,0.0,0.0,2014-03-01,0.0,0.0,0.0
2014,3,UNIVERSIDAD NACIONAL INTERCULTURAL DE LA AMAZONIA,22.5,0.0,0.0,321346.52,321369.02,0.0,0.0,0.0,0.0,0.0,0.0,0.0,0.0,2014-03-01,0.0,0.0,0.0
2014,4, ,177710789.93,373660001.7,0.0,82634098.24,634004889.87,129443786.02,33287873.84,162731659.85999998,1828144974.35,205756041.87,0.112549083774473,0.3468023043935131,0.112549083774473,2014-04-01,18.907613149815894,0.01266729625847334,0.039032281610365795
2014,4,GOBIERNO REGIONAL AMAZONAS,521.36,0.0,0.0,0.0,521.36,0.0,0.0,0.0,0.0,0.0,0.0,0.0,0.0,2014-04-01,0.0,0.0,0.0
2014,4,GOBIERNO REGIONAL ANCASH,1200000.92,0.0,0.0,0.0,1200000.92,0.0,0.0,0.0,0.0,0.0,0.0,0.0,0.0,2014-04-01,0.0,0.0,0.0
2014,4,GOBIERNO REGIONAL APURIMAC,6016.02,0.0,0.0,0.0,6016.02,0.0,0.0,0.0,0.0,0.0,0.0,0.0,0.0,2014-04-01,0.0,0.0,0.0
2014,4,GOBIERNO REGIONAL AREQUIPA,1673655.83,0.0,0.0,0.0,1673655.83,0.0,0.0,0.0,0.0,0.0,0.0,0.0,0.0,2014-04-01,0.0,0.0,0.0
2014,4,GOBIERNO REGIONAL AYACUCHO,13555.75,0.0,0.0,0.0,13555.75,0.0,0.0,0.0,0.0,0.0,0.0,0.0,0.0,2014-04-01,0.0,0.0,0.0
2014,4,GOBIERNO REGIONAL CAJAMARCA,2622556.36,0.0,0.0,0.0,2622556.36,0.0,0.0,0.0,0.0,0.0,0.0,0.0,0.0,2014-04-01,0.0,0.0,0.0
2014,4,GOBIERNO REGIONAL CALLAO,209082.04,0.0,0.0,0.0,209082.04,0.0,0.0,0.0,0.0,0.0,0.0,0.0,0.0,2014-04-01,0.0,0.0,0.0
2014,4,GOBIERNO REGIONAL CUSCO,45747284.67,0.0,0.0,0.0,45747284.67,0.0,0.0,0.0,0.0,0.0,0.0,0.0,0.0,2014-04-01,0.0,0.0,0.0
2014,4,GOBIERNO REGIONAL HUANCAVELICA,675980.6699999999,0.0,0.0,0.0,675980.6699999999,0.0,0.0,0.0,0.0,0.0,0.0,0.0,0.0,2014-04-01,0.0,0.0,0.0
2014,4,GOBIERNO REGIONAL HUANUCO,793.26,0.0,0.0,0.0,793.26,0.0,0.0,0.0,0.0,0.0,0.0,0.0,0.0,2014-04-01,0.0,0.0,0.0
2014,4,GOBIERNO REGIONAL ICA,597736.6799999999,0.0,0.0,0.0,597736.6799999999,0.0,0.0,0.0,0.0,0.0,0.0,0.0,0.0,2014-04-01,0.0,0.0,0.0
2014,4,GOBIERNO REGIONAL JUNIN,352476.48,0.0,0.0,0.0,352476.48,0.0,0.0,0.0,0.0,0.0,0.0,0.0,0.0,2014-04-01,0.0,0.0,0.0
2014,4,GOBIERNO REGIONAL LA LIBERTAD,302320.05,0.0,0.0,0.0,302320.05,0.0,0.0,0.0,0.0,0.0,0.0,0.0,0.0,2014-04-01,0.0,0.0,0.0
2014,4,GOBIERNO REGIONAL LAMBAYEQUE,157.01,0.0,0.0,0.0,157.01,0.0,0.0,0.0,0.0,0.0,0.0,0.0,0.0,2014-04-01,0.0,0.0,0.0
2014,4,GOBIERNO REGIONAL LIMA,1045426.09,0.0,0.0,0.0,1045426.09,0.0,0.0,0.0,0.0,0.0,0.0,0.0,0.0,2014-04-01,0.0,0.0,0.0
2014,4,GOBIERNO REGIONAL LORETO,8902150.22,0.0,0.0,15140708.65,24042858.87,0.0,0.0,0.0,0.0,0.0,0.0,0.0,0.0,2014-04-01,0.0,0.0,0.0
2014,4,GOBIERNO REGIONAL MADRE DE DIOS,2567.95,0.0,0.0,0.0,2567.95,0.0,0.0,0.0,0.0,0.0,0.0,0.0,0.0,2014-04-01,0.0,0.0,0.0
2014,4,GOBIERNO REGIONAL MOQUEGUA,233937.19,0.0,0.0,0.0,233937.19,0.0,0.0,0.0,0.0,0.0,0.0,0.0,0.0,2014-04-01,0.0,0.0,0.0
2014,4,GOBIERNO REGIONAL PASCO,294086.61,0.0,0.0,0.0,294086.61,0.0,0.0,0.0,0.0,0.0,0.0,0.0,0.0,2014-04-01,0.0,0.0,0.0
2014,4,GOBIERNO REGIONAL PIURA,120598.17,0.0,0.0,16157107.84,16277706.01,0.0,0.0,0.0,0.0,0.0,0.0,0.0,0.0,2014-04-01,0.0,0.0,0.0
2014,4,GOBIERNO REGIONAL PUNO,213117.02,0.0,0.0,0.0,213117.02,0.0,0.0,0.0,0.0,0.0,0.0,0.0,0.0,2014-04-01,0.0,0.0,0.0
2014,4,GOBIERNO REGIONAL SAN MARTIN,1172.69,0.0,0.0,0.0,1172.69,0.0,0.0,0.0,0.0,0.0,0.0,0.0,0.0,2014-04-01,0.0,0.0,0.0
2014,4,GOBIERNO REGIONAL TACNA,169830.96,0.0,0.0,0.0,169830.96,0.0,0.0,0.0,0.0,0.0,0.0,0.0,0.0,2014-04-01,0.0,0.0,0.0
2014,4,GOBIERNO REGIONAL TUMBES,28.61,0.0,0.0,6233793.97,6233822.58,0.0,0.0,0.0,0.0,0.0,0.0,0.0,0.0,2014-04-01,0.0,0.0,0.0
2014,4,GOBIERNO REGIONAL UCAYALI,1048.52,0.0,0.0,5511392.91,5512441.43,0.0,0.0,0.0,0.0,0.0,0.0,0.0,0.0,2014-04-01,0.0,0.0,0.0
2014,4,INSTITUTO DE INVESTIGACIONES DE LA AMAZONIA PERUANA,0.0,0.0,0.0,1305209.49,1305209.49,0.0,0.0,0.0,0.0,0.0,0.0,0.0,0.0,2014-04-01,0.0,0.0,0.0
2014,4,MUNICIPALIDAD METROPOLITANA DE LIMA,102573.92,0.0,0.0,0.0,102573.92,0.0,0.0,0.0,0.0,0.0,0.0,0.0,0.0,2014-04-01,0.0,0.0,0.0
2014,4,U.N. AGRARIA DE LA MOLINA,3054.71,0.0,0.0,0.0,3054.71,0.0,0.0,0.0,0.0,0.0,0.0,0.0,0.0,2014-04-01,0.0,0.0,0.0
2014,4,U.N. AGRARIA DE LA SELVA,489.54,0.0,0.0,0.0,489.54,0.0,0.0,0.0,0.0,0.0,0.0,0.0,0.0,2014-04-01,0.0,0.0,0.0
2014,4,U.N. AMAZONICA DE MADRE DE DIOS,489.08,0.0,0.0,0.0,489.08,0.0,0.0,0.0,0.0,0.0,0.0,0.0,0.0,2014-04-01,0.0,0.0,0.0
2014,4,U.N. AUTONOMA DE CHOTA,69994.7,0.0,0.0,0.0,69994.7,0.0,0.0,0.0,0.0,0.0,0.0,0.0,0.0,2014-04-01,0.0,0.0,0.0
2014,4,U.N. AUTONOMA DE HUANTA,871.5600000000001,0.0,0.0,0.0,871.5600000000001,0.0,0.0,0.0,0.0,0.0,0.0,0.0,0.0,2014-04-01,0.0,0.0,0.0
2014,4,U.N. DANIEL ALCIDES CARRION,119806.73,0.0,0.0,0.0,119806.73,0.0,0.0,0.0,0.0,0.0,0.0,0.0,0.0,2014-04-01,0.0,0.0,0.0
2014,4,U.N. DE BARRANCA,89407.91,0.0,0.0,0.0,89407.91,0.0,0.0,0.0,0.0,0.0,0.0,0.0,0.0,2014-04-01,0.0,0.0,0.0
2014,4,U.N. DE CAJAMARCA,74415.75,0.0,0.0,0.0,74415.75,0.0,0.0,0.0,0.0,0.0,0.0,0.0,0.0,2014-04-01,0.0,0.0,0.0
2014,4,U.N. DE CAÑETE,88786.17,0.0,0.0,0.0,88786.17,0.0,0.0,0.0,0.0,0.0,0.0,0.0,0.0,2014-04-01,0.0,0.0,0.0
2014,4,U.N. DE EDUCACION ENRIQUE GUZMAN Y VALLE,3054.69,0.0,0.0,0.0,3054.69,0.0,0.0,0.0,0.0,0.0,0.0,0.0,0.0,2014-04-01,0.0,0.0,0.0
2014,4,U.N. DE FRONTERA,15296.32,0.0,0.0,1794000.5799999998,1809296.9,0.0,0.0,0.0,0.0,0.0,0.0,0.0,0.0,2014-04-01,0.0,0.0,0.0
2014,4,U.N. DE HUANCAVELICA,146664.43,0.0,0.0,0.0,146664.43,0.0,0.0,0.0,0.0,0.0,0.0,0.0,0.0,2014-04-01,0.0,0.0,0.0
2014,4,U.N. DE INGENIERIA,2837.07,0.0,0.0,0.0,2837.07,0.0,0.0,0.0,0.0,0.0,0.0,0.0,0.0,2014-04-01,0.0,0.0,0.0
2014,4,U.N. DE JAEN,74883.59999999999,0.0,0.0,0.0,74883.59999999999,0.0,0.0,0.0,0.0,0.0,0.0,0.0,0.0,2014-04-01,0.0,0.0,0.0
2014,4,U.N. DE JULIACA,58722.600000000006,0.0,0.0,0.0,58722.600000000006,0.0,0.0,0.0,0.0,0.0,0.0,0.0,0.0,2014-04-01,0.0,0.0,0.0
2014,4,U.N. DE LA AMAZONIA PERUANA,63.15,0.0,0.0,1579735.84,1579798.9899999998,0.0,0.0,0.0,0.0,0.0,0.0,0.0,0.0,2014-04-01,0.0,0.0,0.0
2014,4,U.N. DE MOQUEGUA,134880.99000000002,0.0,0.0,0.0,134880.99000000002,0.0,0.0,0.0,0.0,0.0,0.0,0.0,0.0,2014-04-01,0.0,0.0,0.0
2014,4,U.N. DE PIURA,15296.32,0.0,0.0,1794709.45,1810005.77,0.0,0.0,0.0,0.0,0.0,0.0,0.0,0.0,2014-04-01,0.0,0.0,0.0
2014,4,U.N. DE SAN MARTIN,273.13,0.0,0.0,0.0,273.13,0.0,0.0,0.0,0.0,0.0,0.0,0.0,0.0,2014-04-01,0.0,0.0,0.0
2014,4,U.N. DE TUMBES,20.19,0.0,0.0,1213152.69,1213172.88,0.0,0.0,0.0,0.0,0.0,0.0,0.0,0.0,2014-04-01,0.0,0.0,0.0
2014,4,U.N. DE UCAYALI,19.49,0.0,0.0,363212.88,363232.37,0.0,0.0,0.0,0.0,0.0,0.0,0.0,0.0,2014-04-01,0.0,0.0,0.0
2014,4,U.N. DEL ALTIPLANO,32083.640000000003,0.0,0.0,0.0,32083.640000000003,0.0,0.0,0.0,0.0,0.0,0.0,0.0,0.0,2014-04-01,0.0,0.0,0.0
2014,4,U.N. DEL CALLAO,56659.41,0.0,0.0,0.0,56659.41,0.0,0.0,0.0,0.0,0.0,0.0,0.0,0.0,2014-04-01,0.0,0.0,0.0
2014,4,U.N. DEL CENTRO DEL PERU,37935.84,0.0,0.0,0.0,37935.84,0.0,0.0,0.0,0.0,0.0,0.0,0.0,0.0,2014-04-01,0.0,0.0,0.0
2014,4,U.N. DEL SANTA,286943.09,0.0,0.0,0.0,286943.09,0.0,0.0,0.0,0.0,0.0,0.0,0.0,0.0,2014-04-01,0.0,0.0,0.0
2014,4,U.N. FEDERICO VILLARREAL,3054.71,0.0,0.0,0.0,3054.71,0.0,0.0,0.0,0.0,0.0,0.0,0.0,0.0,2014-04-01,0.0,0.0,0.0
2014,4,U.N. HERMILIO VALDIZAN,448.81,0.0,0.0,0.0,448.81,0.0,0.0,0.0,0.0,0.0,0.0,0.0,0.0,2014-04-01,0.0,0.0,0.0
2014,4,U.N. INTERCULTURAL DE LA SELVA CENTRAL JUAN SANTOS ATAHUALPA,37885.28,0.0,0.0,0.0,37885.28,0.0,0.0,0.0,0.0,0.0,0.0,0.0,0.0,2014-04-01,0.0,0.0,0.0
2014,4,U.N. JORGE BASADRE GROHMANN,154760.31,0.0,0.0,0.0,154760.31,0.0,0.0,0.0,0.0,0.0,0.0,0.0,0.0,2014-04-01,0.0,0.0,0.0
2014,4,U.N. JOSE FAUSTINO SANCHEZ CARRION,89407.93,0.0,0.0,0.0,89407.93,0.0,0.0,0.0,0.0,0.0,0.0,0.0,0.0,2014-04-01,0.0,0.0,0.0
2014,4,U.N. JOSE MARIA ARGUEDAS,1540.99,0.0,0.0,0.0,1540.99,0.0,0.0,0.0,0.0,0.0,0.0,0.0,0.0,2014-04-01,0.0,0.0,0.0
2014,4,U.N. MAYOR DE SAN MARCOS,2931.23,0.0,0.0,0.0,2931.23,0.0,0.0,0.0,0.0,0.0,0.0,0.0,0.0,2014-04-01,0.0,0.0,0.0
2014,4,U.N. MICAELA BASTIDAS DE APURIMAC,1566.28,0.0,0.0,0.0,1566.28,0.0,0.0,0.0,0.0,0.0,0.0,0.0,0.0,2014-04-01,0.0,0.0,0.0
2014,4,U.N. PEDRO RUIZ GALLO,105.08,0.0,0.0,0.0,105.08,0.0,0.0,0.0,0.0,0.0,0.0,0.0,0.0,2014-04-01,0.0,0.0,0.0
2014,4,U.N. SAN AGUSTIN,276275.58,0.0,0.0,0.0,276275.58,0.0,0.0,0.0,0.0,0.0,0.0,0.0,0.0,2014-04-01,0.0,0.0,0.0
2014,4,U.N. SAN ANTONIO ABAD,5257683.75,0.0,0.0,0.0,5257683.75,0.0,0.0,0.0,0.0,0.0,0.0,0.0,0.0,2014-04-01,0.0,0.0,0.0
2014,4,U.N. SAN CRISTOBAL DE HUAMANGA,9302.92,0.0,0.0,0.0,9302.92,0.0,0.0,0.0,0.0,0.0,0.0,0.0,0.0,2014-04-01,0.0,0.0,0.0
2014,4,U.N. SAN LUIS GONZAGA,207657.92,0.0,0.0,0.0,207657.92,0.0,0.0,0.0,0.0,0.0,0.0,0.0,0.0,2014-04-01,0.0,0.0,0.0
2014,4,U.N. SANTIAGO ANTUNEZ DE MAYOLO,280949.07,0.0,0.0,0.0,280949.07,0.0,0.0,0.0,0.0,0.0,0.0,0.0,0.0,2014-04-01,0.0,0.0,0.0
2014,4,U.N. TECNOLOGICA DE LIMA SUR,3054.71,0.0,0.0,0.0,3054.71,0.0,0.0,0.0,0.0,0.0,0.0,0.0,0.0,2014-04-01,0.0,0.0,0.0
2014,4,U.N. TORIBIO RODRIGUEZ DE MENDOZA DE AMAZONAS,2.2,0.0,0.0,0.0,2.2,0.0,0.0,0.0,0.0,0.0,0.0,0.0,0.0,2014-04-01,0.0,0.0,0.0
2014,4,U.N. TRUJILLO,129524.48,0.0,0.0,0.0,129524.48,0.0,0.0,0.0,0.0,0.0,0.0,0.0,0.0,2014-04-01,0.0,0.0,0.0
2014,4,UNIVERSIDAD NACIONAL INTERCULTURAL DE LA AMAZONIA,43.6,0.0,0.0,376786.28,376829.88,0.0,0.0,0.0,0.0,0.0,0.0,0.0,0.0,2014-04-01,0.0,0.0,0.0
2014,5, ,161677355.6,425104503.66,0.0,75038191.69,661820050.95,122602299.54,35021700.81,157624000.35000002,1374867770.97,207178470.15,0.1506897423334252,0.4813699651153151,0.1506897423334252,2014-05-01,18.875723016622626,0.022707398444514075,0.0725375160102767
2014,5,GOBIERNO REGIONAL AMAZONAS,38.54,0.0,0.0,0.0,38.54,0.0,0.0,0.0,0.0,0.0,0.0,0.0,0.0,2014-05-01,0.0,0.0,0.0
2014,5,GOBIERNO REGIONAL ANCASH,794541.5000000001,0.0,0.0,0.0,794541.5000000001,0.0,0.0,0.0,0.0,0.0,0.0,0.0,0.0,2014-05-01,0.0,0.0,0.0
2014,5,GOBIERNO REGIONAL APURIMAC,141.51,0.0,0.0,0.0,141.51,0.0,0.0,0.0,0.0,0.0,0.0,0.0,0.0,2014-05-01,0.0,0.0,0.0
2014,5,GOBIERNO REGIONAL AREQUIPA,200553.83,0.0,0.0,0.0,200553.83,0.0,0.0,0.0,0.0,0.0,0.0,0.0,0.0,2014-05-01,0.0,0.0,0.0
2014,5,GOBIERNO REGIONAL AYACUCHO,260.51,0.0,0.0,0.0,260.51,0.0,0.0,0.0,0.0,0.0,0.0,0.0,0.0,2014-05-01,0.0,0.0,0.0
2014,5,GOBIERNO REGIONAL CAJAMARCA,4218101.78,0.0,0.0,0.0,4218101.78,0.0,0.0,0.0,0.0,0.0,0.0,0.0,0.0,2014-05-01,0.0,0.0,0.0
2014,5,GOBIERNO REGIONAL CALLAO,208187.43,0.0,0.0,0.0,208187.43,0.0,0.0,0.0,0.0,0.0,0.0,0.0,0.0,2014-05-01,0.0,0.0,0.0
2014,5,GOBIERNO REGIONAL CUSCO,41165992.99,0.0,0.0,0.0,41165992.99,0.0,0.0,0.0,0.0,0.0,0.0,0.0,0.0,2014-05-01,0.0,0.0,0.0
2014,5,GOBIERNO REGIONAL HUANCAVELICA,1723109.51,0.0,0.0,0.0,1723109.51,0.0,0.0,0.0,0.0,0.0,0.0,0.0,0.0,2014-05-01,0.0,0.0,0.0
2014,5,GOBIERNO REGIONAL HUANUCO,7.79,0.0,0.0,0.0,7.79,0.0,0.0,0.0,0.0,0.0,0.0,0.0,0.0,2014-05-01,0.0,0.0,0.0
2014,5,GOBIERNO REGIONAL ICA,409440.29,0.0,0.0,0.0,409440.29,0.0,0.0,0.0,0.0,0.0,0.0,0.0,0.0,2014-05-01,0.0,0.0,0.0
2014,5,GOBIERNO REGIONAL JUNIN,314604.1,0.0,0.0,0.0,314604.1,0.0,0.0,0.0,0.0,0.0,0.0,0.0,0.0,2014-05-01,0.0,0.0,0.0
2014,5,GOBIERNO REGIONAL LA LIBERTAD,5891.510000000009,0.0,0.0,0.0,5891.510000000009,0.0,0.0,0.0,0.0,0.0,0.0,0.0,0.0,2014-05-01,0.0,0.0,0.0
2014,5,GOBIERNO REGIONAL LAMBAYEQUE,13.62,0.0,0.0,0.0,13.62,0.0,0.0,0.0,0.0,0.0,0.0,0.0,0.0,2014-05-01,0.0,0.0,0.0
2014,5,GOBIERNO REGIONAL LIMA,691096.0499999999,0.0,0.0,0.0,691096.0499999999,0.0,0.0,0.0,0.0,0.0,0.0,0.0,0.0,2014-05-01,0.0,0.0,0.0
2014,5,GOBIERNO REGIONAL LORETO,8900176.7,0.0,0.0,15018199.56,23918376.26,0.0,0.0,0.0,0.0,0.0,0.0,0.0,0.0,2014-05-01,0.0,0.0,0.0
2014,5,GOBIERNO REGIONAL MADRE DE DIOS,146.33999999999995,0.0,0.0,0.0,146.33999999999995,0.0,0.0,0.0,0.0,0.0,0.0,0.0,0.0,2014-05-01,0.0,0.0,0.0
2014,5,GOBIERNO REGIONAL MOQUEGUA,75415.73999999999,0.0,0.0,0.0,75415.73999999999,0.0,0.0,0.0,0.0,0.0,0.0,0.0,0.0,2014-05-01,0.0,0.0,0.0
2014,5,GOBIERNO REGIONAL PASCO,259959.47,0.0,0.0,0.0,259959.47,0.0,0.0,0.0,0.0,0.0,0.0,0.0,0.0,2014-05-01,0.0,0.0,0.0
2014,5,GOBIERNO REGIONAL PIURA,108238.41,0.0,0.0,13506982.33,13615220.74,0.0,0.0,0.0,0.0,0.0,0.0,0.0,0.0,2014-05-01,0.0,0.0,0.0
2014,5,GOBIERNO REGIONAL PUNO,136244.85,0.0,0.0,0.0,136244.85,0.0,0.0,0.0,0.0,0.0,0.0,0.0,0.0,2014-05-01,0.0,0.0,0.0
2014,5,GOBIERNO REGIONAL SAN MARTIN,89.97999999999999,0.0,0.0,0.0,89.97999999999999,0.0,0.0,0.0,0.0,0.0,0.0,0.0,0.0,2014-05-01,0.0,0.0,0.0
2014,5,GOBIERNO REGIONAL TACNA,136029.54,0.0,0.0,0.0,136029.54,0.0,0.0,0.0,0.0,0.0,0.0,0.0,0.0,2014-05-01,0.0,0.0,0.0
2014,5,GOBIERNO REGIONAL TUMBES,9.68,0.0,0.0,5196702.87,5196712.55,0.0,0.0,0.0,0.0,0.0,0.0,0.0,0.0,2014-05-01,0.0,0.0,0.0
2014,5,GOBIERNO REGIONAL UCAYALI,92.15,0.0,0.0,7614901.08,7614993.23,0.0,0.0,0.0,0.0,0.0,0.0,0.0,0.0,2014-05-01,0.0,0.0,0.0
2014,5,INSTITUTO DE INVESTIGACIONES DE LA AMAZONIA PERUANA,0.0,0.0,0.0,1134455.9,1134455.9,0.0,0.0,0.0,0.0,0.0,0.0,0.0,0.0,2014-05-01,0.0,0.0,0.0
2014,5,MUNICIPALIDAD METROPOLITANA DE LIMA,83712.95999999999,0.0,0.0,0.0,83712.95999999999,0.0,0.0,0.0,0.0,0.0,0.0,0.0,0.0,2014-05-01,0.0,0.0,0.0
2014,5,U.N. AGRARIA DE LA MOLINA,2606.59,0.0,0.0,0.0,2606.59,0.0,0.0,0.0,0.0,0.0,0.0,0.0,0.0,2014-05-01,0.0,0.0,0.0
2014,5,U.N. AGRARIA DE LA SELVA,35.64,0.0,0.0,0.0,35.64,0.0,0.0,0.0,0.0,0.0,0.0,0.0,0.0,2014-05-01,0.0,0.0,0.0
2014,5,U.N. AMAZONICA DE MADRE DE DIOS,41.31,0.0,0.0,0.0,41.31,0.0,0.0,0.0,0.0,0.0,0.0,0.0,0.0,2014-05-01,0.0,0.0,0.0
2014,5,U.N. AUTONOMA DE CHOTA,12032.22,0.0,0.0,0.0,12032.22,0.0,0.0,0.0,0.0,0.0,0.0,0.0,0.0,2014-05-01,0.0,0.0,0.0
2014,5,U.N. AUTONOMA DE HUANTA,647.37,0.0,0.0,0.0,647.37,0.0,0.0,0.0,0.0,0.0,0.0,0.0,0.0,2014-05-01,0.0,0.0,0.0
2014,5,U.N. DANIEL ALCIDES CARRION,67129.32,0.0,0.0,0.0,67129.32,0.0,0.0,0.0,0.0,0.0,0.0,0.0,0.0,2014-05-01,0.0,0.0,0.0
2014,5,U.N. DE BARRANCA,69806.67,0.0,0.0,0.0,69806.67,0.0,0.0,0.0,0.0,0.0,0.0,0.0,0.0,2014-05-01,0.0,0.0,0.0
2014,5,U.N. DE CAJAMARCA,12834.56,0.0,0.0,0.0,12834.56,0.0,0.0,0.0,0.0,0.0,0.0,0.0,0.0,2014-05-01,0.0,0.0,0.0
2014,5,U.N. DE CAÑETE,69324.06,0.0,0.0,0.0,69324.06,0.0,0.0,0.0,0.0,0.0,0.0,0.0,0.0,2014-05-01,0.0,0.0,0.0
2014,5,U.N. DE EDUCACION ENRIQUE GUZMAN Y VALLE,2606.58,0.0,0.0,0.0,2606.58,0.0,0.0,0.0,0.0,0.0,0.0,0.0,0.0,2014-05-01,0.0,0.0,0.0
2014,5,U.N. DE FRONTERA,13663.83,0.0,0.0,1585599.41,1599263.24,0.0,0.0,0.0,0.0,0.0,0.0,0.0,0.0,2014-05-01,0.0,0.0,0.0
2014,5,U.N. DE HUANCAVELICA,140971.47999999998,0.0,0.0,0.0,140971.47999999998,0.0,0.0,0.0,0.0,0.0,0.0,0.0,0.0,2014-05-01,0.0,0.0,0.0
2014,5,U.N. DE INGENIERIA,2590.94,0.0,0.0,0.0,2590.94,0.0,0.0,0.0,0.0,0.0,0.0,0.0,0.0,2014-05-01,0.0,0.0,0.0
2014,5,U.N. DE JAEN,13757.06,0.0,0.0,0.0,13757.06,0.0,0.0,0.0,0.0,0.0,0.0,0.0,0.0,2014-05-01,0.0,0.0,0.0
2014,5,U.N. DE JULIACA,15395.74,0.0,0.0,0.0,15395.74,0.0,0.0,0.0,0.0,0.0,0.0,0.0,0.0,2014-05-01,0.0,0.0,0.0
2014,5,U.N. DE LA AMAZONIA PERUANA,7.23,0.0,0.0,1353555.93,1353563.16,0.0,0.0,0.0,0.0,0.0,0.0,0.0,0.0,2014-05-01,0.0,0.0,0.0
2014,5,U.N. DE MOQUEGUA,26312.0,0.0,0.0,0.0,26312.0,0.0,0.0,0.0,0.0,0.0,0.0,0.0,0.0,2014-05-01,0.0,0.0,0.0
2014,5,U.N. DE PIURA,13663.83,0.0,0.0,1581027.55,1594691.38,0.0,0.0,0.0,0.0,0.0,0.0,0.0,0.0,2014-05-01,0.0,0.0,0.0
2014,5,U.N. DE SAN MARTIN,9.91,0.0,0.0,0.0,9.91,0.0,0.0,0.0,0.0,0.0,0.0,0.0,0.0,2014-05-01,0.0,0.0,0.0
2014,5,U.N. DE TUMBES,3.29,0.0,0.0,1056075.25,1056078.54,0.0,0.0,0.0,0.0,0.0,0.0,0.0,0.0,2014-05-01,0.0,0.0,0.0
2014,5,U.N. DE UCAYALI,2.53,0.0,0.0,306754.64,306757.17000000004,0.0,0.0,0.0,0.0,0.0,0.0,0.0,0.0,2014-05-01,0.0,0.0,0.0
2014,5,U.N. DEL ALTIPLANO,12430.48,0.0,0.0,0.0,12430.48,0.0,0.0,0.0,0.0,0.0,0.0,0.0,0.0,2014-05-01,0.0,0.0,0.0
2014,5,U.N. DEL CALLAO,52281.43,0.0,0.0,0.0,52281.43,0.0,0.0,0.0,0.0,0.0,0.0,0.0,0.0,2014-05-01,0.0,0.0,0.0
2014,5,U.N. DEL CENTRO DEL PERU,27020.97,0.0,0.0,0.0,27020.97,0.0,0.0,0.0,0.0,0.0,0.0,0.0,0.0,2014-05-01,0.0,0.0,0.0
2014,5,U.N. DEL SANTA,108884.55,0.0,0.0,0.0,108884.55,0.0,0.0,0.0,0.0,0.0,0.0,0.0,0.0,2014-05-01,0.0,0.0,0.0
2014,5,U.N. FEDERICO VILLARREAL,2606.59,0.0,0.0,0.0,2606.59,0.0,0.0,0.0,0.0,0.0,0.0,0.0,0.0,2014-05-01,0.0,0.0,0.0
2014,5,U.N. HERMILIO VALDIZAN,16.799999999999997,0.0,0.0,0.0,16.799999999999997,0.0,0.0,0.0,0.0,0.0,0.0,0.0,0.0,2014-05-01,0.0,0.0,0.0
2014,5,U.N. INTERCULTURAL DE LA SELVA CENTRAL JUAN SANTOS ATAHUALPA,26956.02,0.0,0.0,0.0,26956.02,0.0,0.0,0.0,0.0,0.0,0.0,0.0,0.0,2014-05-01,0.0,0.0,0.0
2014,5,U.N. JORGE BASADRE GROHMANN,13521.99,0.0,0.0,0.0,13521.99,0.0,0.0,0.0,0.0,0.0,0.0,0.0,0.0,2014-05-01,0.0,0.0,0.0
2014,5,U.N. JOSE FAUSTINO SANCHEZ CARRION,69806.65,0.0,0.0,0.0,69806.65,0.0,0.0,0.0,0.0,0.0,0.0,0.0,0.0,2014-05-01,0.0,0.0,0.0
2014,5,U.N. JOSE MARIA ARGUEDAS,88.32000000000001,0.0,0.0,0.0,88.32000000000001,0.0,0.0,0.0,0.0,0.0,0.0,0.0,0.0,2014-05-01,0.0,0.0,0.0
2014,5,U.N. MAYOR DE SAN MARCOS,2569.31,0.0,0.0,0.0,2569.31,0.0,0.0,0.0,0.0,0.0,0.0,0.0,0.0,2014-05-01,0.0,0.0,0.0
2014,5,U.N. MICAELA BASTIDAS DE APURIMAC,107.27,0.0,0.0,0.0,107.27,0.0,0.0,0.0,0.0,0.0,0.0,0.0,0.0,2014-05-01,0.0,0.0,0.0
2014,5,U.N. PEDRO RUIZ GALLO,8.200000000000001,0.0,0.0,0.0,8.200000000000001,0.0,0.0,0.0,0.0,0.0,0.0,0.0,0.0,2014-05-01,0.0,0.0,0.0
2014,5,U.N. SAN AGUSTIN,63932.31999999999,0.0,0.0,0.0,63932.31999999999,0.0,0.0,0.0,0.0,0.0,0.0,0.0,0.0,2014-05-01,0.0,0.0,0.0
2014,5,U.N. SAN ANTONIO ABAD,4803082.73,0.0,0.0,0.0,4803082.73,0.0,0.0,0.0,0.0,0.0,0.0,0.0,0.0,2014-05-01,0.0,0.0,0.0
2014,5,U.N. SAN CRISTOBAL DE HUAMANGA,671.5400000000001,0.0,0.0,0.0,671.5400000000001,0.0,0.0,0.0,0.0,0.0,0.0,0.0,0.0,2014-05-01,0.0,0.0,0.0
2014,5,U.N. SAN LUIS GONZAGA,106694.12,0.0,0.0,0.0,106694.12,0.0,0.0,0.0,0.0,0.0,0.0,0.0,0.0,2014-05-01,0.0,0.0,0.0
2014,5,U.N. SANTIAGO ANTUNEZ DE MAYOLO,107992.13,0.0,0.0,0.0,107992.13,0.0,0.0,0.0,0.0,0.0,0.0,0.0,0.0,2014-05-01,0.0,0.0,0.0
2014,5,U.N. TECNOLOGICA DE LIMA SUR,2606.58,0.0,0.0,0.0,2606.58,0.0,0.0,0.0,0.0,0.0,0.0,0.0,0.0,2014-05-01,0.0,0.0,0.0
2014,5,U.N. TORIBIO RODRIGUEZ DE MENDOZA DE AMAZONAS,0.3,0.0,0.0,0.0,0.3,0.0,0.0,0.0,0.0,0.0,0.0,0.0,0.0,2014-05-01,0.0,0.0,0.0
2014,5,U.N. TRUJILLO,43907.51,0.0,0.0,0.0,43907.51,0.0,0.0,0.0,0.0,0.0,0.0,0.0,0.0,2014-05-01,0.0,0.0,0.0
2014,5,UNIVERSIDAD NACIONAL INTERCULTURAL DE LA AMAZONIA,5.2,0.0,0.0,307842.6,307847.8,0.0,0.0,0.0,0.0,0.0,0.0,0.0,0.0,2014-05-01,0.0,0.0,0.0
2014,6, ,2350043830.16,430021872.96,0.0,69199080.61,2849264783.73,134166919.23,28820824.59,162987743.82,3562853666.75,252273552.89,0.0708065995649272,0.7997142319709895,0.0708065995649272,2014-06-01,18.909185570791117,0.005013574541947949,0.056625045389543154
2014,6,GOBIERNO REGIONAL AMAZONAS,161.68,0.0,0.0,0.0,161.68,0.0,0.0,0.0,0.0,0.0,0.0,0.0,0.0,2014-06-01,0.0,0.0,0.0
2014,6,GOBIERNO REGIONAL ANCASH,84177432.72,0.0,0.0,0.0,84177432.72,0.0,0.0,0.0,0.0,0.0,0.0,0.0,0.0,2014-06-01,0.0,0.0,0.0
2014,6,GOBIERNO REGIONAL APURIMAC,468391.71,0.0,0.0,0.0,468391.71,0.0,0.0,0.0,0.0,0.0,0.0,0.0,0.0,2014-06-01,0.0,0.0,0.0
2014,6,GOBIERNO REGIONAL AREQUIPA,74207872.74000001,0.0,0.0,0.0,74207872.74000001,0.0,0.0,0.0,0.0,0.0,0.0,0.0,0.0,2014-06-01,0.0,0.0,0.0
2014,6,GOBIERNO REGIONAL AYACUCHO,1700.7199999998977,0.0,0.0,0.0,1700.7199999998977,0.0,0.0,0.0,0.0,0.0,0.0,0.0,0.0,2014-06-01,0.0,0.0,0.0
2014,6,GOBIERNO REGIONAL CAJAMARCA,25409430.15,0.0,0.0,0.0,25409430.15,0.0,0.0,0.0,0.0,0.0,0.0,0.0,0.0,2014-06-01,0.0,0.0,0.0
2014,6,GOBIERNO REGIONAL CALLAO,1532.62,0.0,0.0,0.0,1532.62,0.0,0.0,0.0,0.0,0.0,0.0,0.0,0.0,2014-06-01,0.0,0.0,0.0
2014,6,GOBIERNO REGIONAL CUSCO,46326576.52,0.0,0.0,0.0,46326576.52,0.0,0.0,0.0,0.0,0.0,0.0,0.0,0.0,2014-06-01,0.0,0.0,0.0
2014,6,GOBIERNO REGIONAL HUANCAVELICA,483145.53,0.0,0.0,0.0,483145.53,0.0,0.0,0.0,0.0,0.0,0.0,0.0,0.0,2014-06-01,0.0,0.0,0.0
2014,6,GOBIERNO REGIONAL HUANUCO,25116.82,0.0,0.0,0.0,25116.82,0.0,0.0,0.0,0.0,0.0,0.0,0.0,0.0,2014-06-01,0.0,0.0,0.0
2014,6,GOBIERNO REGIONAL ICA,30186338.78,0.0,0.0,0.0,30186338.78,0.0,0.0,0.0,0.0,0.0,0.0,0.0,0.0,2014-06-01,0.0,0.0,0.0
2014,6,GOBIERNO REGIONAL JUNIN,4052200.4299999992,0.0,0.0,0.0,4052200.4299999992,0.0,0.0,0.0,0.0,0.0,0.0,0.0,0.0,2014-06-01,0.0,0.0,0.0
2014,6,GOBIERNO REGIONAL LA LIBERTAD,42102032.44999999,0.0,0.0,0.0,42102032.44999999,0.0,0.0,0.0,0.0,0.0,0.0,0.0,0.0,2014-06-01,0.0,0.0,0.0
2014,6,GOBIERNO REGIONAL LAMBAYEQUE,265.56,0.0,0.0,0.0,265.56,0.0,0.0,0.0,0.0,0.0,0.0,0.0,0.0,2014-06-01,0.0,0.0,0.0
2014,6,GOBIERNO REGIONAL LIMA,1807417.01,0.0,0.0,0.0,1807417.01,0.0,0.0,0.0,0.0,0.0,0.0,0.0,0.0,2014-06-01,0.0,0.0,0.0
2014,6,GOBIERNO REGIONAL LORETO,8158992.16,0.0,0.0,14702926.83,22861918.99,0.0,0.0,0.0,0.0,0.0,0.0,0.0,0.0,2014-06-01,0.0,0.0,0.0
2014,6,GOBIERNO REGIONAL MADRE DE DIOS,158496.3,0.0,0.0,0.0,158496.3,0.0,0.0,0.0,0.0,0.0,0.0,0.0,0.0,2014-06-01,0.0,0.0,0.0
2014,6,GOBIERNO REGIONAL MOQUEGUA,12350858.810000004,0.0,0.0,0.0,12350858.810000004,0.0,0.0,0.0,0.0,0.0,0.0,0.0,0.0,2014-06-01,0.0,0.0,0.0
2014,6,GOBIERNO REGIONAL PASCO,11599670.27,0.0,0.0,0.0,11599670.27,0.0,0.0,0.0,0.0,0.0,0.0,0.0,0.0,2014-06-01,0.0,0.0,0.0
2014,6,GOBIERNO REGIONAL PIURA,828560.8300000001,0.0,0.0,12657517.37,13486078.2,0.0,0.0,0.0,0.0,0.0,0.0,0.0,0.0,2014-06-01,0.0,0.0,0.0
2014,6,GOBIERNO REGIONAL PUNO,15174901.020000003,0.0,0.0,0.0,15174901.020000003,0.0,0.0,0.0,0.0,0.0,0.0,0.0,0.0,2014-06-01,0.0,0.0,0.0
2014,6,GOBIERNO REGIONAL SAN MARTIN,170964.83,0.0,0.0,0.0,170964.83,0.0,0.0,0.0,0.0,0.0,0.0,0.0,0.0,2014-06-01,0.0,0.0,0.0
2014,6,GOBIERNO REGIONAL TACNA,39280742.2,0.0,0.0,0.0,39280742.2,0.0,0.0,0.0,0.0,0.0,0.0,0.0,0.0,2014-06-01,0.0,0.0,0.0
2014,6,GOBIERNO REGIONAL TUMBES,22.630000000000003,0.0,0.0,9788554.29,9788576.920000002,0.0,0.0,0.0,0.0,0.0,0.0,0.0,0.0,2014-06-01,0.0,0.0,0.0
2014,6,GOBIERNO REGIONAL UCAYALI,334.75,0.0,0.0,3632427.13,3632761.88,0.0,0.0,0.0,0.0,0.0,0.0,0.0,0.0,2014-06-01,0.0,0.0,0.0
2014,6,INSTITUTO DE INVESTIGACIONES DE LA AMAZONIA PERUANA,0.0,0.0,0.0,1267816.91,1267816.91,0.0,0.0,0.0,0.0,0.0,0.0,0.0,0.0,2014-06-01,0.0,0.0,0.0
2014,6,MUNICIPALIDAD METROPOLITANA DE LIMA,1066378.17,0.0,0.0,0.0,1066378.17,0.0,0.0,0.0,0.0,0.0,0.0,0.0,0.0,2014-06-01,0.0,0.0,0.0
2014,6,U.N. AGRARIA DE LA MOLINA,33280.810000000005,0.0,0.0,0.0,33280.810000000005,0.0,0.0,0.0,0.0,0.0,0.0,0.0,0.0,2014-06-01,0.0,0.0,0.0
2014,6,U.N. AGRARIA DE LA SELVA,3287.32,0.0,0.0,0.0,3287.32,0.0,0.0,0.0,0.0,0.0,0.0,0.0,0.0,2014-06-01,0.0,0.0,0.0
2014,6,U.N. AMAZONICA DE MADRE DE DIOS,39607.7,0.0,0.0,0.0,39607.7,0.0,0.0,0.0,0.0,0.0,0.0,0.0,0.0,2014-06-01,0.0,0.0,0.0
2014,6,U.N. AUTONOMA DE CHOTA,5872298.34,0.0,0.0,0.0,5872298.34,0.0,0.0,0.0,0.0,0.0,0.0,0.0,0.0,2014-06-01,0.0,0.0,0.0
2014,6,U.N. AUTONOMA DE HUANTA,81551.02,0.0,0.0,0.0,81551.02,0.0,0.0,0.0,0.0,0.0,0.0,0.0,0.0,2014-06-01,0.0,0.0,0.0
2014,6,U.N. DANIEL ALCIDES CARRION,3218859.0,0.0,0.0,0.0,3218859.0,0.0,0.0,0.0,0.0,0.0,0.0,0.0,0.0,2014-06-01,0.0,0.0,0.0
2014,6,U.N. DE BARRANCA,816713.4400000001,0.0,0.0,0.0,816713.4400000001,0.0,0.0,0.0,0.0,0.0,0.0,0.0,0.0,2014-06-01,0.0,0.0,0.0
2014,6,U.N. DE CAJAMARCA,5876264.909999999,0.0,0.0,0.0,5876264.909999999,0.0,0.0,0.0,0.0,0.0,0.0,0.0,0.0,2014-06-01,0.0,0.0,0.0
2014,6,U.N. DE CAÑETE,815949.39,0.0,0.0,0.0,815949.39,0.0,0.0,0.0,0.0,0.0,0.0,0.0,0.0,2014-06-01,0.0,0.0,0.0
2014,6,U.N. DE EDUCACION ENRIQUE GUZMAN Y VALLE,33280.8,0.0,0.0,0.0,33280.8,0.0,0.0,0.0,0.0,0.0,0.0,0.0,0.0,2014-06-01,0.0,0.0,0.0
2014,6,U.N. DE FRONTERA,104132.26,0.0,0.0,1395850.26,1499982.52,0.0,0.0,0.0,0.0,0.0,0.0,0.0,0.0,2014-06-01,0.0,0.0,0.0
2014,6,U.N. DE HUANCAVELICA,87642.59999999999,0.0,0.0,0.0,87642.59999999999,0.0,0.0,0.0,0.0,0.0,0.0,0.0,0.0,2014-06-01,0.0,0.0,0.0
2014,6,U.N. DE INGENIERIA,33214.44,0.0,0.0,0.0,33214.44,0.0,0.0,0.0,0.0,0.0,0.0,0.0,0.0,2014-06-01,0.0,0.0,0.0
2014,6,U.N. DE JAEN,5877145.92,0.0,0.0,0.0,5877145.92,0.0,0.0,0.0,0.0,0.0,0.0,0.0,0.0,2014-06-01,0.0,0.0,0.0
2014,6,U.N. DE JULIACA,4383918.44,0.0,0.0,0.0,4383918.44,0.0,0.0,0.0,0.0,0.0,0.0,0.0,0.0,2014-06-01,0.0,0.0,0.0
2014,6,U.N. DE LA AMAZONIA PERUANA,21.74,0.0,0.0,1614883.17,1614904.91,0.0,0.0,0.0,0.0,0.0,0.0,0.0,0.0,2014-06-01,0.0,0.0,0.0
2014,6,U.N. DE MOQUEGUA,12636384.42,0.0,0.0,0.0,12636384.42,0.0,0.0,0.0,0.0,0.0,0.0,0.0,0.0,2014-06-01,0.0,0.0,0.0
2014,6,U.N. DE PIURA,104132.26,0.0,0.0,1383353.01,1487485.27,0.0,0.0,0.0,0.0,0.0,0.0,0.0,0.0,2014-06-01,0.0,0.0,0.0
2014,6,U.N. DE SAN MARTIN,42724.810000000005,0.0,0.0,0.0,42724.810000000005,0.0,0.0,0.0,0.0,0.0,0.0,0.0,0.0,2014-06-01,0.0,0.0,0.0
2014,6,U.N. DE TUMBES,9.61,0.0,0.0,1002861.55,1002871.16,0.0,0.0,0.0,0.0,0.0,0.0,0.0,0.0,2014-06-01,0.0,0.0,0.0
2014,6,U.N. DE UCAYALI,3.94,0.0,0.0,294189.31999999995,294193.25999999995,0.0,0.0,0.0,0.0,0.0,0.0,0.0,0.0,2014-06-01,0.0,0.0,0.0
2014,6,U.N. DEL ALTIPLANO,4372497.28,0.0,0.0,0.0,4372497.28,0.0,0.0,0.0,0.0,0.0,0.0,0.0,0.0,2014-06-01,0.0,0.0,0.0
2014,6,U.N. DEL CALLAO,1644.5200000000002,0.0,0.0,0.0,1644.5200000000002,0.0,0.0,0.0,0.0,0.0,0.0,0.0,0.0,2014-06-01,0.0,0.0,0.0
2014,6,U.N. DEL CENTRO DEL PERU,540476.37,0.0,0.0,0.0,540476.37,0.0,0.0,0.0,0.0,0.0,0.0,0.0,0.0,2014-06-01,0.0,0.0,0.0
2014,6,U.N. DEL SANTA,18439212.19,0.0,0.0,0.0,18439212.19,0.0,0.0,0.0,0.0,0.0,0.0,0.0,0.0,2014-06-01,0.0,0.0,0.0
2014,6,U.N. FEDERICO VILLARREAL,33280.81,0.0,0.0,0.0,33280.81,0.0,0.0,0.0,0.0,0.0,0.0,0.0,0.0,2014-06-01,0.0,0.0,0.0
2014,6,U.N. HERMILIO VALDIZAN,3206.65,0.0,0.0,0.0,3206.65,0.0,0.0,0.0,0.0,0.0,0.0,0.0,0.0,2014-06-01,0.0,0.0,0.0
2014,6,U.N. INTERCULTURAL DE LA SELVA CENTRAL JUAN SANTOS ATAHUALPA,540389.9,0.0,0.0,0.0,540389.9,0.0,0.0,0.0,0.0,0.0,0.0,0.0,0.0,2014-06-01,0.0,0.0,0.0
2014,6,U.N. INTERCULTURAL DE QUILLABAMBA,161145076.38000005,0.0,0.0,0.0,161145076.38000005,0.0,0.0,0.0,0.0,0.0,0.0,0.0,0.0,2014-06-01,0.0,0.0,0.0
2014,6,U.N. JORGE BASADRE GROHMANN,11386463.96,0.0,0.0,0.0,11386463.96,0.0,0.0,0.0,0.0,0.0,0.0,0.0,0.0,2014-06-01,0.0,0.0,0.0
2014,6,U.N. JOSE FAUSTINO SANCHEZ CARRION,816713.43,0.0,0.0,0.0,816713.43,0.0,0.0,0.0,0.0,0.0,0.0,0.0,0.0,2014-06-01,0.0,0.0,0.0
2014,6,U.N. JOSE MARIA ARGUEDAS,58849.13,0.0,0.0,0.0,58849.13,0.0,0.0,0.0,0.0,0.0,0.0,0.0,0.0,2014-06-01,0.0,0.0,0.0
2014,6,U.N. MAYOR DE SAN MARCOS,33216.8,0.0,0.0,0.0,33216.8,0.0,0.0,0.0,0.0,0.0,0.0,0.0,0.0,2014-06-01,0.0,0.0,0.0
2014,6,U.N. MICAELA BASTIDAS DE APURIMAC,58893.65,0.0,0.0,0.0,58893.65,0.0,0.0,0.0,0.0,0.0,0.0,0.0,0.0,2014-06-01,0.0,0.0,0.0
2014,6,U.N. PEDRO RUIZ GALLO,86.47999999999999,0.0,0.0,0.0,86.47999999999999,0.0,0.0,0.0,0.0,0.0,0.0,0.0,0.0,2014-06-01,0.0,0.0,0.0
2014,6,U.N. SAN AGUSTIN,19227660.65,0.0,0.0,0.0,19227660.65,0.0,0.0,0.0,0.0,0.0,0.0,0.0,0.0,2014-06-01,0.0,0.0,0.0
2014,6,U.N. SAN ANTONIO ABAD,7711227.95,0.0,0.0,0.0,7711227.95,0.0,0.0,0.0,0.0,0.0,0.0,0.0,0.0,2014-06-01,0.0,0.0,0.0
2014,6,U.N. SAN CRISTOBAL DE HUAMANGA,81609.46,0.0,0.0,0.0,81609.46,0.0,0.0,0.0,0.0,0.0,0.0,0.0,0.0,2014-06-01,0.0,0.0,0.0
2014,6,U.N. SAN LUIS GONZAGA,11762816.52,0.0,0.0,0.0,11762816.52,0.0,0.0,0.0,0.0,0.0,0.0,0.0,0.0,2014-06-01,0.0,0.0,0.0
2014,6,U.N. SANTIAGO ANTUNEZ DE MAYOLO,18435717.19,0.0,0.0,0.0,18435717.19,0.0,0.0,0.0,0.0,0.0,0.0,0.0,0.0,2014-06-01,0.0,0.0,0.0
2014,6,U.N. TECNOLOGICA DE LIMA SUR,33280.8,0.0,0.0,0.0,33280.8,0.0,0.0,0.0,0.0,0.0,0.0,0.0,0.0,2014-06-01,0.0,0.0,0.0
2014,6,U.N. TORIBIO RODRIGUEZ DE MENDOZA DE AMAZONAS,1.0,0.0,0.0,0.0,1.0,0.0,0.0,0.0,0.0,0.0,0.0,0.0,0.0,2014-06-01,0.0,0.0,0.0
2014,6,U.N. TRUJILLO,8892184.86,0.0,0.0,0.0,8892184.86,0.0,0.0,0.0,0.0,0.0,0.0,0.0,0.0,2014-06-01,0.0,0.0,0.0
2014,6,UNIVERSIDAD NACIONAL INTERCULTURAL DE LA AMAZONIA,15.17,0.0,0.0,299051.09,299066.25999999995,0.0,0.0,0.0,0.0,0.0,0.0,0.0,0.0,2014-06-01,0.0,0.0,0.0
2014,7, ,214472550.0,397013061.1,0.0,92158611.24,703644222.34,189543348.73,45645793.22,235189141.95,1639222659.71,214398980.65,0.1307930801102578,0.4292548167095761,0.1307930801102578,2014-07-01,19.275900611996427,0.017106829804728316,0.05614355962960962
2014,7,GOBIERNO REGIONAL AMAZONAS,206.51,0.0,0.0,0.0,206.51,0.0,0.0,0.0,0.0,0.0,0.0,0.0,0.0,2014-07-01,0.0,0.0,0.0
2014,7,GOBIERNO REGIONAL ANCASH,421374.13,0.0,0.0,0.0,421374.13,0.0,0.0,0.0,0.0,0.0,0.0,0.0,0.0,2014-07-01,0.0,0.0,0.0
2014,7,GOBIERNO REGIONAL APURIMAC,2138.63,0.0,0.0,0.0,2138.63,0.0,0.0,0.0,0.0,0.0,0.0,0.0,0.0,2014-07-01,0.0,0.0,0.0
2014,7,GOBIERNO REGIONAL AREQUIPA,268329.35000000003,0.0,0.0,0.0,268329.35000000003,0.0,0.0,0.0,0.0,0.0,0.0,0.0,0.0,2014-07-01,0.0,0.0,0.0
2014,7,GOBIERNO REGIONAL AYACUCHO,4372.51,0.0,0.0,0.0,4372.51,0.0,0.0,0.0,0.0,0.0,0.0,0.0,0.0,2014-07-01,0.0,0.0,0.0
2014,7,GOBIERNO REGIONAL CAJAMARCA,46113898.4,0.0,0.0,0.0,46113898.4,0.0,0.0,0.0,0.0,0.0,0.0,0.0,0.0,2014-07-01,0.0,0.0,0.0
2014,7,GOBIERNO REGIONAL CALLAO,570.17,0.0,0.0,0.0,570.17,0.0,0.0,0.0,0.0,0.0,0.0,0.0,0.0,2014-07-01,0.0,0.0,0.0
2014,7,GOBIERNO REGIONAL CUSCO,44000941.63,0.0,0.0,0.0,44000941.63,0.0,0.0,0.0,0.0,0.0,0.0,0.0,0.0,2014-07-01,0.0,0.0,0.0
2014,7,GOBIERNO REGIONAL HUANCAVELICA,2236038.25,0.0,0.0,0.0,2236038.25,0.0,0.0,0.0,0.0,0.0,0.0,0.0,0.0,2014-07-01,0.0,0.0,0.0
2014,7,GOBIERNO REGIONAL HUANUCO,29.98,0.0,0.0,0.0,29.98,0.0,0.0,0.0,0.0,0.0,0.0,0.0,0.0,2014-07-01,0.0,0.0,0.0
2014,7,GOBIERNO REGIONAL ICA,894777.4500000001,0.0,0.0,0.0,894777.4500000001,0.0,0.0,0.0,0.0,0.0,0.0,0.0,0.0,2014-07-01,0.0,0.0,0.0
2014,7,GOBIERNO REGIONAL JUNIN,457799.85,0.0,0.0,0.0,457799.85,0.0,0.0,0.0,0.0,0.0,0.0,0.0,0.0,2014-07-01,0.0,0.0,0.0
2014,7,GOBIERNO REGIONAL LA LIBERTAD,96912.61,0.0,0.0,0.0,96912.61,0.0,0.0,0.0,0.0,0.0,0.0,0.0,0.0,2014-07-01,0.0,0.0,0.0
2014,7,GOBIERNO REGIONAL LAMBAYEQUE,63.24,0.0,0.0,0.0,63.24,0.0,0.0,0.0,0.0,0.0,0.0,0.0,0.0,2014-07-01,0.0,0.0,0.0
2014,7,GOBIERNO REGIONAL LIMA,188252.0700000001,0.0,0.0,0.0,188252.0700000001,0.0,0.0,0.0,0.0,0.0,0.0,0.0,0.0,2014-07-01,0.0,0.0,0.0
2014,7,GOBIERNO REGIONAL LORETO,1900861.44,0.0,0.0,22543569.04,24444430.48,0.0,0.0,0.0,0.0,0.0,0.0,0.0,0.0,2014-07-01,0.0,0.0,0.0
2014,7,GOBIERNO REGIONAL MADRE DE DIOS,909.82,0.0,0.0,0.0,909.82,0.0,0.0,0.0,0.0,0.0,0.0,0.0,0.0,2014-07-01,0.0,0.0,0.0
2014,7,GOBIERNO REGIONAL MOQUEGUA,32448827.250000004,0.0,0.0,0.0,32448827.250000004,0.0,0.0,0.0,0.0,0.0,0.0,0.0,0.0,2014-07-01,0.0,0.0,0.0
2014,7,GOBIERNO REGIONAL PASCO,1988392.3500000003,0.0,0.0,0.0,1988392.3500000003,0.0,0.0,0.0,0.0,0.0,0.0,0.0,0.0,2014-07-01,0.0,0.0,0.0
2014,7,GOBIERNO REGIONAL PIURA,35872.649999999994,0.0,0.0,15873147.67,15909020.32,0.0,0.0,0.0,0.0,0.0,0.0,0.0,0.0,2014-07-01,0.0,0.0,0.0
2014,7,GOBIERNO REGIONAL PUNO,6229595.57,0.0,0.0,0.0,6229595.57,0.0,0.0,0.0,0.0,0.0,0.0,0.0,0.0,2014-07-01,0.0,0.0,0.0
2014,7,GOBIERNO REGIONAL SAN MARTIN,547.19,0.0,0.0,0.0,547.19,0.0,0.0,0.0,0.0,0.0,0.0,0.0,0.0,2014-07-01,0.0,0.0,0.0
2014,7,GOBIERNO REGIONAL TACNA,4011258.59,0.0,0.0,0.0,4011258.59,0.0,0.0,0.0,0.0,0.0,0.0,0.0,0.0,2014-07-01,0.0,0.0,0.0
2014,7,GOBIERNO REGIONAL TUMBES,12.67,0.0,0.0,7573031.35,7573044.02,0.0,0.0,0.0,0.0,0.0,0.0,0.0,0.0,2014-07-01,0.0,0.0,0.0
2014,7,GOBIERNO REGIONAL UCAYALI,423.33,0.0,0.0,4498280.31,4498703.64,0.0,0.0,0.0,0.0,0.0,0.0,0.0,0.0,2014-07-01,0.0,0.0,0.0
2014,7,INSTITUTO DE INVESTIGACIONES DE LA AMAZONIA PERUANA,0.0,0.0,0.0,1644251.05,1644251.05,0.0,0.0,0.0,0.0,0.0,0.0,0.0,0.0,2014-07-01,0.0,0.0,0.0
2014,7,MUNICIPALIDAD METROPOLITANA DE LIMA,190300.52,0.0,0.0,0.0,190300.52,0.0,0.0,0.0,0.0,0.0,0.0,0.0,0.0,2014-07-01,0.0,0.0,0.0
2014,7,U.N. AGRARIA DE LA MOLINA,5888.299999999999,0.0,0.0,0.0,5888.299999999999,0.0,0.0,0.0,0.0,0.0,0.0,0.0,0.0,2014-07-01,0.0,0.0,0.0
2014,7,U.N. AGRARIA DE LA SELVA,193.78,0.0,0.0,0.0,193.78,0.0,0.0,0.0,0.0,0.0,0.0,0.0,0.0,2014-07-01,0.0,0.0,0.0
2014,7,U.N. AMAZONICA DE MADRE DE DIOS,198.68,0.0,0.0,0.0,198.68,0.0,0.0,0.0,0.0,0.0,0.0,0.0,0.0,2014-07-01,0.0,0.0,0.0
2014,7,U.N. AUTONOMA DE CHOTA,38705.44,0.0,0.0,0.0,38705.44,0.0,0.0,0.0,0.0,0.0,0.0,0.0,0.0,2014-07-01,0.0,0.0,0.0
2014,7,U.N. AUTONOMA DE HUANTA,670.4300000000001,0.0,0.0,0.0,670.4300000000001,0.0,0.0,0.0,0.0,0.0,0.0,0.0,0.0,2014-07-01,0.0,0.0,0.0
2014,7,U.N. DANIEL ALCIDES CARRION,517201.29,0.0,0.0,0.0,517201.29,0.0,0.0,0.0,0.0,0.0,0.0,0.0,0.0,2014-07-01,0.0,0.0,0.0
2014,7,U.N. DE BARRANCA,107399.0,0.0,0.0,0.0,107399.0,0.0,0.0,0.0,0.0,0.0,0.0,0.0,0.0,2014-07-01,0.0,0.0,0.0
2014,7,U.N. DE CAJAMARCA,41137.09,0.0,0.0,0.0,41137.09,0.0,0.0,0.0,0.0,0.0,0.0,0.0,0.0,2014-07-01,0.0,0.0,0.0
2014,7,U.N. DE CAÑETE,106760.48,0.0,0.0,0.0,106760.48,0.0,0.0,0.0,0.0,0.0,0.0,0.0,0.0,2014-07-01,0.0,0.0,0.0
2014,7,U.N. DE EDUCACION ENRIQUE GUZMAN Y VALLE,5888.37,0.0,0.0,0.0,5888.37,0.0,0.0,0.0,0.0,0.0,0.0,0.0,0.0,2014-07-01,0.0,0.0,0.0
2014,7,U.N. DE FRONTERA,4594.7,0.0,0.0,1846776.93,1851371.63,0.0,0.0,0.0,0.0,0.0,0.0,0.0,0.0,2014-07-01,0.0,0.0,0.0
2014,7,U.N. DE HUANCAVELICA,300433.58,0.0,0.0,0.0,300433.58,0.0,0.0,0.0,0.0,0.0,0.0,0.0,0.0,2014-07-01,0.0,0.0,0.0
2014,7,U.N. DE INGENIERIA,5802.29,0.0,0.0,0.0,5802.29,0.0,0.0,0.0,0.0,0.0,0.0,0.0,0.0,2014-07-01,0.0,0.0,0.0
2014,7,U.N. DE JAEN,41982.84,0.0,0.0,0.0,41982.84,0.0,0.0,0.0,0.0,0.0,0.0,0.0,0.0,2014-07-01,0.0,0.0,0.0
2014,7,U.N. DE JULIACA,47740.32,0.0,0.0,0.0,47740.32,0.0,0.0,0.0,0.0,0.0,0.0,0.0,0.0,2014-07-01,0.0,0.0,0.0
2014,7,U.N. DE LA AMAZONIA PERUANA,26.43,0.0,0.0,1843973.4,1843999.83,0.0,0.0,0.0,0.0,0.0,0.0,0.0,0.0,2014-07-01,0.0,0.0,0.0
2014,7,U.N. DE MOQUEGUA,45774.58,0.0,0.0,0.0,45774.58,0.0,0.0,0.0,0.0,0.0,0.0,0.0,0.0,2014-07-01,0.0,0.0,0.0
2014,7,U.N. DE PIURA,4594.7,0.0,0.0,1839816.53,1844411.23,0.0,0.0,0.0,0.0,0.0,0.0,0.0,0.0,2014-07-01,0.0,0.0,0.0
2014,7,U.N. DE SAN MARTIN,122.81,0.0,0.0,0.0,122.81,0.0,0.0,0.0,0.0,0.0,0.0,0.0,0.0,2014-07-01,0.0,0.0,0.0
2014,7,U.N. DE TUMBES,8.299999999999999,0.0,0.0,1418691.92,1418700.22,0.0,0.0,0.0,0.0,0.0,0.0,0.0,0.0,2014-07-01,0.0,0.0,0.0
2014,7,U.N. DE UCAYALI,3.76,0.0,0.0,381512.18,381515.94,0.0,0.0,0.0,0.0,0.0,0.0,0.0,0.0,2014-07-01,0.0,0.0,0.0
2014,7,U.N. DEL ALTIPLANO,35953.45,0.0,0.0,0.0,35953.45,0.0,0.0,0.0,0.0,0.0,0.0,0.0,0.0,2014-07-01,0.0,0.0,0.0
2014,7,U.N. DEL CALLAO,1837.08,0.0,0.0,0.0,1837.08,0.0,0.0,0.0,0.0,0.0,0.0,0.0,0.0,2014-07-01,0.0,0.0,0.0
2014,7,U.N. DEL CENTRO DEL PERU,42014.41,0.0,0.0,0.0,42014.41,0.0,0.0,0.0,0.0,0.0,0.0,0.0,0.0,2014-07-01,0.0,0.0,0.0
2014,7,U.N. DEL SANTA,121250.85,0.0,0.0,0.0,121250.85,0.0,0.0,0.0,0.0,0.0,0.0,0.0,0.0,2014-07-01,0.0,0.0,0.0
2014,7,U.N. FEDERICO VILLARREAL,5888.349999999999,0.0,0.0,0.0,5888.349999999999,0.0,0.0,0.0,0.0,0.0,0.0,0.0,0.0,2014-07-01,0.0,0.0,0.0
2014,7,U.N. HERMILIO VALDIZAN,160.57999999999998,0.0,0.0,0.0,160.57999999999998,0.0,0.0,0.0,0.0,0.0,0.0,0.0,0.0,2014-07-01,0.0,0.0,0.0
2014,7,U.N. INTERCULTURAL DE LA SELVA CENTRAL JUAN SANTOS ATAHUALPA,41943.29,0.0,0.0,0.0,41943.29,0.0,0.0,0.0,0.0,0.0,0.0,0.0,0.0,2014-07-01,0.0,0.0,0.0
2014,7,U.N. INTERCULTURAL DE QUILLABAMBA,4846400.39,0.0,0.0,0.0,4846400.39,0.0,0.0,0.0,0.0,0.0,0.0,0.0,0.0,2014-07-01,0.0,0.0,0.0
2014,7,U.N. JORGE BASADRE GROHMANN,65621.04,0.0,0.0,0.0,65621.04,0.0,0.0,0.0,0.0,0.0,0.0,0.0,0.0,2014-07-01,0.0,0.0,0.0
2014,7,U.N. JOSE FAUSTINO SANCHEZ CARRION,107398.98,0.0,0.0,0.0,107398.98,0.0,0.0,0.0,0.0,0.0,0.0,0.0,0.0,2014-07-01,0.0,0.0,0.0
2014,7,U.N. JOSE MARIA ARGUEDAS,599.43,0.0,0.0,0.0,599.43,0.0,0.0,0.0,0.0,0.0,0.0,0.0,0.0,2014-07-01,0.0,0.0,0.0
2014,7,U.N. MAYOR DE SAN MARCOS,5824.0,0.0,0.0,0.0,5824.0,0.0,0.0,0.0,0.0,0.0,0.0,0.0,0.0,2014-07-01,0.0,0.0,0.0
2014,7,U.N. MICAELA BASTIDAS DE APURIMAC,618.8299999999999,0.0,0.0,0.0,618.8299999999999,0.0,0.0,0.0,0.0,0.0,0.0,0.0,0.0,2014-07-01,0.0,0.0,0.0
2014,7,U.N. PEDRO RUIZ GALLO,41.84,0.0,0.0,0.0,41.84,0.0,0.0,0.0,0.0,0.0,0.0,0.0,0.0,2014-07-01,0.0,0.0,0.0
2014,7,U.N. SAN AGUSTIN,130765.64,0.0,0.0,0.0,130765.64,0.0,0.0,0.0,0.0,0.0,0.0,0.0,0.0,2014-07-01,0.0,0.0,0.0
2014,7,U.N. SAN ANTONIO ABAD,5006487.99,0.0,0.0,0.0,5006487.99,0.0,0.0,0.0,0.0,0.0,0.0,0.0,0.0,2014-07-01,0.0,0.0,0.0
2014,7,U.N. SAN CRISTOBAL DE HUAMANGA,3680.61,0.0,0.0,0.0,3680.61,0.0,0.0,0.0,0.0,0.0,0.0,0.0,0.0,2014-07-01,0.0,0.0,0.0
2014,7,U.N. SAN LUIS GONZAGA,40432.37,0.0,0.0,0.0,40432.37,0.0,0.0,0.0,0.0,0.0,0.0,0.0,0.0,2014-07-01,0.0,0.0,0.0
2014,7,U.N. SANTIAGO ANTUNEZ DE MAYOLO,118344.4,0.0,0.0,0.0,118344.4,0.0,0.0,0.0,0.0,0.0,0.0,0.0,0.0,2014-07-01,0.0,0.0,0.0
2014,7,U.N. TECNOLOGICA DE LIMA SUR,5888.349999999999,0.0,0.0,0.0,5888.349999999999,0.0,0.0,0.0,0.0,0.0,0.0,0.0,0.0,2014-07-01,0.0,0.0,0.0
2014,7,U.N. TORIBIO RODRIGUEZ DE MENDOZA DE AMAZONAS,0.99,0.0,0.0,0.0,0.99,0.0,0.0,0.0,0.0,0.0,0.0,0.0,0.0,2014-07-01,0.0,0.0,0.0
2014,7,U.N. TRUJILLO,36477.87,0.0,0.0,0.0,36477.87,0.0,0.0,0.0,0.0,0.0,0.0,0.0,0.0,2014-07-01,0.0,0.0,0.0
2014,7,UNIVERSIDAD NACIONAL INTERCULTURAL DE LA AMAZONIA,18.33,0.0,0.0,387307.9,387326.23,0.0,0.0,0.0,0.0,0.0,0.0,0.0,0.0,2014-07-01,0.0,0.0,0.0
2014,8, ,169596915.94,424835079.1,0.0,76267264.7,670699259.74,136297960.96,40660793.22,176958754.18,1327110587.74,269605644.78,0.2031523576638208,0.5053830976378282,0.2031523576638208,2014-08-01,18.991427241802434,0.04127088042436897,0.10266976780856975
2014,8,GOBIERNO REGIONAL AMAZONAS,201.96,0.0,0.0,0.0,201.96,0.0,0.0,0.0,0.0,0.0,0.0,0.0,0.0,2014-08-01,0.0,0.0,0.0
2014,8,GOBIERNO REGIONAL ANCASH,240843.69,0.0,0.0,0.0,240843.69,0.0,0.0,0.0,0.0,0.0,0.0,0.0,0.0,2014-08-01,0.0,0.0,0.0
2014,8,GOBIERNO REGIONAL APURIMAC,1856.2,0.0,0.0,0.0,1856.2,0.0,0.0,0.0,0.0,0.0,0.0,0.0,0.0,2014-08-01,0.0,0.0,0.0
2014,8,GOBIERNO REGIONAL AREQUIPA,174101.16,0.0,0.0,0.0,174101.16,0.0,0.0,0.0,0.0,0.0,0.0,0.0,0.0,2014-08-01,0.0,0.0,0.0
2014,8,GOBIERNO REGIONAL AYACUCHO,152279.3,0.0,0.0,0.0,152279.3,0.0,0.0,0.0,0.0,0.0,0.0,0.0,0.0,2014-08-01,0.0,0.0,0.0
2014,8,GOBIERNO REGIONAL CAJAMARCA,750040.36,0.0,0.0,0.0,750040.36,0.0,0.0,0.0,0.0,0.0,0.0,0.0,0.0,2014-08-01,0.0,0.0,0.0
2014,8,GOBIERNO REGIONAL CALLAO,698.16,0.0,0.0,0.0,698.16,0.0,0.0,0.0,0.0,0.0,0.0,0.0,0.0,2014-08-01,0.0,0.0,0.0
2014,8,GOBIERNO REGIONAL CUSCO,44417561.32,0.0,0.0,0.0,44417561.32,0.0,0.0,0.0,0.0,0.0,0.0,0.0,0.0,2014-08-01,0.0,0.0,0.0
2014,8,GOBIERNO REGIONAL HUANCAVELICA,1345243.11,0.0,0.0,0.0,1345243.11,0.0,0.0,0.0,0.0,0.0,0.0,0.0,0.0,2014-08-01,0.0,0.0,0.0
2014,8,GOBIERNO REGIONAL HUANUCO,31.14,0.0,0.0,0.0,31.14,0.0,0.0,0.0,0.0,0.0,0.0,0.0,0.0,2014-08-01,0.0,0.0,0.0
2014,8,GOBIERNO REGIONAL ICA,74695.01,0.0,0.0,0.0,74695.01,0.0,0.0,0.0,0.0,0.0,0.0,0.0,0.0,2014-08-01,0.0,0.0,0.0
2014,8,GOBIERNO REGIONAL JUNIN,2629435.0300000003,0.0,0.0,0.0,2629435.0300000003,0.0,0.0,0.0,0.0,0.0,0.0,0.0,0.0,2014-08-01,0.0,0.0,0.0
2014,8,GOBIERNO REGIONAL LA LIBERTAD,96551.86,0.0,0.0,0.0,96551.86,0.0,0.0,0.0,0.0,0.0,0.0,0.0,0.0,2014-08-01,0.0,0.0,0.0
2014,8,GOBIERNO REGIONAL LAMBAYEQUE,61.22,0.0,0.0,0.0,61.22,0.0,0.0,0.0,0.0,0.0,0.0,0.0,0.0,2014-08-01,0.0,0.0,0.0
2014,8,GOBIERNO REGIONAL LIMA,200293.64000000004,0.0,0.0,0.0,200293.64000000004,0.0,0.0,0.0,0.0,0.0,0.0,0.0,0.0,2014-08-01,0.0,0.0,0.0
2014,8,GOBIERNO REGIONAL LORETO,1900837.2,0.0,0.0,14730006.510000002,16630843.71,0.0,0.0,0.0,0.0,0.0,0.0,0.0,0.0,2014-08-01,0.0,0.0,0.0
2014,8,GOBIERNO REGIONAL MADRE DE DIOS,900.05,0.0,0.0,0.0,900.05,0.0,0.0,0.0,0.0,0.0,0.0,0.0,0.0,2014-08-01,0.0,0.0,0.0
2014,8,GOBIERNO REGIONAL MOQUEGUA,3421587.51,0.0,0.0,0.0,3421587.51,0.0,0.0,0.0,0.0,0.0,0.0,0.0,0.0,2014-08-01,0.0,0.0,0.0
2014,8,GOBIERNO REGIONAL PASCO,997359.65,0.0,0.0,0.0,997359.65,0.0,0.0,0.0,0.0,0.0,0.0,0.0,0.0,2014-08-01,0.0,0.0,0.0
2014,8,GOBIERNO REGIONAL PIURA,18339.14,0.0,0.0,17324362.69,17342701.830000002,0.0,0.0,0.0,0.0,0.0,0.0,0.0,0.0,2014-08-01,0.0,0.0,0.0
2014,8,GOBIERNO REGIONAL PUNO,5518756.54,0.0,0.0,0.0,5518756.54,0.0,0.0,0.0,0.0,0.0,0.0,0.0,0.0,2014-08-01,0.0,0.0,0.0
2014,8,GOBIERNO REGIONAL SAN MARTIN,522.79,0.0,0.0,0.0,522.79,0.0,0.0,0.0,0.0,0.0,0.0,0.0,0.0,2014-08-01,0.0,0.0,0.0
2014,8,GOBIERNO REGIONAL TACNA,456827.53,0.0,0.0,0.0,456827.53,0.0,0.0,0.0,0.0,0.0,0.0,0.0,0.0,2014-08-01,0.0,0.0,0.0
2014,8,GOBIERNO REGIONAL TUMBES,23.58,0.0,0.0,8091080.79,8091104.37,0.0,0.0,0.0,0.0,0.0,0.0,0.0,0.0,2014-08-01,0.0,0.0,0.0
2014,8,GOBIERNO REGIONAL UCAYALI,409.65,0.0,0.0,6265066.68,6265476.33,0.0,0.0,0.0,0.0,0.0,0.0,0.0,0.0,2014-08-01,0.0,0.0,0.0
2014,8,INSTITUTO DE INVESTIGACIONES DE LA AMAZONIA PERUANA,0.0,0.0,0.0,1237688.69,1237688.69,0.0,0.0,0.0,0.0,0.0,0.0,0.0,0.0,2014-08-01,0.0,0.0,0.0
2014,8,MUNICIPALIDAD METROPOLITANA DE LIMA,99400.47,0.0,0.0,0.0,99400.47,0.0,0.0,0.0,0.0,0.0,0.0,0.0,0.0,2014-08-01,0.0,0.0,0.0
2014,8,U. N. AUTÓNOMA ALTOANDINA DE TARMA,4045753.29,0.0,0.0,0.0,4045753.29,0.0,0.0,0.0,0.0,0.0,0.0,0.0,0.0,2014-08-01,0.0,0.0,0.0
2014,8,U.N. AGRARIA DE LA MOLINA,3047.72,0.0,0.0,0.0,3047.72,0.0,0.0,0.0,0.0,0.0,0.0,0.0,0.0,2014-08-01,0.0,0.0,0.0
2014,8,U.N. AGRARIA DE LA SELVA,190.15,0.0,0.0,0.0,190.15,0.0,0.0,0.0,0.0,0.0,0.0,0.0,0.0,2014-08-01,0.0,0.0,0.0
2014,8,U.N. AMAZONICA DE MADRE DE DIOS,198.13,0.0,0.0,0.0,198.13,0.0,0.0,0.0,0.0,0.0,0.0,0.0,0.0,2014-08-01,0.0,0.0,0.0
2014,8,U.N. AUTONOMA DE CHOTA,29953.48,0.0,0.0,0.0,29953.48,0.0,0.0,0.0,0.0,0.0,0.0,0.0,0.0,2014-08-01,0.0,0.0,0.0
2014,8,U.N. AUTONOMA DE HUANTA,488.34,0.0,0.0,0.0,488.34,0.0,0.0,0.0,0.0,0.0,0.0,0.0,0.0,2014-08-01,0.0,0.0,0.0
2014,8,U.N. DANIEL ALCIDES CARRION,269685.64,0.0,0.0,0.0,269685.64,0.0,0.0,0.0,0.0,0.0,0.0,0.0,0.0,2014-08-01,0.0,0.0,0.0
2014,8,U.N. DE BARRANCA,58017.12,0.0,0.0,0.0,58017.12,0.0,0.0,0.0,0.0,0.0,0.0,0.0,0.0,2014-08-01,0.0,0.0,0.0
2014,8,U.N. DE CAJAMARCA,33685.189999999995,0.0,0.0,0.0,33685.189999999995,0.0,0.0,0.0,0.0,0.0,0.0,0.0,0.0,2014-08-01,0.0,0.0,0.0
2014,8,U.N. DE CAÑETE,57476.09,0.0,0.0,0.0,57476.09,0.0,0.0,0.0,0.0,0.0,0.0,0.0,0.0,2014-08-01,0.0,0.0,0.0
2014,8,U.N. DE EDUCACION ENRIQUE GUZMAN Y VALLE,3048.92,0.0,0.0,0.0,3048.92,0.0,0.0,0.0,0.0,0.0,0.0,0.0,0.0,2014-08-01,0.0,0.0,0.0
2014,8,U.N. DE FRONTERA,2685.71,0.0,0.0,1627657.85,1630343.5599999998,0.0,0.0,0.0,0.0,0.0,0.0,0.0,0.0,2014-08-01,0.0,0.0,0.0
2014,8,U.N. DE HUANCAVELICA,151738.49999999997,0.0,0.0,0.0,151738.49999999997,0.0,0.0,0.0,0.0,0.0,0.0,0.0,0.0,2014-08-01,0.0,0.0,0.0
2014,8,U.N. DE INGENIERIA,2964.6,0.0,0.0,0.0,2964.6,0.0,0.0,0.0,0.0,0.0,0.0,0.0,0.0,2014-08-01,0.0,0.0,0.0
2014,8,U.N. DE JAEN,34276.95,0.0,0.0,0.0,34276.95,0.0,0.0,0.0,0.0,0.0,0.0,0.0,0.0,2014-08-01,0.0,0.0,0.0
2014,8,U.N. DE JULIACA,33172.72,0.0,0.0,0.0,33172.72,0.0,0.0,0.0,0.0,0.0,0.0,0.0,0.0,2014-08-01,0.0,0.0,0.0
2014,8,U.N. DE LA AMAZONIA PERUANA,25.05,0.0,0.0,1425665.79,1425690.84,0.0,0.0,0.0,0.0,0.0,0.0,0.0,0.0,2014-08-01,0.0,0.0,0.0
2014,8,U.N. DE MOQUEGUA,46542.41,0.0,0.0,0.0,46542.41,0.0,0.0,0.0,0.0,0.0,0.0,0.0,0.0,2014-08-01,0.0,0.0,0.0
2014,8,U.N. DE PIURA,2685.71,0.0,0.0,1620169.07,1622854.78,0.0,0.0,0.0,0.0,0.0,0.0,0.0,0.0,2014-08-01,0.0,0.0,0.0
2014,8,U.N. DE SAN MARTIN,120.33,0.0,0.0,0.0,120.33,0.0,0.0,0.0,0.0,0.0,0.0,0.0,0.0,2014-08-01,0.0,0.0,0.0
2014,8,U.N. DE TUMBES,10.95,0.0,0.0,1114169.64,1114180.59,0.0,0.0,0.0,0.0,0.0,0.0,0.0,0.0,2014-08-01,0.0,0.0,0.0
2014,8,U.N. DE UCAYALI,3.04,0.0,0.0,297241.44,297244.48,0.0,0.0,0.0,0.0,0.0,0.0,0.0,0.0,2014-08-01,0.0,0.0,0.0
2014,8,U.N. DEL ALTIPLANO,21204.47,0.0,0.0,0.0,21204.47,0.0,0.0,0.0,0.0,0.0,0.0,0.0,0.0,2014-08-01,0.0,0.0,0.0
2014,8,U.N. DEL CALLAO,1861.76,0.0,0.0,0.0,1861.76,0.0,0.0,0.0,0.0,0.0,0.0,0.0,0.0,2014-08-01,0.0,0.0,0.0
2014,8,U.N. DEL CENTRO DEL PERU,23400.67,0.0,0.0,0.0,23400.67,0.0,0.0,0.0,0.0,0.0,0.0,0.0,0.0,2014-08-01,0.0,0.0,0.0
2014,8,U.N. DEL SANTA,100085.59,0.0,0.0,0.0,100085.59,0.0,0.0,0.0,0.0,0.0,0.0,0.0,0.0,2014-08-01,0.0,0.0,0.0
2014,8,U.N. FEDERICO VILLARREAL,3048.91,0.0,0.0,0.0,3048.91,0.0,0.0,0.0,0.0,0.0,0.0,0.0,0.0,2014-08-01,0.0,0.0,0.0
2014,8,U.N. HERMILIO VALDIZAN,162.05999999999997,0.0,0.0,0.0,162.05999999999997,0.0,0.0,0.0,0.0,0.0,0.0,0.0,0.0,2014-08-01,0.0,0.0,0.0
2014,8,U.N. INTERCULTURAL DE LA SELVA CENTRAL JUAN SANTOS ATAHUALPA,23350.01,0.0,0.0,0.0,23350.01,0.0,0.0,0.0,0.0,0.0,0.0,0.0,0.0,2014-08-01,0.0,0.0,0.0
2014,8,U.N. INTERCULTURAL DE QUILLABAMBA,5090470.25,0.0,0.0,0.0,5090470.25,0.0,0.0,0.0,0.0,0.0,0.0,0.0,0.0,2014-08-01,0.0,0.0,0.0
2014,8,U.N. INTERCULTURAL FABIOLA SALAZAR LEGUIA  DE  BAGUA,1031.68,0.0,0.0,0.0,1031.68,0.0,0.0,0.0,0.0,0.0,0.0,0.0,0.0,2014-08-01,0.0,0.0,0.0
2014,8,U.N. JORGE BASADRE GROHMANN,63467.82,0.0,0.0,0.0,63467.82,0.0,0.0,0.0,0.0,0.0,0.0,0.0,0.0,2014-08-01,0.0,0.0,0.0
2014,8,U.N. JOSE FAUSTINO SANCHEZ CARRION,58017.10999999999,0.0,0.0,0.0,58017.10999999999,0.0,0.0,0.0,0.0,0.0,0.0,0.0,0.0,2014-08-01,0.0,0.0,0.0
2014,8,U.N. JOSE MARIA ARGUEDAS,601.59,0.0,0.0,0.0,601.59,0.0,0.0,0.0,0.0,0.0,0.0,0.0,0.0,2014-08-01,0.0,0.0,0.0
2014,8,U.N. MAYOR DE SAN MARCOS,2994.53,0.0,0.0,0.0,2994.53,0.0,0.0,0.0,0.0,0.0,0.0,0.0,0.0,2014-08-01,0.0,0.0,0.0
2014,8,U.N. MICAELA BASTIDAS DE APURIMAC,615.4499999999999,0.0,0.0,0.0,615.4499999999999,0.0,0.0,0.0,0.0,0.0,0.0,0.0,0.0,2014-08-01,0.0,0.0,0.0
2014,8,U.N. PEDRO RUIZ GALLO,40.71,0.0,0.0,0.0,40.71,0.0,0.0,0.0,0.0,0.0,0.0,0.0,0.0,2014-08-01,0.0,0.0,0.0
2014,8,U.N. SAN AGUSTIN,111533.44,0.0,0.0,0.0,111533.44,0.0,0.0,0.0,0.0,0.0,0.0,0.0,0.0,2014-08-01,0.0,0.0,0.0
2014,8,U.N. SAN ANTONIO ABAD,5222973.47,0.0,0.0,0.0,5222973.47,0.0,0.0,0.0,0.0,0.0,0.0,0.0,0.0,2014-08-01,0.0,0.0,0.0
2014,8,U.N. SAN CRISTOBAL DE HUAMANGA,3615.34,0.0,0.0,0.0,3615.34,0.0,0.0,0.0,0.0,0.0,0.0,0.0,0.0,2014-08-01,0.0,0.0,0.0
2014,8,U.N. SAN LUIS GONZAGA,41650.05,0.0,0.0,0.0,41650.05,0.0,0.0,0.0,0.0,0.0,0.0,0.0,0.0,2014-08-01,0.0,0.0,0.0
2014,8,U.N. SANTIAGO ANTUNEZ DE MAYOLO,97309.12,0.0,0.0,0.0,97309.12,0.0,0.0,0.0,0.0,0.0,0.0,0.0,0.0,2014-08-01,0.0,0.0,0.0
2014,8,U.N. TECNOLOGICA DE LIMA SUR,3048.91,0.0,0.0,0.0,3048.91,0.0,0.0,0.0,0.0,0.0,0.0,0.0,0.0,2014-08-01,0.0,0.0,0.0
2014,8,U.N. TORIBIO RODRIGUEZ DE MENDOZA DE AMAZONAS,1.01,0.0,0.0,0.0,1.01,0.0,0.0,0.0,0.0,0.0,0.0,0.0,0.0,2014-08-01,0.0,0.0,0.0
2014,8,U.N. TRUJILLO,36919.59,0.0,0.0,0.0,36919.59,0.0,0.0,0.0,0.0,0.0,0.0,0.0,0.0,2014-08-01,0.0,0.0,0.0
2014,8,UNIVERSIDAD NACIONAL INTERCULTURAL DE LA AMAZONIA,17.37,0.0,0.0,302978.57,302995.94,0.0,0.0,0.0,0.0,0.0,0.0,0.0,0.0,2014-08-01,0.0,0.0,0.0
2014,9, ,160829151.51,351249435.81,0.0,75099704.81,587178292.13,156706002.88,37613713.36,194319716.24,1122252831.01,225605072.27,0.2010287397243284,0.5232139103641681,0.2010287397243284,2014-09-01,19.085015387531566,0.040412554195151766,0.10518103300674643
2014,9,GOBIERNO REGIONAL ANCASH,12176677.42,0.0,0.0,0.0,12176677.42,0.0,0.0,0.0,0.0,0.0,0.0,0.0,0.0,2014-09-01,0.0,0.0,0.0
2014,9,GOBIERNO REGIONAL AREQUIPA,82186.06000000001,0.0,0.0,0.0,82186.06000000001,0.0,0.0,0.0,0.0,0.0,0.0,0.0,0.0,2014-09-01,0.0,0.0,0.0
2014,9,GOBIERNO REGIONAL AYACUCHO,300000.0,0.0,0.0,0.0,300000.0,0.0,0.0,0.0,0.0,0.0,0.0,0.0,0.0,2014-09-01,0.0,0.0,0.0
2014,9,GOBIERNO REGIONAL CAJAMARCA,3533102.59,0.0,0.0,0.0,3533102.59,0.0,0.0,0.0,0.0,0.0,0.0,0.0,0.0,2014-09-01,0.0,0.0,0.0
2014,9,GOBIERNO REGIONAL CUSCO,40449516.47,0.0,0.0,0.0,40449516.47,0.0,0.0,0.0,0.0,0.0,0.0,0.0,0.0,2014-09-01,0.0,0.0,0.0
2014,9,GOBIERNO REGIONAL HUANCAVELICA,1371551.93,0.0,0.0,0.0,1371551.93,0.0,0.0,0.0,0.0,0.0,0.0,0.0,0.0,2014-09-01,0.0,0.0,0.0
2014,9,GOBIERNO REGIONAL JUNIN,223267.85,0.0,0.0,0.0,223267.85,0.0,0.0,0.0,0.0,0.0,0.0,0.0,0.0,2014-09-01,0.0,0.0,0.0
2014,9,GOBIERNO REGIONAL LA LIBERTAD,1575416.0,0.0,0.0,0.0,1575416.0,0.0,0.0,0.0,0.0,0.0,0.0,0.0,0.0,2014-09-01,0.0,0.0,0.0
2014,9,GOBIERNO REGIONAL LIMA,10987925.76,0.0,0.0,0.0,10987925.76,0.0,0.0,0.0,0.0,0.0,0.0,0.0,0.0,2014-09-01,0.0,0.0,0.0
2014,9,GOBIERNO REGIONAL LORETO,1900000.0,0.0,0.0,17626431.52,19526431.52,0.0,0.0,0.0,0.0,0.0,0.0,0.0,0.0,2014-09-01,0.0,0.0,0.0
2014,9,GOBIERNO REGIONAL MOQUEGUA,276500.0,0.0,0.0,0.0,276500.0,0.0,0.0,0.0,0.0,0.0,0.0,0.0,0.0,2014-09-01,0.0,0.0,0.0
2014,9,GOBIERNO REGIONAL PASCO,992546.05,0.0,0.0,0.0,992546.05,0.0,0.0,0.0,0.0,0.0,0.0,0.0,0.0,2014-09-01,0.0,0.0,0.0
2014,9,GOBIERNO REGIONAL PIURA,15421.94,0.0,0.0,14362520.56,14377942.499999998,0.0,0.0,0.0,0.0,0.0,0.0,0.0,0.0,2014-09-01,0.0,0.0,0.0
2014,9,GOBIERNO REGIONAL PUNO,576284.98,0.0,0.0,0.0,576284.98,0.0,0.0,0.0,0.0,0.0,0.0,0.0,0.0,2014-09-01,0.0,0.0,0.0
2014,9,GOBIERNO REGIONAL SAN MARTIN,35.66,0.0,0.0,0.0,35.66,0.0,0.0,0.0,0.0,0.0,0.0,0.0,0.0,2014-09-01,0.0,0.0,0.0
2014,9,GOBIERNO REGIONAL TACNA,1038883.32,0.0,0.0,0.0,1038883.32,0.0,0.0,0.0,0.0,0.0,0.0,0.0,0.0,2014-09-01,0.0,0.0,0.0
2014,9,GOBIERNO REGIONAL TUMBES,0.0,0.0,0.0,6713357.33,6713357.33,0.0,0.0,0.0,0.0,0.0,0.0,0.0,0.0,2014-09-01,0.0,0.0,0.0
2014,9,GOBIERNO REGIONAL UCAYALI,0.0,0.0,0.0,3971011.14,3971011.14,0.0,0.0,0.0,0.0,0.0,0.0,0.0,0.0,2014-09-01,0.0,0.0,0.0
2014,9,INSTITUTO DE INVESTIGACIONES DE LA AMAZONIA PERUANA,0.0,0.0,0.0,1298701.15,1298701.15,0.0,0.0,0.0,0.0,0.0,0.0,0.0,0.0,2014-09-01,0.0,0.0,0.0
2014,9,MUNICIPALIDAD METROPOLITANA DE LIMA,90935.08,0.0,0.0,0.0,90935.08,0.0,0.0,0.0,0.0,0.0,0.0,0.0,0.0,2014-09-01,0.0,0.0,0.0
2014,9,U.N. AGRARIA DE LA MOLINA,2841.72,0.0,0.0,0.0,2841.72,0.0,0.0,0.0,0.0,0.0,0.0,0.0,0.0,2014-09-01,0.0,0.0,0.0
2014,9,U.N. AUTONOMA DE CHOTA,8080.55,0.0,0.0,0.0,8080.55,0.0,0.0,0.0,0.0,0.0,0.0,0.0,0.0,2014-09-01,0.0,0.0,0.0
2014,9,U.N. DANIEL ALCIDES CARRION,248136.51,0.0,0.0,0.0,248136.51,0.0,0.0,0.0,0.0,0.0,0.0,0.0,0.0,2014-09-01,0.0,0.0,0.0
2014,9,U.N. DE BARRANCA,49379.0,0.0,0.0,0.0,49379.0,0.0,0.0,0.0,0.0,0.0,0.0,0.0,0.0,2014-09-01,0.0,0.0,0.0
2014,9,U.N. DE CAJAMARCA,8080.54,0.0,0.0,0.0,8080.54,0.0,0.0,0.0,0.0,0.0,0.0,0.0,0.0,2014-09-01,0.0,0.0,0.0
2014,9,U.N. DE CAÑETE,49378.99,0.0,0.0,0.0,49378.99,0.0,0.0,0.0,0.0,0.0,0.0,0.0,0.0,2014-09-01,0.0,0.0,0.0
2014,9,U.N. DE EDUCACION ENRIQUE GUZMAN Y VALLE,2841.73,0.0,0.0,0.0,2841.73,0.0,0.0,0.0,0.0,0.0,0.0,0.0,0.0,2014-09-01,0.0,0.0,0.0
2014,9,U.N. DE FRONTERA,1927.74,0.0,0.0,1506897.54,1508825.28,0.0,0.0,0.0,0.0,0.0,0.0,0.0,0.0,2014-09-01,0.0,0.0,0.0
2014,9,U.N. DE HUANCAVELICA,148768.99,0.0,0.0,0.0,148768.99,0.0,0.0,0.0,0.0,0.0,0.0,0.0,0.0,2014-09-01,0.0,0.0,0.0
2014,9,U.N. DE INGENIERIA,2841.72,0.0,0.0,0.0,2841.72,0.0,0.0,0.0,0.0,0.0,0.0,0.0,0.0,2014-09-01,0.0,0.0,0.0
2014,9,U.N. DE JAEN,8080.55,0.0,0.0,0.0,8080.55,0.0,0.0,0.0,0.0,0.0,0.0,0.0,0.0,2014-09-01,0.0,0.0,0.0
2014,9,U.N. DE JULIACA,14846.82,0.0,0.0,0.0,14846.82,0.0,0.0,0.0,0.0,0.0,0.0,0.0,0.0,2014-09-01,0.0,0.0,0.0
2014,9,U.N. DE LA AMAZONIA PERUANA,0.0,0.0,0.0,1503736.08,1503736.08,0.0,0.0,0.0,0.0,0.0,0.0,0.0,0.0,2014-09-01,0.0,0.0,0.0
2014,9,U.N. DE PIURA,1927.74,0.0,0.0,1506897.54,1508825.28,0.0,0.0,0.0,0.0,0.0,0.0,0.0,0.0,2014-09-01,0.0,0.0,0.0
2014,9,U.N. DE SAN MARTIN,8.91,0.0,0.0,0.0,8.91,0.0,0.0,0.0,0.0,0.0,0.0,0.0,0.0,2014-09-01,0.0,0.0,0.0
2014,9,U.N. DE TUMBES,0.0,0.0,0.0,1085615.38,1085615.38,0.0,0.0,0.0,0.0,0.0,0.0,0.0,0.0,2014-09-01,0.0,0.0,0.0
2014,9,U.N. DE UCAYALI,0.0,0.0,0.0,304632.9,304632.9,0.0,0.0,0.0,0.0,0.0,0.0,0.0,0.0,2014-09-01,0.0,0.0,0.0
2014,9,U.N. DEL ALTIPLANO,14846.82,0.0,0.0,0.0,14846.82,0.0,0.0,0.0,0.0,0.0,0.0,0.0,0.0,2014-09-01,0.0,0.0,0.0
2014,9,U.N. DEL CENTRO DEL PERU,18605.65,0.0,0.0,0.0,18605.65,0.0,0.0,0.0,0.0,0.0,0.0,0.0,0.0,2014-09-01,0.0,0.0,0.0
2014,9,U.N. DEL SANTA,22084.68,0.0,0.0,0.0,22084.68,0.0,0.0,0.0,0.0,0.0,0.0,0.0,0.0,2014-09-01,0.0,0.0,0.0
2014,9,U.N. FEDERICO VILLARREAL,2841.72,0.0,0.0,0.0,2841.72,0.0,0.0,0.0,0.0,0.0,0.0,0.0,0.0,2014-09-01,0.0,0.0,0.0
2014,9,U.N. INTERCULTURAL DE LA SELVA CENTRAL JUAN SANTOS ATAHUALPA,18605.66,0.0,0.0,0.0,18605.66,0.0,0.0,0.0,0.0,0.0,0.0,0.0,0.0,2014-09-01,0.0,0.0,0.0
2014,9,U.N. INTERCULTURAL DE QUILLABAMBA,4912323.06,0.0,0.0,0.0,4912323.06,0.0,0.0,0.0,0.0,0.0,0.0,0.0,0.0,2014-09-01,0.0,0.0,0.0
2014,9,U.N. JORGE BASADRE GROHMANN,2419.58,0.0,0.0,0.0,2419.58,0.0,0.0,0.0,0.0,0.0,0.0,0.0,0.0,2014-09-01,0.0,0.0,0.0
2014,9,U.N. JOSE FAUSTINO SANCHEZ CARRION,49378.99,0.0,0.0,0.0,49378.99,0.0,0.0,0.0,0.0,0.0,0.0,0.0,0.0,2014-09-01,0.0,0.0,0.0
2014,9,U.N. MAYOR DE SAN MARCOS,2841.72,0.0,0.0,0.0,2841.72,0.0,0.0,0.0,0.0,0.0,0.0,0.0,0.0,2014-09-01,0.0,0.0,0.0
2014,9,U.N. SAN AGUSTIN,20546.51,0.0,0.0,0.0,20546.51,0.0,0.0,0.0,0.0,0.0,0.0,0.0,0.0,2014-09-01,0.0,0.0,0.0
2014,9,U.N. SAN ANTONIO ABAD,4912323.06,0.0,0.0,0.0,4912323.06,0.0,0.0,0.0,0.0,0.0,0.0,0.0,0.0,2014-09-01,0.0,0.0,0.0
2014,9,U.N. SANTIAGO ANTUNEZ DE MAYOLO,22084.67,0.0,0.0,0.0,22084.67,0.0,0.0,0.0,0.0,0.0,0.0,0.0,0.0,2014-09-01,0.0,0.0,0.0
2014,9,U.N. TECNOLOGICA DE LIMA SUR,2841.72,0.0,0.0,0.0,2841.72,0.0,0.0,0.0,0.0,0.0,0.0,0.0,0.0,2014-09-01,0.0,0.0,0.0
2014,9,UNIVERSIDAD NACIONAL INTERCULTURAL DE LA AMAZONIA,0.0,0.0,0.0,304632.9,304632.9,0.0,0.0,0.0,0.0,0.0,0.0,0.0,0.0,2014-09-01,0.0,0.0,0.0
2014,10, ,179357749.85,431036038.62,0.0,74387452.87,684781241.34,184884587.99,39896440.86,224781028.85,1554907188.77,187875262.18,0.1208273159561488,0.440400074220309,0.1208273159561488,2014-10-01,19.23063728563479,0.014599240281167011,0.05321235891492866
2014,10,GOBIERNO REGIONAL AMAZONAS,569.73,0.0,0.0,0.0,569.73,0.0,0.0,0.0,0.0,0.0,0.0,0.0,0.0,2014-10-01,0.0,0.0,0.0
2014,10,GOBIERNO REGIONAL ANCASH,7992612.189999999,0.0,0.0,0.0,7992612.189999999,0.0,0.0,0.0,0.0,0.0,0.0,0.0,0.0,2014-10-01,0.0,0.0,0.0
2014,10,GOBIERNO REGIONAL APURIMAC,4021.71,0.0,0.0,0.0,4021.71,0.0,0.0,0.0,0.0,0.0,0.0,0.0,0.0,2014-10-01,0.0,0.0,0.0
2014,10,GOBIERNO REGIONAL AREQUIPA,466699.35,0.0,0.0,0.0,466699.35,0.0,0.0,0.0,0.0,0.0,0.0,0.0,0.0,2014-10-01,0.0,0.0,0.0
2014,10,GOBIERNO REGIONAL AYACUCHO,507029.0,0.0,0.0,0.0,507029.0,0.0,0.0,0.0,0.0,0.0,0.0,0.0,0.0,2014-10-01,0.0,0.0,0.0
2014,10,GOBIERNO REGIONAL CAJAMARCA,391201.47,0.0,0.0,0.0,391201.47,0.0,0.0,0.0,0.0,0.0,0.0,0.0,0.0,2014-10-01,0.0,0.0,0.0
2014,10,GOBIERNO REGIONAL CALLAO,317088.6,0.0,0.0,0.0,317088.6,0.0,0.0,0.0,0.0,0.0,0.0,0.0,0.0,2014-10-01,0.0,0.0,0.0
2014,10,GOBIERNO REGIONAL CUSCO,43427322.34,0.0,0.0,0.0,43427322.34,0.0,0.0,0.0,0.0,0.0,0.0,0.0,0.0,2014-10-01,0.0,0.0,0.0
2014,10,GOBIERNO REGIONAL HUANCAVELICA,1217252.7199999995,0.0,0.0,0.0,1217252.7199999995,0.0,0.0,0.0,0.0,0.0,0.0,0.0,0.0,2014-10-01,0.0,0.0,0.0
2014,10,GOBIERNO REGIONAL HUANUCO,47.42,0.0,0.0,0.0,47.42,0.0,0.0,0.0,0.0,0.0,0.0,0.0,0.0,2014-10-01,0.0,0.0,0.0
2014,10,GOBIERNO REGIONAL ICA,544280.89,0.0,0.0,0.0,544280.89,0.0,0.0,0.0,0.0,0.0,0.0,0.0,0.0,2014-10-01,0.0,0.0,0.0
2014,10,GOBIERNO REGIONAL JUNIN,249426.67,0.0,0.0,0.0,249426.67,0.0,0.0,0.0,0.0,0.0,0.0,0.0,0.0,2014-10-01,0.0,0.0,0.0
2014,10,GOBIERNO REGIONAL LA LIBERTAD,516133.44,0.0,0.0,0.0,516133.44,0.0,0.0,0.0,0.0,0.0,0.0,0.0,0.0,2014-10-01,0.0,0.0,0.0
2014,10,GOBIERNO REGIONAL LAMBAYEQUE,170.29000000000002,0.0,0.0,0.0,170.29000000000002,0.0,0.0,0.0,0.0,0.0,0.0,0.0,0.0,2014-10-01,0.0,0.0,0.0
2014,10,GOBIERNO REGIONAL LIMA,1890774.28,0.0,0.0,0.0,1890774.28,0.0,0.0,0.0,0.0,0.0,0.0,0.0,0.0,2014-10-01,0.0,0.0,0.0
2014,10,GOBIERNO REGIONAL LORETO,1902338.74,0.0,0.0,16796044.740000002,18698383.48,0.0,0.0,0.0,0.0,0.0,0.0,0.0,0.0,2014-10-01,0.0,0.0,0.0
2014,10,GOBIERNO REGIONAL MADRE DE DIOS,2305.58,0.0,0.0,0.0,2305.58,0.0,0.0,0.0,0.0,0.0,0.0,0.0,0.0,2014-10-01,0.0,0.0,0.0
2014,10,GOBIERNO REGIONAL MOQUEGUA,218121.86,0.0,0.0,0.0,218121.86,0.0,0.0,0.0,0.0,0.0,0.0,0.0,0.0,2014-10-01,0.0,0.0,0.0
2014,10,GOBIERNO REGIONAL PASCO,1002391.02,0.0,0.0,0.0,1002391.02,0.0,0.0,0.0,0.0,0.0,0.0,0.0,0.0,2014-10-01,0.0,0.0,0.0
2014,10,GOBIERNO REGIONAL PIURA,310593.89,0.0,0.0,16712377.87,17022971.76,0.0,0.0,0.0,0.0,0.0,0.0,0.0,0.0,2014-10-01,0.0,0.0,0.0
2014,10,GOBIERNO REGIONAL PUNO,-291566.92,0.0,0.0,0.0,-291566.92,0.0,0.0,0.0,0.0,0.0,0.0,0.0,0.0,2014-10-01,0.0,0.0,0.0
2014,10,GOBIERNO REGIONAL SAN MARTIN,1354.76,0.0,0.0,0.0,1354.76,0.0,0.0,0.0,0.0,0.0,0.0,0.0,0.0,2014-10-01,0.0,0.0,0.0
2014,10,GOBIERNO REGIONAL TACNA,193506.34,0.0,0.0,0.0,193506.34,0.0,0.0,0.0,0.0,0.0,0.0,0.0,0.0,2014-10-01,0.0,0.0,0.0
2014,10,GOBIERNO REGIONAL TUMBES,442.18,0.0,0.0,6377240.22,6377682.399999999,0.0,0.0,0.0,0.0,0.0,0.0,0.0,0.0,2014-10-01,0.0,0.0,0.0
2014,10,GOBIERNO REGIONAL UCAYALI,1136.64,0.0,0.0,5931885.69,5933022.329999999,0.0,0.0,0.0,0.0,0.0,0.0,0.0,0.0,2014-10-01,0.0,0.0,0.0
2014,10,INSTITUTO DE INVESTIGACIONES DE LA AMAZONIA PERUANA,0.0,0.0,0.0,1309838.87,1309838.87,0.0,0.0,0.0,0.0,0.0,0.0,0.0,0.0,2014-10-01,0.0,0.0,0.0
2014,10,MUNICIPALIDAD METROPOLITANA DE LIMA,116343.7,0.0,0.0,0.0,116343.7,0.0,0.0,0.0,0.0,0.0,0.0,0.0,0.0,2014-10-01,0.0,0.0,0.0
2014,10,U. N. AUTÓNOMA ALTOANDINA DE TARMA,37679.34,0.0,0.0,0.0,37679.34,0.0,0.0,0.0,0.0,0.0,0.0,0.0,0.0,2014-10-01,0.0,0.0,0.0
2014,10,U.N. AGRARIA DE LA MOLINA,3475.73,0.0,0.0,0.0,3475.73,0.0,0.0,0.0,0.0,0.0,0.0,0.0,0.0,2014-10-01,0.0,0.0,0.0
2014,10,U.N. AGRARIA DE LA SELVA,535.95,0.0,0.0,0.0,535.95,0.0,0.0,0.0,0.0,0.0,0.0,0.0,0.0,2014-10-01,0.0,0.0,0.0
2014,10,U.N. AMAZONICA DE MADRE DE DIOS,540.38,0.0,0.0,0.0,540.38,0.0,0.0,0.0,0.0,0.0,0.0,0.0,0.0,2014-10-01,0.0,0.0,0.0
2014,10,U.N. AUTONOMA DE CHOTA,66514.69,0.0,0.0,0.0,66514.69,0.0,0.0,0.0,0.0,0.0,0.0,0.0,0.0,2014-10-01,0.0,0.0,0.0
2014,10,U.N. AUTONOMA DE HUANTA,10019.5,0.0,0.0,0.0,10019.5,0.0,0.0,0.0,0.0,0.0,0.0,0.0,0.0,2014-10-01,0.0,0.0,0.0
2014,10,U.N. DANIEL ALCIDES CARRION,303351.48000000004,0.0,0.0,0.0,303351.48000000004,0.0,0.0,0.0,0.0,0.0,0.0,0.0,0.0,2014-10-01,0.0,0.0,0.0
2014,10,U.N. DE BARRANCA,111349.72,0.0,0.0,0.0,111349.72,0.0,0.0,0.0,0.0,0.0,0.0,0.0,0.0,2014-10-01,0.0,0.0,0.0
2014,10,U.N. DE CAJAMARCA,80269.81999999999,0.0,0.0,0.0,80269.81999999999,0.0,0.0,0.0,0.0,0.0,0.0,0.0,0.0,2014-10-01,0.0,0.0,0.0
2014,10,U.N. DE CAÑETE,110063.81,0.0,0.0,0.0,110063.81,0.0,0.0,0.0,0.0,0.0,0.0,0.0,0.0,2014-10-01,0.0,0.0,0.0
2014,10,U.N. DE EDUCACION ENRIQUE GUZMAN Y VALLE,3478.28,0.0,0.0,0.0,3478.28,0.0,0.0,0.0,0.0,0.0,0.0,0.0,0.0,2014-10-01,0.0,0.0,0.0
2014,10,U.N. DE FRONTERA,40804.92,0.0,0.0,1643240.21,1684045.13,0.0,0.0,0.0,0.0,0.0,0.0,0.0,0.0,2014-10-01,0.0,0.0,0.0
2014,10,U.N. DE HUANCAVELICA,157585.12,0.0,0.0,0.0,157585.12,0.0,0.0,0.0,0.0,0.0,0.0,0.0,0.0,2014-10-01,0.0,0.0,0.0
2014,10,U.N. DE INGENIERIA,3240.21,0.0,0.0,0.0,3240.21,0.0,0.0,0.0,0.0,0.0,0.0,0.0,0.0,2014-10-01,0.0,0.0,0.0
2014,10,U.N. DE JAEN,80269.76,0.0,0.0,0.0,80269.76,0.0,0.0,0.0,0.0,0.0,0.0,0.0,0.0,2014-10-01,0.0,0.0,0.0
2014,10,U.N. DE JULIACA,64716.08,0.0,0.0,0.0,64716.08,0.0,0.0,0.0,0.0,0.0,0.0,0.0,0.0,2014-10-01,0.0,0.0,0.0
2014,10,U.N. DE LA AMAZONIA PERUANA,67.42,0.0,0.0,1551284.85,1551352.27,0.0,0.0,0.0,0.0,0.0,0.0,0.0,0.0,2014-10-01,0.0,0.0,0.0
2014,10,U.N. DE MOQUEGUA,169124.93,0.0,0.0,0.0,169124.93,0.0,0.0,0.0,0.0,0.0,0.0,0.0,0.0,2014-10-01,0.0,0.0,0.0
2014,10,U.N. DE PIURA,40804.92,0.0,0.0,1616387.66,1657192.58,0.0,0.0,0.0,0.0,0.0,0.0,0.0,0.0,2014-10-01,0.0,0.0,0.0
2014,10,U.N. DE SAN MARTIN,318.96,0.0,0.0,0.0,318.96,0.0,0.0,0.0,0.0,0.0,0.0,0.0,0.0,2014-10-01,0.0,0.0,0.0
2014,10,U.N. DE TUMBES,124.82,0.0,0.0,1048608.5699999998,1048733.39,0.0,0.0,0.0,0.0,0.0,0.0,0.0,0.0,2014-10-01,0.0,0.0,0.0
2014,10,U.N. DE UCAYALI,5.91,0.0,0.0,317983.03,317988.94,0.0,0.0,0.0,0.0,0.0,0.0,0.0,0.0,2014-10-01,0.0,0.0,0.0
2014,10,U.N. DEL ALTIPLANO,25601.07,0.0,0.0,0.0,25601.07,0.0,0.0,0.0,0.0,0.0,0.0,0.0,0.0,2014-10-01,0.0,0.0,0.0
2014,10,U.N. DEL CALLAO,84017.57,0.0,0.0,0.0,84017.57,0.0,0.0,0.0,0.0,0.0,0.0,0.0,0.0,2014-10-01,0.0,0.0,0.0
2014,10,U.N. DEL CENTRO DEL PERU,32112.8,0.0,0.0,0.0,32112.8,0.0,0.0,0.0,0.0,0.0,0.0,0.0,0.0,2014-10-01,0.0,0.0,0.0
2014,10,U.N. DEL SANTA,282384.27,0.0,0.0,0.0,282384.27,0.0,0.0,0.0,0.0,0.0,0.0,0.0,0.0,2014-10-01,0.0,0.0,0.0
2014,10,U.N. FEDERICO VILLARREAL,3478.31,0.0,0.0,0.0,3478.31,0.0,0.0,0.0,0.0,0.0,0.0,0.0,0.0,2014-10-01,0.0,0.0,0.0
2014,10,U.N. HERMILIO VALDIZAN,315.65,0.0,0.0,0.0,315.65,0.0,0.0,0.0,0.0,0.0,0.0,0.0,0.0,2014-10-01,0.0,0.0,0.0
2014,10,U.N. INTERCULTURAL DE LA SELVA CENTRAL JUAN SANTOS ATAHUALPA,32050.06,0.0,0.0,0.0,32050.06,0.0,0.0,0.0,0.0,0.0,0.0,0.0,0.0,2014-10-01,0.0,0.0,0.0
2014,10,U.N. INTERCULTURAL DE QUILLABAMBA,4951774.55,0.0,0.0,0.0,4951774.55,0.0,0.0,0.0,0.0,0.0,0.0,0.0,0.0,2014-10-01,0.0,0.0,0.0
2014,10,U.N. INTERCULTURAL FABIOLA SALAZAR LEGUIA  DE  BAGUA,0.07,0.0,0.0,0.0,0.07,0.0,0.0,0.0,0.0,0.0,0.0,0.0,0.0,2014-10-01,0.0,0.0,0.0
2014,10,U.N. JORGE BASADRE GROHMANN,171673.43,0.0,0.0,0.0,171673.43,0.0,0.0,0.0,0.0,0.0,0.0,0.0,0.0,2014-10-01,0.0,0.0,0.0
2014,10,U.N. JOSE FAUSTINO SANCHEZ CARRION,111349.77,0.0,0.0,0.0,111349.77,0.0,0.0,0.0,0.0,0.0,0.0,0.0,0.0,2014-10-01,0.0,0.0,0.0
2014,10,U.N. JOSE MARIA ARGUEDAS,1571.18,0.0,0.0,0.0,1571.18,0.0,0.0,0.0,0.0,0.0,0.0,0.0,0.0,2014-10-01,0.0,0.0,0.0
2014,10,U.N. MAYOR DE SAN MARCOS,3361.15,0.0,0.0,0.0,3361.15,0.0,0.0,0.0,0.0,0.0,0.0,0.0,0.0,2014-10-01,0.0,0.0,0.0
2014,10,U.N. MICAELA BASTIDAS DE APURIMAC,1677.65,0.0,0.0,0.0,1677.65,0.0,0.0,0.0,0.0,0.0,0.0,0.0,0.0,2014-10-01,0.0,0.0,0.0
2014,10,U.N. PEDRO RUIZ GALLO,114.56,0.0,0.0,0.0,114.56,0.0,0.0,0.0,0.0,0.0,0.0,0.0,0.0,2014-10-01,0.0,0.0,0.0
2014,10,U.N. SAN AGUSTIN,326523.74,0.0,0.0,0.0,326523.74,0.0,0.0,0.0,0.0,0.0,0.0,0.0,0.0,2014-10-01,0.0,0.0,0.0
2014,10,U.N. SAN ANTONIO ABAD,5388110.6,0.0,0.0,0.0,5388110.6,0.0,0.0,0.0,0.0,0.0,0.0,0.0,0.0,2014-10-01,0.0,0.0,0.0
2014,10,U.N. SAN CRISTOBAL DE HUAMANGA,10195.22,0.0,0.0,0.0,10195.22,0.0,0.0,0.0,0.0,0.0,0.0,0.0,0.0,2014-10-01,0.0,0.0,0.0
2014,10,U.N. SAN LUIS GONZAGA,213478.61,0.0,0.0,0.0,213478.61,0.0,0.0,0.0,0.0,0.0,0.0,0.0,0.0,2014-10-01,0.0,0.0,0.0
2014,10,U.N. SANTIAGO ANTUNEZ DE MAYOLO,271239.25,0.0,0.0,0.0,271239.25,0.0,0.0,0.0,0.0,0.0,0.0,0.0,0.0,2014-10-01,0.0,0.0,0.0
2014,10,U.N. TECNOLOGICA DE LIMA SUR,3478.31,0.0,0.0,0.0,3478.31,0.0,0.0,0.0,0.0,0.0,0.0,0.0,0.0,2014-10-01,0.0,0.0,0.0
2014,10,U.N. TORIBIO RODRIGUEZ DE MENDOZA DE AMAZONAS,2.26,0.0,0.0,0.0,2.26,0.0,0.0,0.0,0.0,0.0,0.0,0.0,0.0,2014-10-01,0.0,0.0,0.0
2014,10,U.N. TRUJILLO,137040.09,0.0,0.0,0.0,137040.09,0.0,0.0,0.0,0.0,0.0,0.0,0.0,0.0,2014-10-01,0.0,0.0,0.0
2014,10,UNIVERSIDAD NACIONAL INTERCULTURAL DE LA AMAZONIA,46.37,0.0,0.0,335271.82,335318.19,0.0,0.0,0.0,0.0,0.0,0.0,0.0,0.0,2014-10-01,0.0,0.0,0.0
2014,11, ,171098513.31,445444169.67,0.0,71228879.75,687771562.73,186268404.41,31771803.99,218040208.4,1187690163.72,189921212.23,0.1599080450705612,0.5790833196562056,0.1599080450705612,2014-11-01,19.200190050534136,0.02557058287828863,0.09260008157919472
2014,11,GOBIERNO REGIONAL AMAZONAS,170.64,0.0,0.0,0.0,170.64,0.0,0.0,0.0,0.0,0.0,0.0,0.0,0.0,2014-11-01,0.0,0.0,0.0
2014,11,GOBIERNO REGIONAL ANCASH,33289782.01,0.0,0.0,0.0,33289782.01,0.0,0.0,0.0,0.0,0.0,0.0,0.0,0.0,2014-11-01,0.0,0.0,0.0
2014,11,GOBIERNO REGIONAL APURIMAC,719.38,0.0,0.0,0.0,719.38,0.0,0.0,0.0,0.0,0.0,0.0,0.0,0.0,2014-11-01,0.0,0.0,0.0
2014,11,GOBIERNO REGIONAL AREQUIPA,151581.44,0.0,0.0,0.0,151581.44,0.0,0.0,0.0,0.0,0.0,0.0,0.0,0.0,2014-11-01,0.0,0.0,0.0
2014,11,GOBIERNO REGIONAL AYACUCHO,1202.1,0.0,0.0,0.0,1202.1,0.0,0.0,0.0,0.0,0.0,0.0,0.0,0.0,2014-11-01,0.0,0.0,0.0
2014,11,GOBIERNO REGIONAL CAJAMARCA,4609646.0,0.0,0.0,0.0,4609646.0,0.0,0.0,0.0,0.0,0.0,0.0,0.0,0.0,2014-11-01,0.0,0.0,0.0
2014,11,GOBIERNO REGIONAL CALLAO,171721.95,0.0,0.0,0.0,171721.95,0.0,0.0,0.0,0.0,0.0,0.0,0.0,0.0,2014-11-01,0.0,0.0,0.0
2014,11,GOBIERNO REGIONAL CUSCO,41853100.12,0.0,0.0,0.0,41853100.12,0.0,0.0,0.0,0.0,0.0,0.0,0.0,0.0,2014-11-01,0.0,0.0,0.0
2014,11,GOBIERNO REGIONAL HUANCAVELICA,1192251.93,0.0,0.0,0.0,1192251.93,0.0,0.0,0.0,0.0,0.0,0.0,0.0,0.0,2014-11-01,0.0,0.0,0.0
2014,11,GOBIERNO REGIONAL HUANUCO,36.98,0.0,0.0,0.0,36.98,0.0,0.0,0.0,0.0,0.0,0.0,0.0,0.0,2014-11-01,0.0,0.0,0.0
2014,11,GOBIERNO REGIONAL ICA,9668602.43,0.0,0.0,0.0,9668602.43,0.0,0.0,0.0,0.0,0.0,0.0,0.0,0.0,2014-11-01,0.0,0.0,0.0
2014,11,GOBIERNO REGIONAL JUNIN,229678.6,0.0,0.0,0.0,229678.6,0.0,0.0,0.0,0.0,0.0,0.0,0.0,0.0,2014-11-01,0.0,0.0,0.0
2014,11,GOBIERNO REGIONAL LA LIBERTAD,40944117.83,0.0,0.0,0.0,40944117.83,0.0,0.0,0.0,0.0,0.0,0.0,0.0,0.0,2014-11-01,0.0,0.0,0.0
2014,11,GOBIERNO REGIONAL LAMBAYEQUE,60.24,0.0,0.0,0.0,60.24,0.0,0.0,0.0,0.0,0.0,0.0,0.0,0.0,2014-11-01,0.0,0.0,0.0
2014,11,GOBIERNO REGIONAL LIMA,317030.59,0.0,0.0,0.0,317030.59,0.0,0.0,0.0,0.0,0.0,0.0,0.0,0.0,2014-11-01,0.0,0.0,0.0
2014,11,GOBIERNO REGIONAL LORETO,1900782.96,0.0,0.0,14670630.8,16571413.759999998,0.0,0.0,0.0,0.0,0.0,0.0,0.0,0.0,2014-11-01,0.0,0.0,0.0
2014,11,GOBIERNO REGIONAL MADRE DE DIOS,635.06,0.0,0.0,0.0,635.06,0.0,0.0,0.0,0.0,0.0,0.0,0.0,0.0,2014-11-01,0.0,0.0,0.0
2014,11,GOBIERNO REGIONAL MOQUEGUA,2076514.5,0.0,0.0,0.0,2076514.5,0.0,0.0,0.0,0.0,0.0,0.0,0.0,0.0,2014-11-01,0.0,0.0,0.0
2014,11,GOBIERNO REGIONAL PASCO,2219593.25,0.0,0.0,0.0,2219593.25,0.0,0.0,0.0,0.0,0.0,0.0,0.0,0.0,2014-11-01,0.0,0.0,0.0
2014,11,GOBIERNO REGIONAL PIURA,18815.73,0.0,0.0,6661416.050000001,6680231.780000001,0.0,0.0,0.0,0.0,0.0,0.0,0.0,0.0,2014-11-01,0.0,0.0,0.0
2014,11,GOBIERNO REGIONAL PUNO,-352269.03,0.0,0.0,0.0,-352269.03,0.0,0.0,0.0,0.0,0.0,0.0,0.0,0.0,2014-11-01,0.0,0.0,0.0
2014,11,GOBIERNO REGIONAL SAN MARTIN,449.1,0.0,0.0,0.0,449.1,0.0,0.0,0.0,0.0,0.0,0.0,0.0,0.0,2014-11-01,0.0,0.0,0.0
2014,11,GOBIERNO REGIONAL TACNA,479553.81,0.0,0.0,0.0,479553.81,0.0,0.0,0.0,0.0,0.0,0.0,0.0,0.0,2014-11-01,0.0,0.0,0.0
2014,11,GOBIERNO REGIONAL TUMBES,18.76,0.0,0.0,6742017.38,6742036.14,0.0,0.0,0.0,0.0,0.0,0.0,0.0,0.0,2014-11-01,0.0,0.0,0.0
2014,11,GOBIERNO REGIONAL UCAYALI,408.47,0.0,0.0,4973220.01,4973628.48,0.0,0.0,0.0,0.0,0.0,0.0,0.0,0.0,2014-11-01,0.0,0.0,0.0
2014,11,INSTITUTO DE INVESTIGACIONES DE LA AMAZONIA PERUANA,0.0,0.0,0.0,1121562.41,1121562.41,0.0,0.0,0.0,0.0,0.0,0.0,0.0,0.0,2014-11-01,0.0,0.0,0.0
2014,11,MUNICIPALIDAD METROPOLITANA DE LIMA,97987.61,0.0,0.0,0.0,97987.61,0.0,0.0,0.0,0.0,0.0,0.0,0.0,0.0,2014-11-01,0.0,0.0,0.0
2014,11,U. N. AUTÓNOMA ALTOANDINA DE TARMA,18957.19,0.0,0.0,0.0,18957.19,0.0,0.0,0.0,0.0,0.0,0.0,0.0,0.0,2014-11-01,0.0,0.0,0.0
2014,11,U.N. AGRARIA DE LA MOLINA,3018.0,0.0,0.0,0.0,3018.0,0.0,0.0,0.0,0.0,0.0,0.0,0.0,0.0,2014-11-01,0.0,0.0,0.0
2014,11,U.N. AGRARIA DE LA SELVA,158.18,0.0,0.0,0.0,158.18,0.0,0.0,0.0,0.0,0.0,0.0,0.0,0.0,2014-11-01,0.0,0.0,0.0
2014,11,U.N. AMAZONICA DE MADRE DE DIOS,186.31,0.0,0.0,0.0,186.31,0.0,0.0,0.0,0.0,0.0,0.0,0.0,0.0,2014-11-01,0.0,0.0,0.0
2014,11,U.N. AUTONOMA DE CHOTA,23043.91,0.0,0.0,0.0,23043.91,0.0,0.0,0.0,0.0,0.0,0.0,0.0,0.0,2014-11-01,0.0,0.0,0.0
2014,11,U.N. AUTONOMA DE HUANTA,2896.5,0.0,0.0,0.0,2896.5,0.0,0.0,0.0,0.0,0.0,0.0,0.0,0.0,2014-11-01,0.0,0.0,0.0
2014,11,U.N. DANIEL ALCIDES CARRION,260071.4,0.0,0.0,0.0,260071.4,0.0,0.0,0.0,0.0,0.0,0.0,0.0,0.0,2014-11-01,0.0,0.0,0.0
2014,11,U.N. DE BARRANCA,92196.0,0.0,0.0,0.0,92196.0,0.0,0.0,0.0,0.0,0.0,0.0,0.0,0.0,2014-11-01,0.0,0.0,0.0
2014,11,U.N. DE CAJAMARCA,29092.33,0.0,0.0,0.0,29092.33,0.0,0.0,0.0,0.0,0.0,0.0,0.0,0.0,2014-11-01,0.0,0.0,0.0
2014,11,U.N. DE CAÑETE,91529.58,0.0,0.0,0.0,91529.58,0.0,0.0,0.0,0.0,0.0,0.0,0.0,0.0,2014-11-01,0.0,0.0,0.0
2014,11,U.N. DE EDUCACION ENRIQUE GUZMAN Y VALLE,3020.46,0.0,0.0,0.0,3020.46,0.0,0.0,0.0,0.0,0.0,0.0,0.0,0.0,2014-11-01,0.0,0.0,0.0
2014,11,U.N. DE FRONTERA,2948.92,0.0,0.0,1427174.2200000002,1430123.14,0.0,0.0,0.0,0.0,0.0,0.0,0.0,0.0,2014-11-01,0.0,0.0,0.0
2014,11,U.N. DE HUANCAVELICA,151528.6,0.0,0.0,0.0,151528.6,0.0,0.0,0.0,0.0,0.0,0.0,0.0,0.0,2014-11-01,0.0,0.0,0.0
2014,11,U.N. DE INGENIERIA,2950.83,0.0,0.0,0.0,2950.83,0.0,0.0,0.0,0.0,0.0,0.0,0.0,0.0,2014-11-01,0.0,0.0,0.0
2014,11,U.N. DE JAEN,28883.42,0.0,0.0,0.0,28883.42,0.0,0.0,0.0,0.0,0.0,0.0,0.0,0.0,2014-11-01,0.0,0.0,0.0
2014,11,U.N. DE JULIACA,28492.11,0.0,0.0,0.0,28492.11,0.0,0.0,0.0,0.0,0.0,0.0,0.0,0.0,2014-11-01,0.0,0.0,0.0
2014,11,U.N. DE LA AMAZONIA PERUANA,32.12,0.0,0.0,1290825.96,1290858.08,0.0,0.0,0.0,0.0,0.0,0.0,0.0,0.0,2014-11-01,0.0,0.0,0.0
2014,11,U.N. DE MOQUEGUA,52532.48,0.0,0.0,0.0,52532.48,0.0,0.0,0.0,0.0,0.0,0.0,0.0,0.0,2014-11-01,0.0,0.0,0.0
2014,11,U.N. DE PIURA,2948.93,0.0,0.0,1411697.34,1414646.27,0.0,0.0,0.0,0.0,0.0,0.0,0.0,0.0,2014-11-01,0.0,0.0,0.0
2014,11,U.N. DE SAN MARTIN,56.14999999999999,0.0,0.0,0.0,56.14999999999999,0.0,0.0,0.0,0.0,0.0,0.0,0.0,0.0,2014-11-01,0.0,0.0,0.0
2014,11,U.N. DE TUMBES,8.6,0.0,0.0,1065579.25,1065587.85,0.0,0.0,0.0,0.0,0.0,0.0,0.0,0.0,2014-11-01,0.0,0.0,0.0
2014,11,U.N. DE UCAYALI,11.37,0.0,0.0,267840.4,267851.77,0.0,0.0,0.0,0.0,0.0,0.0,0.0,0.0,2014-11-01,0.0,0.0,0.0
2014,11,U.N. DEL ALTIPLANO,15514.24,0.0,0.0,0.0,15514.24,0.0,0.0,0.0,0.0,0.0,0.0,0.0,0.0,2014-11-01,0.0,0.0,0.0
2014,11,U.N. DEL CALLAO,44082.18,0.0,0.0,0.0,44082.18,0.0,0.0,0.0,0.0,0.0,0.0,0.0,0.0,2014-11-01,0.0,0.0,0.0
2014,11,U.N. DEL CENTRO DEL PERU,22624.94,0.0,0.0,0.0,22624.94,0.0,0.0,0.0,0.0,0.0,0.0,0.0,0.0,2014-11-01,0.0,0.0,0.0
2014,11,U.N. DEL SANTA,145525.09,0.0,0.0,0.0,145525.09,0.0,0.0,0.0,0.0,0.0,0.0,0.0,0.0,2014-11-01,0.0,0.0,0.0
2014,11,U.N. FEDERICO VILLARREAL,3020.45,0.0,0.0,0.0,3020.45,0.0,0.0,0.0,0.0,0.0,0.0,0.0,0.0,2014-11-01,0.0,0.0,0.0
2014,11,U.N. HERMILIO VALDIZAN,73.22,0.0,0.0,0.0,73.22,0.0,0.0,0.0,0.0,0.0,0.0,0.0,0.0,2014-11-01,0.0,0.0,0.0
2014,11,U.N. INTERCULTURAL DE LA SELVA CENTRAL JUAN SANTOS ATAHUALPA,22538.7,0.0,0.0,0.0,22538.7,0.0,0.0,0.0,0.0,0.0,0.0,0.0,0.0,2014-11-01,0.0,0.0,0.0
2014,11,U.N. INTERCULTURAL DE QUILLABAMBA,5017063.18,0.0,0.0,0.0,5017063.18,0.0,0.0,0.0,0.0,0.0,0.0,0.0,0.0,2014-11-01,0.0,0.0,0.0
2014,11,U.N. JORGE BASADRE GROHMANN,51975.45,0.0,0.0,0.0,51975.45,0.0,0.0,0.0,0.0,0.0,0.0,0.0,0.0,2014-11-01,0.0,0.0,0.0
2014,11,U.N. JOSE FAUSTINO SANCHEZ CARRION,92196.78,0.0,0.0,0.0,92196.78,0.0,0.0,0.0,0.0,0.0,0.0,0.0,0.0,2014-11-01,0.0,0.0,0.0
2014,11,U.N. JOSE MARIA ARGUEDAS,398.41,0.0,0.0,0.0,398.41,0.0,0.0,0.0,0.0,0.0,0.0,0.0,0.0,2014-11-01,0.0,0.0,0.0
2014,11,U.N. MAYOR DE SAN MARCOS,2858.08,0.0,0.0,0.0,2858.08,0.0,0.0,0.0,0.0,0.0,0.0,0.0,0.0,2014-11-01,0.0,0.0,0.0
2014,11,U.N. MICAELA BASTIDAS DE APURIMAC,480.88,0.0,0.0,0.0,480.88,0.0,0.0,0.0,0.0,0.0,0.0,0.0,0.0,2014-11-01,0.0,0.0,0.0
2014,11,U.N. PEDRO RUIZ GALLO,37.1,0.0,0.0,0.0,37.1,0.0,0.0,0.0,0.0,0.0,0.0,0.0,0.0,2014-11-01,0.0,0.0,0.0
2014,11,U.N. SAN AGUSTIN,100232.43,0.0,0.0,0.0,100232.43,0.0,0.0,0.0,0.0,0.0,0.0,0.0,0.0,2014-11-01,0.0,0.0,0.0
2014,11,U.N. SAN ANTONIO ABAD,5149222.380000001,0.0,0.0,0.0,5149222.380000001,0.0,0.0,0.0,0.0,0.0,0.0,0.0,0.0,2014-11-01,0.0,0.0,0.0
2014,11,U.N. SAN CRISTOBAL DE HUAMANGA,2978.73,0.0,0.0,0.0,2978.73,0.0,0.0,0.0,0.0,0.0,0.0,0.0,0.0,2014-11-01,0.0,0.0,0.0
2014,11,U.N. SAN LUIS GONZAGA,74614.18,0.0,0.0,0.0,74614.18,0.0,0.0,0.0,0.0,0.0,0.0,0.0,0.0,2014-11-01,0.0,0.0,0.0
2014,11,U.N. SANTIAGO ANTUNEZ DE MAYOLO,141627.73,0.0,0.0,0.0,141627.73,0.0,0.0,0.0,0.0,0.0,0.0,0.0,0.0,2014-11-01,0.0,0.0,0.0
2014,11,U.N. TECNOLOGICA DE LIMA SUR,3020.45,0.0,0.0,0.0,3020.45,0.0,0.0,0.0,0.0,0.0,0.0,0.0,0.0,2014-11-01,0.0,0.0,0.0
2014,11,U.N. TORIBIO RODRIGUEZ DE MENDOZA DE AMAZONAS,1.1,0.0,0.0,0.0,1.1,0.0,0.0,0.0,0.0,0.0,0.0,0.0,0.0,2014-11-01,0.0,0.0,0.0
2014,11,U.N. TRUJILLO,46683.06,0.0,0.0,0.0,46683.06,0.0,0.0,0.0,0.0,0.0,0.0,0.0,0.0,2014-11-01,0.0,0.0,0.0
2014,11,UNIVERSIDAD NACIONAL INTERCULTURAL DE LA AMAZONIA,23.09,0.0,0.0,272789.79000000004,272812.88000000006,0.0,0.0,0.0,0.0,0.0,0.0,0.0,0.0,2014-11-01,0.0,0.0,0.0
2014,12, ,162734186.07,432825621.91,0.0,62418635.6,657978443.58,369673123.25,73692504.81,443365628.06,2037330980.71,245919121.41,0.1207065144242288,0.3229609964261662,0.1207065144242288,2014-12-01,19.909905335362474,0.014570062624446557,0.03898349617357834
2014,12,GOBIERNO REGIONAL AMAZONAS,193.61,0.0,0.0,0.0,193.61,0.0,0.0,0.0,0.0,0.0,0.0,0.0,0.0,2014-12-01,0.0,0.0,0.0
2014,12,GOBIERNO REGIONAL ANCASH,-5072432.25,0.0,0.0,0.0,-5072432.25,0.0,0.0,0.0,0.0,0.0,0.0,0.0,0.0,2014-12-01,0.0,0.0,0.0
2014,12,GOBIERNO REGIONAL APURIMAC,812.89,0.0,0.0,0.0,812.89,0.0,0.0,0.0,0.0,0.0,0.0,0.0,0.0,2014-12-01,0.0,0.0,0.0
2014,12,GOBIERNO REGIONAL AREQUIPA,152543.40000000002,0.0,0.0,0.0,152543.40000000002,0.0,0.0,0.0,0.0,0.0,0.0,0.0,0.0,2014-12-01,0.0,0.0,0.0
2014,12,GOBIERNO REGIONAL AYACUCHO,201337.4,0.0,0.0,0.0,201337.4,0.0,0.0,0.0,0.0,0.0,0.0,0.0,0.0,2014-12-01,0.0,0.0,0.0
2014,12,GOBIERNO REGIONAL CAJAMARCA,9349977.08,0.0,0.0,0.0,9349977.08,0.0,0.0,0.0,0.0,0.0,0.0,0.0,0.0,2014-12-01,0.0,0.0,0.0
2014,12,GOBIERNO REGIONAL CALLAO,171831.08000000002,0.0,0.0,0.0,171831.08000000002,0.0,0.0,0.0,0.0,0.0,0.0,0.0,0.0,2014-12-01,0.0,0.0,0.0
2014,12,GOBIERNO REGIONAL CUSCO,43432206.97,0.0,0.0,0.0,43432206.97,0.0,0.0,0.0,0.0,0.0,0.0,0.0,0.0,2014-12-01,0.0,0.0,0.0
2014,12,GOBIERNO REGIONAL HUANCAVELICA,1050086.47,0.0,0.0,0.0,1050086.47,0.0,0.0,0.0,0.0,0.0,0.0,0.0,0.0,2014-12-01,0.0,0.0,0.0
2014,12,GOBIERNO REGIONAL HUANUCO,41.81,0.0,0.0,0.0,41.81,0.0,0.0,0.0,0.0,0.0,0.0,0.0,0.0,2014-12-01,0.0,0.0,0.0
2014,12,GOBIERNO REGIONAL ICA,217120.73,0.0,0.0,0.0,217120.73,0.0,0.0,0.0,0.0,0.0,0.0,0.0,0.0,2014-12-01,0.0,0.0,0.0
2014,12,GOBIERNO REGIONAL JUNIN,230520.4,0.0,0.0,0.0,230520.4,0.0,0.0,0.0,0.0,0.0,0.0,0.0,0.0,2014-12-01,0.0,0.0,0.0
2014,12,GOBIERNO REGIONAL LA LIBERTAD,59035970.07,0.0,0.0,0.0,59035970.07,0.0,0.0,0.0,0.0,0.0,0.0,0.0,0.0,2014-12-01,0.0,0.0,0.0
2014,12,GOBIERNO REGIONAL LAMBAYEQUE,68.34,0.0,0.0,0.0,68.34,0.0,0.0,0.0,0.0,0.0,0.0,0.0,0.0,2014-12-01,0.0,0.0,0.0
2014,12,GOBIERNO REGIONAL LIMA,1022365.49,0.0,0.0,0.0,1022365.49,0.0,0.0,0.0,0.0,0.0,0.0,0.0,0.0,2014-12-01,0.0,0.0,0.0
2014,12,GOBIERNO REGIONAL LORETO,1900888.37,0.0,0.0,13425900.08,15326788.45,0.0,0.0,0.0,0.0,0.0,0.0,0.0,0.0,2014-12-01,0.0,0.0,0.0
2014,12,GOBIERNO REGIONAL MADRE DE DIOS,718.27,0.0,0.0,0.0,718.27,0.0,0.0,0.0,0.0,0.0,0.0,0.0,0.0,2014-12-01,0.0,0.0,0.0
2014,12,GOBIERNO REGIONAL MOQUEGUA,77036.59999999999,0.0,0.0,0.0,77036.59999999999,0.0,0.0,0.0,0.0,0.0,0.0,0.0,0.0,2014-12-01,0.0,0.0,0.0
2014,12,GOBIERNO REGIONAL PASCO,995850.94,0.0,0.0,0.0,995850.94,0.0,0.0,0.0,0.0,0.0,0.0,0.0,0.0,2014-12-01,0.0,0.0,0.0
2014,12,GOBIERNO REGIONAL PIURA,18836.6,0.0,0.0,13397862.36,13416698.96,0.0,0.0,0.0,0.0,0.0,0.0,0.0,0.0,2014-12-01,0.0,0.0,0.0
2014,12,GOBIERNO REGIONAL PUNO,2147980.06,0.0,0.0,0.0,2147980.06,0.0,0.0,0.0,0.0,0.0,0.0,0.0,0.0,2014-12-01,0.0,0.0,0.0
2014,12,GOBIERNO REGIONAL SAN MARTIN,503.64,0.0,0.0,0.0,503.64,0.0,0.0,0.0,0.0,0.0,0.0,0.0,0.0,2014-12-01,0.0,0.0,0.0
2014,12,GOBIERNO REGIONAL TACNA,442743.21,0.0,0.0,0.0,442743.21,0.0,0.0,0.0,0.0,0.0,0.0,0.0,0.0,2014-12-01,0.0,0.0,0.0
2014,12,GOBIERNO REGIONAL TUMBES,21.2,0.0,0.0,6774907.67,6774928.87,0.0,0.0,0.0,0.0,0.0,0.0,0.0,0.0,2014-12-01,0.0,0.0,0.0
2014,12,GOBIERNO REGIONAL UCAYALI,463.48,0.0,0.0,10008863.14,10009326.62,0.0,0.0,0.0,0.0,0.0,0.0,0.0,0.0,2014-12-01,0.0,0.0,0.0
2014,12,INSTITUTO DE INVESTIGACIONES DE LA AMAZONIA PERUANA,0.0,0.0,0.0,945348.43,945348.43,0.0,0.0,0.0,0.0,0.0,0.0,0.0,0.0,2014-12-01,0.0,0.0,0.0
2014,12,MUNICIPALIDAD METROPOLITANA DE LIMA,98911.02,0.0,0.0,0.0,98911.02,0.0,0.0,0.0,0.0,0.0,0.0,0.0,0.0,2014-12-01,0.0,0.0,0.0
2014,12,U. N. AUTÓNOMA ALTOANDINA DE TARMA,18980.26,0.0,0.0,0.0,18980.26,0.0,0.0,0.0,0.0,0.0,0.0,0.0,0.0,2014-12-01,0.0,0.0,0.0
2014,12,U.N. AGRARIA DE LA MOLINA,3041.62,0.0,0.0,0.0,3041.62,0.0,0.0,0.0,0.0,0.0,0.0,0.0,0.0,2014-12-01,0.0,0.0,0.0
2014,12,U.N. AGRARIA DE LA SELVA,179.44,0.0,0.0,0.0,179.44,0.0,0.0,0.0,0.0,0.0,0.0,0.0,0.0,2014-12-01,0.0,0.0,0.0
2014,12,U.N. AMAZONICA DE MADRE DE DIOS,211.15,0.0,0.0,0.0,211.15,0.0,0.0,0.0,0.0,0.0,0.0,0.0,0.0,2014-12-01,0.0,0.0,0.0
2014,12,U.N. AUTONOMA DE CHOTA,25045.33,0.0,0.0,0.0,25045.33,0.0,0.0,0.0,0.0,0.0,0.0,0.0,0.0,2014-12-01,0.0,0.0,0.0
2014,12,U.N. AUTONOMA DE HUANTA,3286.05,0.0,0.0,0.0,3286.05,0.0,0.0,0.0,0.0,0.0,0.0,0.0,0.0,2014-12-01,0.0,0.0,0.0
2014,12,U.N. DANIEL ALCIDES CARRION,261671.41,0.0,0.0,0.0,261671.41,0.0,0.0,0.0,0.0,0.0,0.0,0.0,0.0,2014-12-01,0.0,0.0,0.0
2014,12,U.N. DE BARRANCA,93179.96,0.0,0.0,0.0,93179.96,0.0,0.0,0.0,0.0,0.0,0.0,0.0,0.0,2014-12-01,0.0,0.0,0.0
2014,12,U.N. DE CAJAMARCA,31890.12,0.0,0.0,0.0,31890.12,0.0,0.0,0.0,0.0,0.0,0.0,0.0,0.0,2014-12-01,0.0,0.0,0.0
2014,12,U.N. DE CAÑETE,92432.67,0.0,0.0,0.0,92432.67,0.0,0.0,0.0,0.0,0.0,0.0,0.0,0.0,2014-12-01,0.0,0.0,0.0
2014,12,U.N. DE EDUCACION ENRIQUE GUZMAN Y VALLE,3044.4100000000003,0.0,0.0,0.0,3044.4100000000003,0.0,0.0,0.0,0.0,0.0,0.0,0.0,0.0,2014-12-01,0.0,0.0,0.0
2014,12,U.N. DE FRONTERA,3039.9700000000003,0.0,0.0,1288470.87,1291510.84,0.0,0.0,0.0,0.0,0.0,0.0,0.0,0.0,2014-12-01,0.0,0.0,0.0
2014,12,U.N. DE HUANCAVELICA,151905.56999999998,0.0,0.0,0.0,151905.56999999998,0.0,0.0,0.0,0.0,0.0,0.0,0.0,0.0,2014-12-01,0.0,0.0,0.0
2014,12,U.N. DE INGENIERIA,2965.38,0.0,0.0,0.0,2965.38,0.0,0.0,0.0,0.0,0.0,0.0,0.0,0.0,2014-12-01,0.0,0.0,0.0
2014,12,U.N. DE JAEN,31652.91,0.0,0.0,0.0,31652.91,0.0,0.0,0.0,0.0,0.0,0.0,0.0,0.0,2014-12-01,0.0,0.0,0.0
2014,12,U.N. DE JULIACA,30234.22,0.0,0.0,0.0,30234.22,0.0,0.0,0.0,0.0,0.0,0.0,0.0,0.0,2014-12-01,0.0,0.0,0.0
2014,12,U.N. DE LA AMAZONIA PERUANA,36.4,0.0,0.0,1055465.33,1055501.73,0.0,0.0,0.0,0.0,0.0,0.0,0.0,0.0,2014-12-01,0.0,0.0,0.0
2014,12,U.N. DE MOQUEGUA,57145.5,0.0,0.0,0.0,57145.5,0.0,0.0,0.0,0.0,0.0,0.0,0.0,0.0,2014-12-01,0.0,0.0,0.0
2014,12,U.N. DE PIURA,3039.98,0.0,0.0,1270773.28,1273813.26,0.0,0.0,0.0,0.0,0.0,0.0,0.0,0.0,2014-12-01,0.0,0.0,0.0
2014,12,U.N. DE SAN MARTIN,62.22,0.0,0.0,0.0,62.22,0.0,0.0,0.0,0.0,0.0,0.0,0.0,0.0,2014-12-01,0.0,0.0,0.0
2014,12,U.N. DE TUMBES,9.71,0.0,0.0,918256.97,918266.68,0.0,0.0,0.0,0.0,0.0,0.0,0.0,0.0,2014-12-01,0.0,0.0,0.0
2014,12,U.N. DE UCAYALI,12.9,0.0,0.0,238814.16,238827.06,0.0,0.0,0.0,0.0,0.0,0.0,0.0,0.0,2014-12-01,0.0,0.0,0.0
2014,12,U.N. DEL ALTIPLANO,15575.73,0.0,0.0,0.0,15575.73,0.0,0.0,0.0,0.0,0.0,0.0,0.0,0.0,2014-12-01,0.0,0.0,0.0
2014,12,U.N. DEL CALLAO,44264.87,0.0,0.0,0.0,44264.87,0.0,0.0,0.0,0.0,0.0,0.0,0.0,0.0,2014-12-01,0.0,0.0,0.0
2014,12,U.N. DEL CENTRO DEL PERU,23161.7,0.0,0.0,0.0,23161.7,0.0,0.0,0.0,0.0,0.0,0.0,0.0,0.0,2014-12-01,0.0,0.0,0.0
2014,12,U.N. DEL SANTA,153924.08000000002,0.0,0.0,0.0,153924.08000000002,0.0,0.0,0.0,0.0,0.0,0.0,0.0,0.0,2014-12-01,0.0,0.0,0.0
2014,12,U.N. FEDERICO VILLARREAL,3044.4,0.0,0.0,0.0,3044.4,0.0,0.0,0.0,0.0,0.0,0.0,0.0,0.0,2014-12-01,0.0,0.0,0.0
2014,12,U.N. HERMILIO VALDIZAN,82.87,0.0,0.0,0.0,82.87,0.0,0.0,0.0,0.0,0.0,0.0,0.0,0.0,2014-12-01,0.0,0.0,0.0
2014,12,U.N. INTERCULTURAL DE LA SELVA CENTRAL JUAN SANTOS ATAHUALPA,23066.25,0.0,0.0,0.0,23066.25,0.0,0.0,0.0,0.0,0.0,0.0,0.0,0.0,2014-12-01,0.0,0.0,0.0
2014,12,U.N. INTERCULTURAL DE QUILLABAMBA,4732070.19,0.0,0.0,0.0,4732070.19,0.0,0.0,0.0,0.0,0.0,0.0,0.0,0.0,2014-12-01,0.0,0.0,0.0
2014,12,U.N. INTERCULTURAL FABIOLA SALAZAR LEGUIA  DE  BAGUA,0.01,0.0,0.0,0.0,0.01,0.0,0.0,0.0,0.0,0.0,0.0,0.0,0.0,2014-12-01,0.0,0.0,0.0
2014,12,U.N. JORGE BASADRE GROHMANN,58570.31,0.0,0.0,0.0,58570.31,0.0,0.0,0.0,0.0,0.0,0.0,0.0,0.0,2014-12-01,0.0,0.0,0.0
2014,12,U.N. JOSE FAUSTINO SANCHEZ CARRION,93180.91,0.0,0.0,0.0,93180.91,0.0,0.0,0.0,0.0,0.0,0.0,0.0,0.0,2014-12-01,0.0,0.0,0.0
2014,12,U.N. JOSE MARIA ARGUEDAS,451.67,0.0,0.0,0.0,451.67,0.0,0.0,0.0,0.0,0.0,0.0,0.0,0.0,2014-12-01,0.0,0.0,0.0
2014,12,U.N. MAYOR DE SAN MARCOS,2859.5399999999995,0.0,0.0,0.0,2859.5399999999995,0.0,0.0,0.0,0.0,0.0,0.0,0.0,0.0,2014-12-01,0.0,0.0,0.0
2014,12,U.N. MICAELA BASTIDAS DE APURIMAC,545.22,0.0,0.0,0.0,545.22,0.0,0.0,0.0,0.0,0.0,0.0,0.0,0.0,2014-12-01,0.0,0.0,0.0
2014,12,U.N. PEDRO RUIZ GALLO,40.93,0.0,0.0,0.0,40.93,0.0,0.0,0.0,0.0,0.0,0.0,0.0,0.0,2014-12-01,0.0,0.0,0.0
2014,12,U.N. SAN AGUSTIN,108900.85,0.0,0.0,0.0,108900.85,0.0,0.0,0.0,0.0,0.0,0.0,0.0,0.0,2014-12-01,0.0,0.0,0.0
2014,12,U.N. SAN ANTONIO ABAD,4882962.33,0.0,0.0,0.0,4882962.33,0.0,0.0,0.0,0.0,0.0,0.0,0.0,0.0,2014-12-01,0.0,0.0,0.0
2014,12,U.N. SAN CRISTOBAL DE HUAMANGA,3379.22,0.0,0.0,0.0,3379.22,0.0,0.0,0.0,0.0,0.0,0.0,0.0,0.0,2014-12-01,0.0,0.0,0.0
2014,12,U.N. SAN LUIS GONZAGA,78630.09999999999,0.0,0.0,0.0,78630.09999999999,0.0,0.0,0.0,0.0,0.0,0.0,0.0,0.0,2014-12-01,0.0,0.0,0.0
2014,12,U.N. SANTIAGO ANTUNEZ DE MAYOLO,149475.78,0.0,0.0,0.0,149475.78,0.0,0.0,0.0,0.0,0.0,0.0,0.0,0.0,2014-12-01,0.0,0.0,0.0
2014,12,U.N. TECNOLOGICA DE LIMA SUR,3044.4,0.0,0.0,0.0,3044.4,0.0,0.0,0.0,0.0,0.0,0.0,0.0,0.0,2014-12-01,0.0,0.0,0.0
2014,12,U.N. TORIBIO RODRIGUEZ DE MENDOZA DE AMAZONAS,1.28,0.0,0.0,0.0,1.28,0.0,0.0,0.0,0.0,0.0,0.0,0.0,0.0,2014-12-01,0.0,0.0,0.0
2014,12,U.N. TRUJILLO,50470.96,0.0,0.0,0.0,50470.96,0.0,0.0,0.0,0.0,0.0,0.0,0.0,0.0,2014-12-01,0.0,0.0,0.0
2014,12,UNIVERSIDAD NACIONAL INTERCULTURAL DE LA AMAZONIA,26.2,0.0,0.0,244456.96,244483.16,0.0,0.0,0.0,0.0,0.0,0.0,0.0,0.0,2014-12-01,0.0,0.0,0.0
2015,1, ,139747450.99,440681756.91,0.0,51009207.64,631438415.5400001,6205420.53,4856875.01,11062295.54,2650670565.22,298375025.43,0.1125658651607034,0.2382183677689845,0.1125658651607034,2015-01-01,16.219053176264783,0.012671073999377658,0.02681525666508636
2015,1,GOBIERNO REGIONAL DE LA PROVINCIA CONSTITUCIONAL DEL CALLAO,173535.15,0.0,0.0,0.0,173535.15,0.0,0.0,0.0,0.0,0.0,0.0,0.0,0.0,2015-01-01,0.0,0.0,0.0
2015,1,GOBIERNO REGIONAL DEL DEPARTAMENTO DE AMAZONAS,368.46,0.0,0.0,0.0,368.46,0.0,0.0,0.0,0.0,0.0,0.0,0.0,0.0,2015-01-01,0.0,0.0,0.0
2015,1,GOBIERNO REGIONAL DEL DEPARTAMENTO DE ANCASH,4849647.29,0.0,0.0,0.0,4849647.29,0.0,0.0,0.0,0.0,0.0,0.0,0.0,0.0,2015-01-01,0.0,0.0,0.0
2015,1,GOBIERNO REGIONAL DEL DEPARTAMENTO DE APURIMAC,1364.78,0.0,0.0,0.0,1364.78,0.0,0.0,0.0,0.0,0.0,0.0,0.0,0.0,2015-01-01,0.0,0.0,0.0
2015,1,GOBIERNO REGIONAL DEL DEPARTAMENTO DE AREQUIPA,163202.1,0.0,0.0,0.0,163202.1,0.0,0.0,0.0,0.0,0.0,0.0,0.0,0.0,2015-01-01,0.0,0.0,0.0
2015,1,GOBIERNO REGIONAL DEL DEPARTAMENTO DE AYACUCHO,2422.02,0.0,0.0,0.0,2422.02,0.0,0.0,0.0,0.0,0.0,0.0,0.0,0.0,2015-01-01,0.0,0.0,0.0
2015,1,GOBIERNO REGIONAL DEL DEPARTAMENTO DE CAJAMARCA,167812.31,0.0,0.0,0.0,167812.31,0.0,0.0,0.0,0.0,0.0,0.0,0.0,0.0,2015-01-01,0.0,0.0,0.0
2015,1,GOBIERNO REGIONAL DEL DEPARTAMENTO DE CUSCO,15350086.9,0.0,0.0,0.0,15350086.9,0.0,0.0,0.0,0.0,0.0,0.0,0.0,0.0,2015-01-01,0.0,0.0,0.0
2015,1,GOBIERNO REGIONAL DEL DEPARTAMENTO DE HUANCAVELICA,1230449.18,0.0,0.0,0.0,1230449.18,0.0,0.0,0.0,0.0,0.0,0.0,0.0,0.0,2015-01-01,0.0,0.0,0.0
2015,1,GOBIERNO REGIONAL DEL DEPARTAMENTO DE HUANUCO,79.77000000000001,0.0,0.0,0.0,79.77000000000001,0.0,0.0,0.0,0.0,0.0,0.0,0.0,0.0,2015-01-01,0.0,0.0,0.0
2015,1,GOBIERNO REGIONAL DEL DEPARTAMENTO DE ICA,244178.33,0.0,0.0,0.0,244178.33,0.0,0.0,0.0,0.0,0.0,0.0,0.0,0.0,2015-01-01,0.0,0.0,0.0
2015,1,GOBIERNO REGIONAL DEL DEPARTAMENTO DE JUNIN,235128.89,0.0,0.0,0.0,235128.89,0.0,0.0,0.0,0.0,0.0,0.0,0.0,0.0,2015-01-01,0.0,0.0,0.0
2015,1,GOBIERNO REGIONAL DEL DEPARTAMENTO DE LA LIBERTAD,240207.6,0.0,0.0,0.0,240207.6,0.0,0.0,0.0,0.0,0.0,0.0,0.0,0.0,2015-01-01,0.0,0.0,0.0
2015,1,GOBIERNO REGIONAL DEL DEPARTAMENTO DE LAMBAYEQUE,130.07,0.0,0.0,0.0,130.07,0.0,0.0,0.0,0.0,0.0,0.0,0.0,0.0,2015-01-01,0.0,0.0,0.0
2015,1,GOBIERNO REGIONAL DEL DEPARTAMENTO DE LIMA,1385807.7,0.0,0.0,0.0,1385807.7,0.0,0.0,0.0,0.0,0.0,0.0,0.0,0.0,2015-01-01,0.0,0.0,0.0
2015,1,GOBIERNO REGIONAL DEL DEPARTAMENTO DE LORETO,1901690.75,0.0,0.0,7618565.56,9520256.31,0.0,0.0,0.0,0.0,0.0,0.0,0.0,0.0,2015-01-01,0.0,0.0,0.0
2015,1,GOBIERNO REGIONAL DEL DEPARTAMENTO DE MADRE DE DIOS,1363.89,0.0,0.0,0.0,1363.89,0.0,0.0,0.0,0.0,0.0,0.0,0.0,0.0,2015-01-01,0.0,0.0,0.0
2015,1,GOBIERNO REGIONAL DEL DEPARTAMENTO DE MOQUEGUA,80997.51,0.0,0.0,0.0,80997.51,0.0,0.0,0.0,0.0,0.0,0.0,0.0,0.0,2015-01-01,0.0,0.0,0.0
2015,1,GOBIERNO REGIONAL DEL DEPARTAMENTO DE PASCO,999217.17,0.0,0.0,0.0,999217.17,0.0,0.0,0.0,0.0,0.0,0.0,0.0,0.0,2015-01-01,0.0,0.0,0.0
2015,1,GOBIERNO REGIONAL DEL DEPARTAMENTO DE PIURA,19981.87,0.0,0.0,6955256.0,6975237.87,0.0,0.0,0.0,0.0,0.0,0.0,0.0,0.0,2015-01-01,0.0,0.0,0.0
2015,1,GOBIERNO REGIONAL DEL DEPARTAMENTO DE PUNO,5905.090000000008,0.0,0.0,0.0,5905.090000000008,0.0,0.0,0.0,0.0,0.0,0.0,0.0,0.0,2015-01-01,0.0,0.0,0.0
2015,1,GOBIERNO REGIONAL DEL DEPARTAMENTO DE SAN MARTIN,928.54,0.0,0.0,0.0,928.54,0.0,0.0,0.0,0.0,0.0,0.0,0.0,0.0,2015-01-01,0.0,0.0,0.0
2015,1,GOBIERNO REGIONAL DEL DEPARTAMENTO DE TACNA,65935.73,0.0,0.0,0.0,65935.73,0.0,0.0,0.0,0.0,0.0,0.0,0.0,0.0,2015-01-01,0.0,0.0,0.0
2015,1,GOBIERNO REGIONAL DEL DEPARTAMENTO DE TUMBES,79.17,0.0,0.0,3969346.82,3969425.99,0.0,0.0,0.0,0.0,0.0,0.0,0.0,0.0,2015-01-01,0.0,0.0,0.0
2015,1,GOBIERNO REGIONAL DEL DEPARTAMENTO DE UCAYALI,882.03,0.0,0.0,2194192.5,2195074.53,0.0,0.0,0.0,0.0,0.0,0.0,0.0,0.0,2015-01-01,0.0,0.0,0.0
2015,1,INSTITUTO DE INVESTIGACIONES DE LA AMAZONIA PERUANA,0.0,0.0,0.0,713042.14,713042.14,0.0,0.0,0.0,0.0,0.0,0.0,0.0,0.0,2015-01-01,0.0,0.0,0.0
2015,1,MUNICIPALIDAD METROPOLITANA DE LIMA,106061.11,0.0,0.0,0.0,106061.11,0.0,0.0,0.0,0.0,0.0,0.0,0.0,0.0,2015-01-01,0.0,0.0,0.0
2015,1,U. N. AUTÓNOMA ALTOANDINA DE TARMA,19374.59,0.0,0.0,0.0,19374.59,0.0,0.0,0.0,0.0,0.0,0.0,0.0,0.0,2015-01-01,0.0,0.0,0.0
2015,1,U.N. AGRARIA DE LA SELVA,341.5,0.0,0.0,0.0,341.5,0.0,0.0,0.0,0.0,0.0,0.0,0.0,0.0,2015-01-01,0.0,0.0,0.0
2015,1,U.N. AGRARIA LA MOLINA,3229.8,0.0,0.0,0.0,3229.8,0.0,0.0,0.0,0.0,0.0,0.0,0.0,0.0,2015-01-01,0.0,0.0,0.0
2015,1,U.N. AMAZONICA DE MADRE DE DIOS,402.31000000000006,0.0,0.0,0.0,402.31000000000006,0.0,0.0,0.0,0.0,0.0,0.0,0.0,0.0,2015-01-01,0.0,0.0,0.0
2015,1,U.N. AUTONOMA DE ALTO AMAZONAS,27434.91,0.0,0.0,946976.0,974410.91,0.0,0.0,0.0,0.0,0.0,0.0,0.0,0.0,2015-01-01,0.0,0.0,0.0
2015,1,U.N. AUTONOMA DE CHOTA,34084.0,0.0,0.0,0.0,34084.0,0.0,0.0,0.0,0.0,0.0,0.0,0.0,0.0,2015-01-01,0.0,0.0,0.0
2015,1,U.N. AUTÓNOMA DE HUANTA,6250.07,0.0,0.0,0.0,6250.07,0.0,0.0,0.0,0.0,0.0,0.0,0.0,0.0,2015-01-01,0.0,0.0,0.0
2015,1,U.N. DANIEL ALCIDES CARRION,271189.52,0.0,0.0,0.0,271189.52,0.0,0.0,0.0,0.0,0.0,0.0,0.0,0.0,2015-01-01,0.0,0.0,0.0
2015,1,U.N. DE BARRANCA,100973.18,0.0,0.0,0.0,100973.18,0.0,0.0,0.0,0.0,0.0,0.0,0.0,0.0,2015-01-01,0.0,0.0,0.0
2015,1,U.N. DE CAJAMARCA,41464.22,0.0,0.0,0.0,41464.22,0.0,0.0,0.0,0.0,0.0,0.0,0.0,0.0,2015-01-01,0.0,0.0,0.0
2015,1,U.N. DE CAÑETE,97211.88,0.0,0.0,0.0,97211.88,0.0,0.0,0.0,0.0,0.0,0.0,0.0,0.0,2015-01-01,0.0,0.0,0.0
2015,1,U.N. DE EDUCACION ENRIQUE GUZMAN Y VALLE,3236.16,0.0,0.0,0.0,3236.16,0.0,0.0,0.0,0.0,0.0,0.0,0.0,0.0,2015-01-01,0.0,0.0,0.0
2015,1,U.N. DE FRONTERA,3818.22,0.0,0.0,1160169.34,1163987.56,0.0,0.0,0.0,0.0,0.0,0.0,0.0,0.0,2015-01-01,0.0,0.0,0.0
2015,1,U.N. DE HUANCAVELICA,155172.94999999998,0.0,0.0,0.0,155172.94999999998,0.0,0.0,0.0,0.0,0.0,0.0,0.0,0.0,2015-01-01,0.0,0.0,0.0
2015,1,U.N. DE INGENIERIA,3085.74,0.0,0.0,0.0,3085.74,0.0,0.0,0.0,0.0,0.0,0.0,0.0,0.0,2015-01-01,0.0,0.0,0.0
2015,1,U.N. DE JAEN,51220.780000000006,0.0,0.0,0.0,51220.780000000006,0.0,0.0,0.0,0.0,0.0,0.0,0.0,0.0,2015-01-01,0.0,0.0,0.0
2015,1,U.N. DE JULIACA,43744.16,0.0,0.0,0.0,43744.16,0.0,0.0,0.0,0.0,0.0,0.0,0.0,0.0,2015-01-01,0.0,0.0,0.0
2015,1,U.N. DE LA AMAZONIA PERUANA,69.31,0.0,0.0,755839.3,755908.6100000001,0.0,0.0,0.0,0.0,0.0,0.0,0.0,0.0,2015-01-01,0.0,0.0,0.0
2015,1,U.N. DE MOQUEGUA,92345.19,0.0,0.0,0.0,92345.19,0.0,0.0,0.0,0.0,0.0,0.0,0.0,0.0,2015-01-01,0.0,0.0,0.0
2015,1,U.N. DE PIURA,3818.23,0.0,0.0,1115958.5,1119776.73,0.0,0.0,0.0,0.0,0.0,0.0,0.0,0.0,2015-01-01,0.0,0.0,0.0
2015,1,U.N. DE SAN AGUSTIN,176216.37,0.0,0.0,0.0,176216.37,0.0,0.0,0.0,0.0,0.0,0.0,0.0,0.0,2015-01-01,0.0,0.0,0.0
2015,1,U.N. DE SAN ANTONIO ABAD DEL CUSCO,4303576.17,0.0,0.0,0.0,4303576.17,0.0,0.0,0.0,0.0,0.0,0.0,0.0,0.0,2015-01-01,0.0,0.0,0.0
2015,1,U.N. DE SAN MARTIN,111.11,0.0,0.0,0.0,111.11,0.0,0.0,0.0,0.0,0.0,0.0,0.0,0.0,2015-01-01,0.0,0.0,0.0
2015,1,U.N. DE TRUJILLO,79646.64,0.0,0.0,0.0,79646.64,0.0,0.0,0.0,0.0,0.0,0.0,0.0,0.0,2015-01-01,0.0,0.0,0.0
2015,1,U.N. DE TUMBES,28.2,0.0,0.0,754667.17,754695.37,0.0,0.0,0.0,0.0,0.0,0.0,0.0,0.0,2015-01-01,0.0,0.0,0.0
2015,1,U.N. DE UCAYALI,24.47,0.0,0.0,190427.33,190451.8,0.0,0.0,0.0,0.0,0.0,0.0,0.0,0.0,2015-01-01,0.0,0.0,0.0
2015,1,U.N. DEL ALTIPLANO,16265.03,0.0,0.0,0.0,16265.03,0.0,0.0,0.0,0.0,0.0,0.0,0.0,0.0,2015-01-01,0.0,0.0,0.0
2015,1,U.N. DEL CALLAO,45608.78,0.0,0.0,0.0,45608.78,0.0,0.0,0.0,0.0,0.0,0.0,0.0,0.0,2015-01-01,0.0,0.0,0.0
2015,1,U.N. DEL CENTRO DEL PERU,27364.47,0.0,0.0,0.0,27364.47,0.0,0.0,0.0,0.0,0.0,0.0,0.0,0.0,2015-01-01,0.0,0.0,0.0
2015,1,U.N. DEL SANTA,219448.19,0.0,0.0,0.0,219448.19,0.0,0.0,0.0,0.0,0.0,0.0,0.0,0.0,2015-01-01,0.0,0.0,0.0
2015,1,U.N. FEDERICO VILLARREAL,3236.15,0.0,0.0,0.0,3236.15,0.0,0.0,0.0,0.0,0.0,0.0,0.0,0.0,2015-01-01,0.0,0.0,0.0
2015,1,U.N. HERMILIO VALDIZAN,157.61,0.0,0.0,0.0,157.61,0.0,0.0,0.0,0.0,0.0,0.0,0.0,0.0,2015-01-01,0.0,0.0,0.0
2015,1,U.N. INTERCULTURAL DE LA AMAZONIA,49.77,0.0,0.0,201188.15,201237.92,0.0,0.0,0.0,0.0,0.0,0.0,0.0,0.0,2015-01-01,0.0,0.0,0.0
2015,1,U.N. INTERCULTURAL DE LA SELVA CENTRAL JUAN SANTOS ATAHUALPA,26780.73,0.0,0.0,0.0,26780.73,0.0,0.0,0.0,0.0,0.0,0.0,0.0,0.0,2015-01-01,0.0,0.0,0.0
2015,1,U.N. INTERCULTURAL DE QUILLABAMBA,4010034.47,0.0,0.0,0.0,4010034.47,0.0,0.0,0.0,0.0,0.0,0.0,0.0,0.0,2015-01-01,0.0,0.0,0.0
2015,1,U.N. INTERCULTURAL FABIOLA SALAZAR LEGUIA DE BAGUA,0.12,0.0,0.0,0.0,0.12,0.0,0.0,0.0,0.0,0.0,0.0,0.0,0.0,2015-01-01,0.0,0.0,0.0
2015,1,U.N. JORGE BASADRE GROHMANN,109469.86,0.0,0.0,0.0,109469.86,0.0,0.0,0.0,0.0,0.0,0.0,0.0,0.0,2015-01-01,0.0,0.0,0.0
2015,1,U.N. JOSE FAUSTINO SANCHEZ CARRION,100975.62,0.0,0.0,0.0,100975.62,0.0,0.0,0.0,0.0,0.0,0.0,0.0,0.0,2015-01-01,0.0,0.0,0.0
2015,1,U.N. JOSE MARIA ARGUEDAS,852.46,0.0,0.0,0.0,852.46,0.0,0.0,0.0,0.0,0.0,0.0,0.0,0.0,2015-01-01,0.0,0.0,0.0
2015,1,U.N. MAYOR DE SAN MARCOS,2875.67,0.0,0.0,0.0,2875.67,0.0,0.0,0.0,0.0,0.0,0.0,0.0,0.0,2015-01-01,0.0,0.0,0.0
2015,1,U.N. MICAELA BASTIDAS DE APURIMAC,1035.76,0.0,0.0,0.0,1035.76,0.0,0.0,0.0,0.0,0.0,0.0,0.0,0.0,2015-01-01,0.0,0.0,0.0
2015,1,U.N. PEDRO RUIZ GALLO,77.94,0.0,0.0,0.0,77.94,0.0,0.0,0.0,0.0,0.0,0.0,0.0,0.0,2015-01-01,0.0,0.0,0.0
2015,1,U.N. SAN CRISTOBAL DE HUAMANGA,6433.9800000000005,0.0,0.0,0.0,6433.9800000000005,0.0,0.0,0.0,0.0,0.0,0.0,0.0,0.0,2015-01-01,0.0,0.0,0.0
2015,1,U.N. SAN LUIS GONZAGA DE ICA,101506.5,0.0,0.0,0.0,101506.5,0.0,0.0,0.0,0.0,0.0,0.0,0.0,0.0,2015-01-01,0.0,0.0,0.0
2015,1,U.N. SANTIAGO ANTUNEZ DE MAYOLO,210573.25,0.0,0.0,0.0,210573.25,0.0,0.0,0.0,0.0,0.0,0.0,0.0,0.0,2015-01-01,0.0,0.0,0.0
2015,1,U.N. TECNOLOGICA DEL CONO SUR DE LIMA,3236.15,0.0,0.0,0.0,3236.15,0.0,0.0,0.0,0.0,0.0,0.0,0.0,0.0,2015-01-01,0.0,0.0,0.0
2015,1,U.N. TORIBIO RODRIGUEZ DE MENDOZA DE AMAZONAS,2.5,0.0,0.0,0.0,2.5,0.0,0.0,0.0,0.0,0.0,0.0,0.0,0.0,2015-01-01,0.0,0.0,0.0
2015,2, ,126311673.22,473388067.39,0.0,14472528.43,614172269.04,41007682.32,9766408.3,50774090.62,2781163498.16,551591115.45,0.1983310638928381,0.2208328526698744,0.1983310638928381,2015-02-01,17.742896774970344,0.03933521090486503,0.04379801461250656
2015,2,GOBIERNO REGIONAL DE LA PROVINCIA CONSTITUCIONAL DEL CALLAO,172697.6,0.0,0.0,0.0,172697.6,0.0,0.0,0.0,0.0,0.0,0.0,0.0,0.0,2015-02-01,0.0,0.0,0.0
2015,2,GOBIERNO REGIONAL DEL DEPARTAMENTO DE AMAZONAS,226.73,0.0,0.0,0.0,226.73,0.0,0.0,0.0,0.0,0.0,0.0,0.0,0.0,2015-02-01,0.0,0.0,0.0
2015,2,GOBIERNO REGIONAL DEL DEPARTAMENTO DE ANCASH,685491.5700000001,0.0,0.0,0.0,685491.5700000001,0.0,0.0,0.0,0.0,0.0,0.0,0.0,0.0,2015-02-01,0.0,0.0,0.0
2015,2,GOBIERNO REGIONAL DEL DEPARTAMENTO DE APURIMAC,739.7299999999999,0.0,0.0,0.0,739.7299999999999,0.0,0.0,0.0,0.0,0.0,0.0,0.0,0.0,2015-02-01,0.0,0.0,0.0
2015,2,GOBIERNO REGIONAL DEL DEPARTAMENTO DE AREQUIPA,153436.93000000002,0.0,0.0,0.0,153436.93000000002,0.0,0.0,0.0,0.0,0.0,0.0,0.0,0.0,2015-02-01,0.0,0.0,0.0
2015,2,GOBIERNO REGIONAL DEL DEPARTAMENTO DE AYACUCHO,1408.39,0.0,0.0,0.0,1408.39,0.0,0.0,0.0,0.0,0.0,0.0,0.0,0.0,2015-02-01,0.0,0.0,0.0
2015,2,GOBIERNO REGIONAL DEL DEPARTAMENTO DE CAJAMARCA,141351.23,0.0,0.0,0.0,141351.23,0.0,0.0,0.0,0.0,0.0,0.0,0.0,0.0,2015-02-01,0.0,0.0,0.0
2015,2,GOBIERNO REGIONAL DEL DEPARTAMENTO DE CUSCO,26392810.12,0.0,0.0,0.0,26392810.12,0.0,0.0,0.0,0.0,0.0,0.0,0.0,0.0,2015-02-01,0.0,0.0,0.0
2015,2,GOBIERNO REGIONAL DEL DEPARTAMENTO DE HUANCAVELICA,1193546.34,0.0,0.0,0.0,1193546.34,0.0,0.0,0.0,0.0,0.0,0.0,0.0,0.0,2015-02-01,0.0,0.0,0.0
2015,2,GOBIERNO REGIONAL DEL DEPARTAMENTO DE HUANUCO,51.79,0.0,0.0,0.0,51.79,0.0,0.0,0.0,0.0,0.0,0.0,0.0,0.0,2015-02-01,0.0,0.0,0.0
2015,2,GOBIERNO REGIONAL DEL DEPARTAMENTO DE ICA,216800.22,0.0,0.0,0.0,216800.22,0.0,0.0,0.0,0.0,0.0,0.0,0.0,0.0,2015-02-01,0.0,0.0,0.0
2015,2,GOBIERNO REGIONAL DEL DEPARTAMENTO DE JUNIN,230683.58,0.0,0.0,0.0,230683.58,0.0,0.0,0.0,0.0,0.0,0.0,0.0,0.0,2015-02-01,0.0,0.0,0.0
2015,2,GOBIERNO REGIONAL DEL DEPARTAMENTO DE LA LIBERTAD,197143.97,0.0,0.0,0.0,197143.97,0.0,0.0,0.0,0.0,0.0,0.0,0.0,0.0,2015-02-01,0.0,0.0,0.0
2015,2,GOBIERNO REGIONAL DEL DEPARTAMENTO DE LAMBAYEQUE,80.09,0.0,0.0,0.0,80.09,0.0,0.0,0.0,0.0,0.0,0.0,0.0,0.0,2015-02-01,0.0,0.0,0.0
2015,2,GOBIERNO REGIONAL DEL DEPARTAMENTO DE LIMA,1084440.44,0.0,0.0,0.0,1084440.44,0.0,0.0,0.0,0.0,0.0,0.0,0.0,0.0,2015-02-01,0.0,0.0,0.0
2015,2,GOBIERNO REGIONAL DEL DEPARTAMENTO DE LORETO,1841040.05,0.0,0.0,7390291.949999999,9231332.0,0.0,0.0,0.0,0.0,0.0,0.0,0.0,0.0,2015-02-01,0.0,0.0,0.0
2015,2,GOBIERNO REGIONAL DEL DEPARTAMENTO DE MADRE DE DIOS,818.14,0.0,0.0,0.0,818.14,0.0,0.0,0.0,0.0,0.0,0.0,0.0,0.0,2015-02-01,0.0,0.0,0.0
2015,2,GOBIERNO REGIONAL DEL DEPARTAMENTO DE MOQUEGUA,76893.76000000001,0.0,0.0,0.0,76893.76000000001,0.0,0.0,0.0,0.0,0.0,0.0,0.0,0.0,2015-02-01,0.0,0.0,0.0
2015,2,GOBIERNO REGIONAL DEL DEPARTAMENTO DE PASCO,997100.54,0.0,0.0,0.0,997100.54,0.0,0.0,0.0,0.0,0.0,0.0,0.0,0.0,2015-02-01,0.0,0.0,0.0
2015,2,GOBIERNO REGIONAL DEL DEPARTAMENTO DE PIURA,19188.35,0.0,0.0,2985084.24,3004272.5900000003,0.0,0.0,0.0,0.0,0.0,0.0,0.0,0.0,2015-02-01,0.0,0.0,0.0
2015,2,GOBIERNO REGIONAL DEL DEPARTAMENTO DE PUNO,3783.930000000012,0.0,0.0,0.0,3783.930000000012,0.0,0.0,0.0,0.0,0.0,0.0,0.0,0.0,2015-02-01,0.0,0.0,0.0
2015,2,GOBIERNO REGIONAL DEL DEPARTAMENTO DE SAN MARTIN,602.5100000000001,0.0,0.0,0.0,602.5100000000001,0.0,0.0,0.0,0.0,0.0,0.0,0.0,0.0,2015-02-01,0.0,0.0,0.0
2015,2,GOBIERNO REGIONAL DEL DEPARTAMENTO DE TACNA,43088.5,0.0,0.0,0.0,43088.5,0.0,0.0,0.0,0.0,0.0,0.0,0.0,0.0,2015-02-01,0.0,0.0,0.0
2015,2,GOBIERNO REGIONAL DEL DEPARTAMENTO DE TUMBES,41.57,0.0,0.0,1192148.4,1192189.97,0.0,0.0,0.0,0.0,0.0,0.0,0.0,0.0,2015-02-01,0.0,0.0,0.0
2015,2,GOBIERNO REGIONAL DEL DEPARTAMENTO DE UCAYALI,542.51,0.0,0.0,544971.41,545513.92,0.0,0.0,0.0,0.0,0.0,0.0,0.0,0.0,2015-02-01,0.0,0.0,0.0
2015,2,INSTITUTO DE INVESTIGACIONES DE LA AMAZONIA PERUANA,0.0,0.0,0.0,580239.94,580239.94,0.0,0.0,0.0,0.0,0.0,0.0,0.0,0.0,2015-02-01,0.0,0.0,0.0
2015,2,MUNICIPALIDAD METROPOLITANA DE LIMA,100209.2,0.0,0.0,0.0,100209.2,0.0,0.0,0.0,0.0,0.0,0.0,0.0,0.0,2015-02-01,0.0,0.0,0.0
2015,2,U. N. AUTÓNOMA ALTOANDINA DE TARMA,19505.33,0.0,0.0,0.0,19505.33,0.0,0.0,0.0,0.0,0.0,0.0,0.0,0.0,2015-02-01,0.0,0.0,0.0
2015,2,U.N. AGRARIA DE LA SELVA,210.5,0.0,0.0,0.0,210.5,0.0,0.0,0.0,0.0,0.0,0.0,0.0,0.0,2015-02-01,0.0,0.0,0.0
2015,2,U.N. AGRARIA LA MOLINA,3084.14,0.0,0.0,0.0,3084.14,0.0,0.0,0.0,0.0,0.0,0.0,0.0,0.0,2015-02-01,0.0,0.0,0.0
2015,2,U.N. AMAZONICA DE MADRE DE DIOS,251.5,0.0,0.0,0.0,251.5,0.0,0.0,0.0,0.0,0.0,0.0,0.0,0.0,2015-02-01,0.0,0.0,0.0
2015,2,U.N. AUTONOMA DE ALTO AMAZONAS,2.88,0.0,0.0,118472.71,118475.59,0.0,0.0,0.0,0.0,0.0,0.0,0.0,0.0,2015-02-01,0.0,0.0,0.0
2015,2,U.N. AUTONOMA DE CHOTA,24665.97,0.0,0.0,0.0,24665.97,0.0,0.0,0.0,0.0,0.0,0.0,0.0,0.0,2015-02-01,0.0,0.0,0.0
2015,2,U.N. AUTÓNOMA DE HUANTA,3851.55,0.0,0.0,0.0,3851.55,0.0,0.0,0.0,0.0,0.0,0.0,0.0,0.0,2015-02-01,0.0,0.0,0.0
2015,2,U.N. DANIEL ALCIDES CARRION,262693.0,0.0,0.0,0.0,262693.0,0.0,0.0,0.0,0.0,0.0,0.0,0.0,0.0,2015-02-01,0.0,0.0,0.0
2015,2,U.N. DE BARRANCA,94923.25,0.0,0.0,0.0,94923.25,0.0,0.0,0.0,0.0,0.0,0.0,0.0,0.0,2015-02-01,0.0,0.0,0.0
2015,2,U.N. DE CAJAMARCA,29115.93,0.0,0.0,0.0,29115.93,0.0,0.0,0.0,0.0,0.0,0.0,0.0,0.0,2015-02-01,0.0,0.0,0.0
2015,2,U.N. DE CAÑETE,93025.7,0.0,0.0,0.0,93025.7,0.0,0.0,0.0,0.0,0.0,0.0,0.0,0.0,2015-02-01,0.0,0.0,0.0
2015,2,U.N. DE EDUCACION ENRIQUE GUZMAN Y VALLE,3091.37,0.0,0.0,0.0,3091.37,0.0,0.0,0.0,0.0,0.0,0.0,0.0,0.0,2015-02-01,0.0,0.0,0.0
2015,2,U.N. DE FRONTERA,3239.79,0.0,0.0,928605.78,931845.57,0.0,0.0,0.0,0.0,0.0,0.0,0.0,0.0,2015-02-01,0.0,0.0,0.0
2015,2,U.N. DE HUANCAVELICA,152891.83,0.0,0.0,0.0,152891.83,0.0,0.0,0.0,0.0,0.0,0.0,0.0,0.0,2015-02-01,0.0,0.0,0.0
2015,2,U.N. DE INGENIERIA,2998.86,0.0,0.0,0.0,2998.86,0.0,0.0,0.0,0.0,0.0,0.0,0.0,0.0,2015-02-01,0.0,0.0,0.0
2015,2,U.N. DE JAEN,35565.79,0.0,0.0,0.0,35565.79,0.0,0.0,0.0,0.0,0.0,0.0,0.0,0.0,2015-02-01,0.0,0.0,0.0
2015,2,U.N. DE JULIACA,32277.48,0.0,0.0,0.0,32277.48,0.0,0.0,0.0,0.0,0.0,0.0,0.0,0.0,2015-02-01,0.0,0.0,0.0
2015,2,U.N. DE LA AMAZONIA PERUANA,42.6,0.0,0.0,568835.1399999999,568877.7399999999,0.0,0.0,0.0,0.0,0.0,0.0,0.0,0.0,2015-02-01,0.0,0.0,0.0
2015,2,U.N. DE MOQUEGUA,63862.17,0.0,0.0,0.0,63862.17,0.0,0.0,0.0,0.0,0.0,0.0,0.0,0.0,2015-02-01,0.0,0.0,0.0
2015,2,U.N. DE PIURA,3239.8,0.0,0.0,897819.14,901058.94,0.0,0.0,0.0,0.0,0.0,0.0,0.0,0.0,2015-02-01,0.0,0.0,0.0
2015,2,U.N. DE SAN AGUSTIN,123869.39,0.0,0.0,0.0,123869.39,0.0,0.0,0.0,0.0,0.0,0.0,0.0,0.0,2015-02-01,0.0,0.0,0.0
2015,2,U.N. DE SAN ANTONIO ABAD DEL CUSCO,3776704.24,0.0,0.0,0.0,3776704.24,0.0,0.0,0.0,0.0,0.0,0.0,0.0,0.0,2015-02-01,0.0,0.0,0.0
2015,2,U.N. DE SAN MARTIN,76.27,0.0,0.0,0.0,76.27,0.0,0.0,0.0,0.0,0.0,0.0,0.0,0.0,2015-02-01,0.0,0.0,0.0
2015,2,U.N. DE TRUJILLO,56682.63,0.0,0.0,0.0,56682.63,0.0,0.0,0.0,0.0,0.0,0.0,0.0,0.0,2015-02-01,0.0,0.0,0.0
2015,2,U.N. DE TUMBES,15.6,0.0,0.0,586694.67,586710.27,0.0,0.0,0.0,0.0,0.0,0.0,0.0,0.0,2015-02-01,0.0,0.0,0.0
2015,2,U.N. DE UCAYALI,15.08,0.0,0.0,168129.73,168144.81,0.0,0.0,0.0,0.0,0.0,0.0,0.0,0.0,2015-02-01,0.0,0.0,0.0
2015,2,U.N. DEL ALTIPLANO,15816.49,0.0,0.0,0.0,15816.49,0.0,0.0,0.0,0.0,0.0,0.0,0.0,0.0,2015-02-01,0.0,0.0,0.0
2015,2,U.N. DEL CALLAO,44496.630000000005,0.0,0.0,0.0,44496.630000000005,0.0,0.0,0.0,0.0,0.0,0.0,0.0,0.0,2015-02-01,0.0,0.0,0.0
2015,2,U.N. DEL CENTRO DEL PERU,24077.67,0.0,0.0,0.0,24077.67,0.0,0.0,0.0,0.0,0.0,0.0,0.0,0.0,2015-02-01,0.0,0.0,0.0
2015,2,U.N. DEL SANTA,168588.79,0.0,0.0,0.0,168588.79,0.0,0.0,0.0,0.0,0.0,0.0,0.0,0.0,2015-02-01,0.0,0.0,0.0
2015,2,U.N. FEDERICO VILLARREAL,3091.36,0.0,0.0,0.0,3091.36,0.0,0.0,0.0,0.0,0.0,0.0,0.0,0.0,2015-02-01,0.0,0.0,0.0
2015,2,U.N. HERMILIO VALDIZAN,91.13,0.0,0.0,0.0,91.13,0.0,0.0,0.0,0.0,0.0,0.0,0.0,0.0,2015-02-01,0.0,0.0,0.0
2015,2,U.N. INTERCULTURAL DE LA AMAZONIA,30.63,0.0,0.0,174822.35,174852.98,0.0,0.0,0.0,0.0,0.0,0.0,0.0,0.0,2015-02-01,0.0,0.0,0.0
2015,2,U.N. INTERCULTURAL DE LA SELVA CENTRAL JUAN SANTOS ATAHUALPA,23730.36,0.0,0.0,0.0,23730.36,0.0,0.0,0.0,0.0,0.0,0.0,0.0,0.0,2015-02-01,0.0,0.0,0.0
2015,2,U.N. INTERCULTURAL DE QUILLABAMBA,3613431.21,0.0,0.0,0.0,3613431.21,0.0,0.0,0.0,0.0,0.0,0.0,0.0,0.0,2015-02-01,0.0,0.0,0.0
2015,2,U.N. INTERCULTURAL FABIOLA SALAZAR LEGUIA DE BAGUA,0.22,0.0,0.0,0.0,0.22,0.0,0.0,0.0,0.0,0.0,0.0,0.0,0.0,2015-02-01,0.0,0.0,0.0
2015,2,U.N. JORGE BASADRE GROHMANN,69444.92,0.0,0.0,0.0,69444.92,0.0,0.0,0.0,0.0,0.0,0.0,0.0,0.0,2015-02-01,0.0,0.0,0.0
2015,2,U.N. JOSE FAUSTINO SANCHEZ CARRION,94941.25,0.0,0.0,0.0,94941.25,0.0,0.0,0.0,0.0,0.0,0.0,0.0,0.0,2015-02-01,0.0,0.0,0.0
2015,2,U.N. JOSE MARIA ARGUEDAS,520.86,0.0,0.0,0.0,520.86,0.0,0.0,0.0,0.0,0.0,0.0,0.0,0.0,2015-02-01,0.0,0.0,0.0
2015,2,U.N. MAYOR DE SAN MARCOS,2866.87,0.0,0.0,0.0,2866.87,0.0,0.0,0.0,0.0,0.0,0.0,0.0,0.0,2015-02-01,0.0,0.0,0.0
2015,2,U.N. MICAELA BASTIDAS DE APURIMAC,643.87,0.0,0.0,0.0,643.87,0.0,0.0,0.0,0.0,0.0,0.0,0.0,0.0,2015-02-01,0.0,0.0,0.0
2015,2,U.N. PEDRO RUIZ GALLO,47.96,0.0,0.0,0.0,47.96,0.0,0.0,0.0,0.0,0.0,0.0,0.0,0.0,2015-02-01,0.0,0.0,0.0
2015,2,U.N. SAN CRISTOBAL DE HUAMANGA,3966.18,0.0,0.0,0.0,3966.18,0.0,0.0,0.0,0.0,0.0,0.0,0.0,0.0,2015-02-01,0.0,0.0,0.0
2015,2,U.N. SAN LUIS GONZAGA DE ICA,76904.54,0.0,0.0,0.0,76904.54,0.0,0.0,0.0,0.0,0.0,0.0,0.0,0.0,2015-02-01,0.0,0.0,0.0
2015,2,U.N. SANTIAGO ANTUNEZ DE MAYOLO,162724.9,0.0,0.0,0.0,162724.9,0.0,0.0,0.0,0.0,0.0,0.0,0.0,0.0,2015-02-01,0.0,0.0,0.0
2015,2,U.N. TECNOLOGICA DEL CONO SUR DE LIMA,3091.36,0.0,0.0,0.0,3091.36,0.0,0.0,0.0,0.0,0.0,0.0,0.0,0.0,2015-02-01,0.0,0.0,0.0
2015,2,U.N. TORIBIO RODRIGUEZ DE MENDOZA DE AMAZONAS,1.58,0.0,0.0,0.0,1.58,0.0,0.0,0.0,0.0,0.0,0.0,0.0,0.0,2015-02-01,0.0,0.0,0.0
2015,3, ,144291069.68,382634043.96,0.0,68703081.78,595628195.42,160698294.73,17687055.98,178385350.70999998,2422732130.55,307111811.06,0.126762594670456,0.2458497940854825,0.126762594670456,2015-03-01,18.999456665490154,0.01606875540758632,0.03116455779747309
2015,3,GOBIERNO REGIONAL DE LA PROVINCIA CONSTITUCIONAL DEL CALLAO,402823.23,0.0,0.0,0.0,402823.23,0.0,0.0,0.0,0.0,0.0,0.0,0.0,0.0,2015-03-01,0.0,0.0,0.0
2015,3,GOBIERNO REGIONAL DEL DEPARTAMENTO DE AMAZONAS,319.83000000000004,0.0,0.0,0.0,319.83000000000004,0.0,0.0,0.0,0.0,0.0,0.0,0.0,0.0,2015-03-01,0.0,0.0,0.0
2015,3,GOBIERNO REGIONAL DEL DEPARTAMENTO DE ANCASH,976646.74,0.0,0.0,0.0,976646.74,0.0,0.0,0.0,0.0,0.0,0.0,0.0,0.0,2015-03-01,0.0,0.0,0.0
2015,3,GOBIERNO REGIONAL DEL DEPARTAMENTO DE APURIMAC,1064.72,0.0,0.0,0.0,1064.72,0.0,0.0,0.0,0.0,0.0,0.0,0.0,0.0,2015-03-01,0.0,0.0,0.0
2015,3,GOBIERNO REGIONAL DEL DEPARTAMENTO DE AREQUIPA,182711.13,0.0,0.0,0.0,182711.13,0.0,0.0,0.0,0.0,0.0,0.0,0.0,0.0,2015-03-01,0.0,0.0,0.0
2015,3,GOBIERNO REGIONAL DEL DEPARTAMENTO DE AYACUCHO,2176.58,0.0,0.0,0.0,2176.58,0.0,0.0,0.0,0.0,0.0,0.0,0.0,0.0,2015-03-01,0.0,0.0,0.0
2015,3,GOBIERNO REGIONAL DEL DEPARTAMENTO DE CAJAMARCA,1038449.03,0.0,0.0,0.0,1038449.03,0.0,0.0,0.0,0.0,0.0,0.0,0.0,0.0,2015-03-01,0.0,0.0,0.0
2015,3,GOBIERNO REGIONAL DEL DEPARTAMENTO DE CUSCO,23045322.200000003,0.0,0.0,0.0,23045322.200000003,0.0,0.0,0.0,0.0,0.0,0.0,0.0,0.0,2015-03-01,0.0,0.0,0.0
2015,3,GOBIERNO REGIONAL DEL DEPARTAMENTO DE HUANCAVELICA,1194809.02,0.0,0.0,0.0,1194809.02,0.0,0.0,0.0,0.0,0.0,0.0,0.0,0.0,2015-03-01,0.0,0.0,0.0
2015,3,GOBIERNO REGIONAL DEL DEPARTAMENTO DE HUANUCO,83.21000000000001,0.0,0.0,0.0,83.21000000000001,0.0,0.0,0.0,0.0,0.0,0.0,0.0,0.0,2015-03-01,0.0,0.0,0.0
2015,3,GOBIERNO REGIONAL DEL DEPARTAMENTO DE ICA,638807.08,0.0,0.0,0.0,638807.08,0.0,0.0,0.0,0.0,0.0,0.0,0.0,0.0,2015-03-01,0.0,0.0,0.0
2015,3,GOBIERNO REGIONAL DEL DEPARTAMENTO DE JUNIN,236214.26,0.0,0.0,0.0,236214.26,0.0,0.0,0.0,0.0,0.0,0.0,0.0,0.0,2015-03-01,0.0,0.0,0.0
2015,3,GOBIERNO REGIONAL DEL DEPARTAMENTO DE LA LIBERTAD,259216.48,0.0,0.0,0.0,259216.48,0.0,0.0,0.0,0.0,0.0,0.0,0.0,0.0,2015-03-01,0.0,0.0,0.0
2015,3,GOBIERNO REGIONAL DEL DEPARTAMENTO DE LAMBAYEQUE,113.04,0.0,0.0,0.0,113.04,0.0,0.0,0.0,0.0,0.0,0.0,0.0,0.0,2015-03-01,0.0,0.0,0.0
2015,3,GOBIERNO REGIONAL DEL DEPARTAMENTO DE LIMA,1426055.1,0.0,0.0,0.0,1426055.1,0.0,0.0,0.0,0.0,0.0,0.0,0.0,0.0,2015-03-01,0.0,0.0,0.0
2015,3,GOBIERNO REGIONAL DEL DEPARTAMENTO DE LORETO,1841467.37,0.0,0.0,6106575.84,7948043.21,0.0,0.0,0.0,0.0,0.0,0.0,0.0,0.0,2015-03-01,0.0,0.0,0.0
2015,3,GOBIERNO REGIONAL DEL DEPARTAMENTO DE MADRE DE DIOS,1215.63,0.0,0.0,0.0,1215.63,0.0,0.0,0.0,0.0,0.0,0.0,0.0,0.0,2015-03-01,0.0,0.0,0.0
2015,3,GOBIERNO REGIONAL DEL DEPARTAMENTO DE MOQUEGUA,120020.36,0.0,0.0,0.0,120020.36,0.0,0.0,0.0,0.0,0.0,0.0,0.0,0.0,2015-03-01,0.0,0.0,0.0
2015,3,GOBIERNO REGIONAL DEL DEPARTAMENTO DE PASCO,73915.00000000006,0.0,0.0,0.0,73915.00000000006,0.0,0.0,0.0,0.0,0.0,0.0,0.0,0.0,2015-03-01,0.0,0.0,0.0
2015,3,GOBIERNO REGIONAL DEL DEPARTAMENTO DE PIURA,72782.36000000002,0.0,0.0,7982745.600000001,8055527.960000001,0.0,0.0,0.0,0.0,0.0,0.0,0.0,0.0,2015-03-01,0.0,0.0,0.0
2015,3,GOBIERNO REGIONAL DEL DEPARTAMENTO DE PUNO,1017967.77,0.0,0.0,0.0,1017967.77,0.0,0.0,0.0,0.0,0.0,0.0,0.0,0.0,2015-03-01,0.0,0.0,0.0
2015,3,GOBIERNO REGIONAL DEL DEPARTAMENTO DE SAN MARTIN,902.65,0.0,0.0,0.0,902.65,0.0,0.0,0.0,0.0,0.0,0.0,0.0,0.0,2015-03-01,0.0,0.0,0.0
2015,3,GOBIERNO REGIONAL DEL DEPARTAMENTO DE TACNA,72443.18,0.0,0.0,0.0,72443.18,0.0,0.0,0.0,0.0,0.0,0.0,0.0,0.0,2015-03-01,0.0,0.0,0.0
2015,3,GOBIERNO REGIONAL DEL DEPARTAMENTO DE TUMBES,833.98,0.0,0.0,5231091.67,5231925.65,0.0,0.0,0.0,0.0,0.0,0.0,0.0,0.0,2015-03-01,0.0,0.0,0.0
2015,3,GOBIERNO REGIONAL DEL DEPARTAMENTO DE UCAYALI,765.4,0.0,0.0,3209923.6299999994,3210689.03,0.0,0.0,0.0,0.0,0.0,0.0,0.0,0.0,2015-03-01,0.0,0.0,0.0
2015,3,INSTITUTO DE INVESTIGACIONES DE LA AMAZONIA PERUANA,0.0,0.0,0.0,537558.38,537558.38,0.0,0.0,0.0,0.0,0.0,0.0,0.0,0.0,2015-03-01,0.0,0.0,0.0
2015,3,MUNICIPALIDAD METROPOLITANA DE LIMA,108118.08000000002,0.0,0.0,0.0,108118.08000000002,0.0,0.0,0.0,0.0,0.0,0.0,0.0,0.0,2015-03-01,0.0,0.0,0.0
2015,3,U. N. AUTÓNOMA ALTOANDINA DE TARMA,19879.15,0.0,0.0,0.0,19879.15,0.0,0.0,0.0,0.0,0.0,0.0,0.0,0.0,2015-03-01,0.0,0.0,0.0
2015,3,U.N. AGRARIA DE LA SELVA,298.14,0.0,0.0,0.0,298.14,0.0,0.0,0.0,0.0,0.0,0.0,0.0,0.0,2015-03-01,0.0,0.0,0.0
2015,3,U.N. AGRARIA LA MOLINA,3313.96,0.0,0.0,0.0,3313.96,0.0,0.0,0.0,0.0,0.0,0.0,0.0,0.0,2015-03-01,0.0,0.0,0.0
2015,3,U.N. AMAZONICA DE MADRE DE DIOS,370.48,0.0,0.0,0.0,370.48,0.0,0.0,0.0,0.0,0.0,0.0,0.0,0.0,2015-03-01,0.0,0.0,0.0
2015,3,U.N. AUTONOMA DE ALTO AMAZONAS,8.41,0.0,0.0,118677.53,118685.94,0.0,0.0,0.0,0.0,0.0,0.0,0.0,0.0,2015-03-01,0.0,0.0,0.0
2015,3,U.N. AUTONOMA DE CHOTA,32647.15,0.0,0.0,0.0,32647.15,0.0,0.0,0.0,0.0,0.0,0.0,0.0,0.0,2015-03-01,0.0,0.0,0.0
2015,3,U.N. AUTÓNOMA DE HUANTA,5462.509999999999,0.0,0.0,0.0,5462.509999999999,0.0,0.0,0.0,0.0,0.0,0.0,0.0,0.0,2015-03-01,0.0,0.0,0.0
2015,3,U.N. DANIEL ALCIDES CARRION,269679.08,0.0,0.0,0.0,269679.08,0.0,0.0,0.0,0.0,0.0,0.0,0.0,0.0,2015-03-01,0.0,0.0,0.0
2015,3,U.N. DE BARRANCA,125478.98,0.0,0.0,0.0,125478.98,0.0,0.0,0.0,0.0,0.0,0.0,0.0,0.0,2015-03-01,0.0,0.0,0.0
2015,3,U.N. DE CAJAMARCA,40083.31,0.0,0.0,0.0,40083.31,0.0,0.0,0.0,0.0,0.0,0.0,0.0,0.0,2015-03-01,0.0,0.0,0.0
2015,3,U.N. DE CAÑETE,122524.9,0.0,0.0,0.0,122524.9,0.0,0.0,0.0,0.0,0.0,0.0,0.0,0.0,2015-03-01,0.0,0.0,0.0
2015,3,U.N. DE EDUCACION ENRIQUE GUZMAN Y VALLE,3324.55,0.0,0.0,0.0,3324.55,0.0,0.0,0.0,0.0,0.0,0.0,0.0,0.0,2015-03-01,0.0,0.0,0.0
2015,3,U.N. DE FRONTERA,10292.58,0.0,0.0,998008.78,1008301.36,0.0,0.0,0.0,0.0,0.0,0.0,0.0,0.0,2015-03-01,0.0,0.0,0.0
2015,3,U.N. DE HUANCAVELICA,154681.38999999998,0.0,0.0,0.0,154681.38999999998,0.0,0.0,0.0,0.0,0.0,0.0,0.0,0.0,2015-03-01,0.0,0.0,0.0
2015,3,U.N. DE INGENIERIA,3194.0,0.0,0.0,0.0,3194.0,0.0,0.0,0.0,0.0,0.0,0.0,0.0,0.0,2015-03-01,0.0,0.0,0.0
2015,3,U.N. DE JAEN,48922.31,0.0,0.0,0.0,48922.31,0.0,0.0,0.0,0.0,0.0,0.0,0.0,0.0,2015-03-01,0.0,0.0,0.0
2015,3,U.N. DE JULIACA,40036.77,0.0,0.0,0.0,40036.77,0.0,0.0,0.0,0.0,0.0,0.0,0.0,0.0,2015-03-01,0.0,0.0,0.0
2015,3,U.N. DE LA AMAZONIA PERUANA,60.13,0.0,0.0,519057.83,519117.96,0.0,0.0,0.0,0.0,0.0,0.0,0.0,0.0,2015-03-01,0.0,0.0,0.0
2015,3,U.N. DE MOQUEGUA,92062.49,0.0,0.0,0.0,92062.49,0.0,0.0,0.0,0.0,0.0,0.0,0.0,0.0,2015-03-01,0.0,0.0,0.0
2015,3,U.N. DE PIURA,10292.6,0.0,0.0,949600.29,959892.89,0.0,0.0,0.0,0.0,0.0,0.0,0.0,0.0,2015-03-01,0.0,0.0,0.0
2015,3,U.N. DE SAN AGUSTIN,169885.4,0.0,0.0,0.0,169885.4,0.0,0.0,0.0,0.0,0.0,0.0,0.0,0.0,2015-03-01,0.0,0.0,0.0
2015,3,U.N. DE SAN ANTONIO ABAD DEL CUSCO,4049190.14,0.0,0.0,0.0,4049190.14,0.0,0.0,0.0,0.0,0.0,0.0,0.0,0.0,2015-03-01,0.0,0.0,0.0
2015,3,U.N. DE SAN MARTIN,120.81,0.0,0.0,0.0,120.81,0.0,0.0,0.0,0.0,0.0,0.0,0.0,0.0,2015-03-01,0.0,0.0,0.0
2015,3,U.N. DE TRUJILLO,78188.64,0.0,0.0,0.0,78188.64,0.0,0.0,0.0,0.0,0.0,0.0,0.0,0.0,2015-03-01,0.0,0.0,0.0
2015,3,U.N. DE TUMBES,215.81,0.0,0.0,594891.51,595107.3200000001,0.0,0.0,0.0,0.0,0.0,0.0,0.0,0.0,2015-03-01,0.0,0.0,0.0
2015,3,U.N. DE UCAYALI,21.27,0.0,0.0,159609.32,159630.59,0.0,0.0,0.0,0.0,0.0,0.0,0.0,0.0,2015-03-01,0.0,0.0,0.0
2015,3,U.N. DEL ALTIPLANO,17773.53,0.0,0.0,0.0,17773.53,0.0,0.0,0.0,0.0,0.0,0.0,0.0,0.0,2015-03-01,0.0,0.0,0.0
2015,3,U.N. DEL CALLAO,102563.7,0.0,0.0,0.0,102563.7,0.0,0.0,0.0,0.0,0.0,0.0,0.0,0.0,2015-03-01,0.0,0.0,0.0
2015,3,U.N. DEL CENTRO DEL PERU,26560.73,0.0,0.0,0.0,26560.73,0.0,0.0,0.0,0.0,0.0,0.0,0.0,0.0,2015-03-01,0.0,0.0,0.0
2015,3,U.N. DEL SANTA,239423.0,0.0,0.0,0.0,239423.0,0.0,0.0,0.0,0.0,0.0,0.0,0.0,0.0,2015-03-01,0.0,0.0,0.0
2015,3,U.N. FEDERICO VILLARREAL,3324.53,0.0,0.0,0.0,3324.53,0.0,0.0,0.0,0.0,0.0,0.0,0.0,0.0,2015-03-01,0.0,0.0,0.0
2015,3,U.N. HERMILIO VALDIZAN,125.0,0.0,0.0,0.0,125.0,0.0,0.0,0.0,0.0,0.0,0.0,0.0,0.0,2015-03-01,0.0,0.0,0.0
2015,3,U.N. INTERCULTURAL DE LA AMAZONIA,43.22,0.0,0.0,169152.59000000003,169195.81000000003,0.0,0.0,0.0,0.0,0.0,0.0,0.0,0.0,2015-03-01,0.0,0.0,0.0
2015,3,U.N. INTERCULTURAL DE LA SELVA CENTRAL JUAN SANTOS ATAHUALPA,26020.63,0.0,0.0,0.0,26020.63,0.0,0.0,0.0,0.0,0.0,0.0,0.0,0.0,2015-03-01,0.0,0.0,0.0
2015,3,U.N. INTERCULTURAL DE QUILLABAMBA,3817243.93,0.0,0.0,0.0,3817243.93,0.0,0.0,0.0,0.0,0.0,0.0,0.0,0.0,2015-03-01,0.0,0.0,0.0
2015,3,U.N. INTERCULTURAL FABIOLA SALAZAR LEGUIA DE BAGUA,0.3,0.0,0.0,0.0,0.3,0.0,0.0,0.0,0.0,0.0,0.0,0.0,0.0,2015-03-01,0.0,0.0,0.0
2015,3,U.N. JORGE BASADRE GROHMANN,101782.76,0.0,0.0,0.0,101782.76,0.0,0.0,0.0,0.0,0.0,0.0,0.0,0.0,2015-03-01,0.0,0.0,0.0
2015,3,U.N. JOSE FAUSTINO SANCHEZ CARRION,125517.03,0.0,0.0,0.0,125517.03,0.0,0.0,0.0,0.0,0.0,0.0,0.0,0.0,2015-03-01,0.0,0.0,0.0
2015,3,U.N. JOSE MARIA ARGUEDAS,718.35,0.0,0.0,0.0,718.35,0.0,0.0,0.0,0.0,0.0,0.0,0.0,0.0,2015-03-01,0.0,0.0,0.0
2015,3,U.N. MAYOR DE SAN MARCOS,3001.4,0.0,0.0,0.0,3001.4,0.0,0.0,0.0,0.0,0.0,0.0,0.0,0.0,2015-03-01,0.0,0.0,0.0
2015,3,U.N. MICAELA BASTIDAS DE APURIMAC,931.19,0.0,0.0,0.0,931.19,0.0,0.0,0.0,0.0,0.0,0.0,0.0,0.0,2015-03-01,0.0,0.0,0.0
2015,3,U.N. PEDRO RUIZ GALLO,67.67999999999999,0.0,0.0,0.0,67.67999999999999,0.0,0.0,0.0,0.0,0.0,0.0,0.0,0.0,2015-03-01,0.0,0.0,0.0
2015,3,U.N. SAN CRISTOBAL DE HUAMANGA,5627.360000000001,0.0,0.0,0.0,5627.360000000001,0.0,0.0,0.0,0.0,0.0,0.0,0.0,0.0,2015-03-01,0.0,0.0,0.0
2015,3,U.N. SAN LUIS GONZAGA DE ICA,189983.55,0.0,0.0,0.0,189983.55,0.0,0.0,0.0,0.0,0.0,0.0,0.0,0.0,2015-03-01,0.0,0.0,0.0
2015,3,U.N. SANTIAGO ANTUNEZ DE MAYOLO,230962.74,0.0,0.0,0.0,230962.74,0.0,0.0,0.0,0.0,0.0,0.0,0.0,0.0,2015-03-01,0.0,0.0,0.0
2015,3,U.N. TECNOLOGICA DEL CONO SUR DE LIMA,3324.54,0.0,0.0,0.0,3324.54,0.0,0.0,0.0,0.0,0.0,0.0,0.0,0.0,2015-03-01,0.0,0.0,0.0
2015,3,U.N. TORIBIO RODRIGUEZ DE MENDOZA DE AMAZONAS,2.21,0.0,0.0,0.0,2.21,0.0,0.0,0.0,0.0,0.0,0.0,0.0,0.0,2015-03-01,0.0,0.0,0.0
2015,4, ,145117845.99,380470380.02,0.0,49008041.3,574596267.31,113400368.59,20706071.63,134106440.22,1440374960.48,219115214.87,0.1521237322793924,0.3989213108220916,0.1521237322793924,2015-04-01,18.714144380058837,0.023141629922612258,0.060685398688044144
2015,4,GOBIERNO REGIONAL DE LA PROVINCIA CONSTITUCIONAL DEL CALLAO,175931.96,0.0,0.0,0.0,175931.96,0.0,0.0,0.0,0.0,0.0,0.0,0.0,0.0,2015-04-01,0.0,0.0,0.0
2015,4,GOBIERNO REGIONAL DEL DEPARTAMENTO DE AMAZONAS,486.73,0.0,0.0,0.0,486.73,0.0,0.0,0.0,0.0,0.0,0.0,0.0,0.0,2015-04-01,0.0,0.0,0.0
2015,4,GOBIERNO REGIONAL DEL DEPARTAMENTO DE ANCASH,863989.54,0.0,0.0,0.0,863989.54,0.0,0.0,0.0,0.0,0.0,0.0,0.0,0.0,2015-04-01,0.0,0.0,0.0
2015,4,GOBIERNO REGIONAL DEL DEPARTAMENTO DE APURIMAC,1305.4,0.0,0.0,0.0,1305.4,0.0,0.0,0.0,0.0,0.0,0.0,0.0,0.0,2015-04-01,0.0,0.0,0.0
2015,4,GOBIERNO REGIONAL DEL DEPARTAMENTO DE AREQUIPA,205069.03000000003,0.0,0.0,0.0,205069.03000000003,0.0,0.0,0.0,0.0,0.0,0.0,0.0,0.0,2015-04-01,0.0,0.0,0.0
2015,4,GOBIERNO REGIONAL DEL DEPARTAMENTO DE AYACUCHO,3364.78,0.0,0.0,0.0,3364.78,0.0,0.0,0.0,0.0,0.0,0.0,0.0,0.0,2015-04-01,0.0,0.0,0.0
2015,4,GOBIERNO REGIONAL DEL DEPARTAMENTO DE CAJAMARCA,220260.05,0.0,0.0,0.0,220260.05,0.0,0.0,0.0,0.0,0.0,0.0,0.0,0.0,2015-04-01,0.0,0.0,0.0
2015,4,GOBIERNO REGIONAL DEL DEPARTAMENTO DE CUSCO,26937851.03,0.0,0.0,0.0,26937851.03,0.0,0.0,0.0,0.0,0.0,0.0,0.0,0.0,2015-04-01,0.0,0.0,0.0
2015,4,GOBIERNO REGIONAL DEL DEPARTAMENTO DE HUANCAVELICA,1198711.0599999998,0.0,0.0,0.0,1198711.0599999998,0.0,0.0,0.0,0.0,0.0,0.0,0.0,0.0,2015-04-01,0.0,0.0,0.0
2015,4,GOBIERNO REGIONAL DEL DEPARTAMENTO DE HUANUCO,139.2,0.0,0.0,0.0,139.2,0.0,0.0,0.0,0.0,0.0,0.0,0.0,0.0,2015-04-01,0.0,0.0,0.0
2015,4,GOBIERNO REGIONAL DEL DEPARTAMENTO DE ICA,293368.68,0.0,0.0,0.0,293368.68,0.0,0.0,0.0,0.0,0.0,0.0,0.0,0.0,2015-04-01,0.0,0.0,0.0
2015,4,GOBIERNO REGIONAL DEL DEPARTAMENTO DE JUNIN,245305.35,0.0,0.0,0.0,245305.35,0.0,0.0,0.0,0.0,0.0,0.0,0.0,0.0,2015-04-01,0.0,0.0,0.0
2015,4,GOBIERNO REGIONAL DEL DEPARTAMENTO DE LA LIBERTAD,303347.7,0.0,0.0,0.0,303347.7,0.0,0.0,0.0,0.0,0.0,0.0,0.0,0.0,2015-04-01,0.0,0.0,0.0
2015,4,GOBIERNO REGIONAL DEL DEPARTAMENTO DE LAMBAYEQUE,172.10000000000002,0.0,0.0,0.0,172.10000000000002,0.0,0.0,0.0,0.0,0.0,0.0,0.0,0.0,2015-04-01,0.0,0.0,0.0
2015,4,GOBIERNO REGIONAL DEL DEPARTAMENTO DE LIMA,1156794.11,0.0,0.0,0.0,1156794.11,0.0,0.0,0.0,0.0,0.0,0.0,0.0,0.0,2015-04-01,0.0,0.0,0.0
2015,4,GOBIERNO REGIONAL DEL DEPARTAMENTO DE LORETO,1842232.03,0.0,0.0,7965298.239999999,9807530.27,0.0,0.0,0.0,0.0,0.0,0.0,0.0,0.0,2015-04-01,0.0,0.0,0.0
2015,4,GOBIERNO REGIONAL DEL DEPARTAMENTO DE MADRE DE DIOS,1861.02,0.0,0.0,0.0,1861.02,0.0,0.0,0.0,0.0,0.0,0.0,0.0,0.0,2015-04-01,0.0,0.0,0.0
2015,4,GOBIERNO REGIONAL DEL DEPARTAMENTO DE MOQUEGUA,127917.65,0.0,0.0,0.0,127917.65,0.0,0.0,0.0,0.0,0.0,0.0,0.0,0.0,2015-04-01,0.0,0.0,0.0
2015,4,GOBIERNO REGIONAL DEL DEPARTAMENTO DE PASCO,1945067.59,0.0,0.0,0.0,1945067.59,0.0,0.0,0.0,0.0,0.0,0.0,0.0,0.0,2015-04-01,0.0,0.0,0.0
2015,4,GOBIERNO REGIONAL DEL DEPARTAMENTO DE PIURA,21475.06,0.0,0.0,12085258.250000002,12106733.310000002,0.0,0.0,0.0,0.0,0.0,0.0,0.0,0.0,2015-04-01,0.0,0.0,0.0
2015,4,GOBIERNO REGIONAL DEL DEPARTAMENTO DE PUNO,155543.41999999998,0.0,0.0,0.0,155543.41999999998,0.0,0.0,0.0,0.0,0.0,0.0,0.0,0.0,2015-04-01,0.0,0.0,0.0
2015,4,GOBIERNO REGIONAL DEL DEPARTAMENTO DE SAN MARTIN,1435.33,0.0,0.0,0.0,1435.33,0.0,0.0,0.0,0.0,0.0,0.0,0.0,0.0,2015-04-01,0.0,0.0,0.0
2015,4,GOBIERNO REGIONAL DEL DEPARTAMENTO DE TACNA,3326389.89,0.0,0.0,0.0,3326389.89,0.0,0.0,0.0,0.0,0.0,0.0,0.0,0.0,2015-04-01,0.0,0.0,0.0
2015,4,GOBIERNO REGIONAL DEL DEPARTAMENTO DE TUMBES,123.76,0.0,0.0,5401405.42,5401529.18,0.0,0.0,0.0,0.0,0.0,0.0,0.0,0.0,2015-04-01,0.0,0.0,0.0
2015,4,GOBIERNO REGIONAL DEL DEPARTAMENTO DE UCAYALI,1164.2,0.0,0.0,3744409.81,3745574.01,0.0,0.0,0.0,0.0,0.0,0.0,0.0,0.0,2015-04-01,0.0,0.0,0.0
2015,4,INSTITUTO DE INVESTIGACIONES DE LA AMAZONIA PERUANA,0.0,0.0,0.0,695206.03,695206.03,0.0,0.0,0.0,0.0,0.0,0.0,0.0,0.0,2015-04-01,0.0,0.0,0.0
2015,4,MUNICIPALIDAD METROPOLITANA DE LIMA,111902.76,0.0,0.0,0.0,111902.76,0.0,0.0,0.0,0.0,0.0,0.0,0.0,0.0,2015-04-01,0.0,0.0,0.0
2015,4,U. N. AUTÓNOMA ALTOANDINA DE TARMA,21299.61,0.0,0.0,0.0,21299.61,0.0,0.0,0.0,0.0,0.0,0.0,0.0,0.0,2015-04-01,0.0,0.0,0.0
2015,4,U.N. AGRARIA DE LA SELVA,455.25,0.0,0.0,0.0,455.25,0.0,0.0,0.0,0.0,0.0,0.0,0.0,0.0,2015-04-01,0.0,0.0,0.0
2015,4,U.N. AGRARIA LA MOLINA,3407.37,0.0,0.0,0.0,3407.37,0.0,0.0,0.0,0.0,0.0,0.0,0.0,0.0,2015-04-01,0.0,0.0,0.0
2015,4,U.N. AMAZONICA DE MADRE DE DIOS,582.03,0.0,0.0,0.0,582.03,0.0,0.0,0.0,0.0,0.0,0.0,0.0,0.0,2015-04-01,0.0,0.0,0.0
2015,4,U.N. AUTONOMA DE ALTO AMAZONAS,17.73,0.0,0.0,119088.39,119106.12,0.0,0.0,0.0,0.0,0.0,0.0,0.0,0.0,2015-04-01,0.0,0.0,0.0
2015,4,U.N. AUTONOMA DE CHOTA,45444.41,0.0,0.0,0.0,45444.41,0.0,0.0,0.0,0.0,0.0,0.0,0.0,0.0,2015-04-01,0.0,0.0,0.0
2015,4,U.N. AUTÓNOMA DE HUANTA,8331.49,0.0,0.0,0.0,8331.49,0.0,0.0,0.0,0.0,0.0,0.0,0.0,0.0,2015-04-01,0.0,0.0,0.0
2015,4,U.N. DANIEL ALCIDES CARRION,281401.22000000003,0.0,0.0,0.0,281401.22000000003,0.0,0.0,0.0,0.0,0.0,0.0,0.0,0.0,2015-04-01,0.0,0.0,0.0
2015,4,U.N. DE BARRANCA,107764.86,0.0,0.0,0.0,107764.86,0.0,0.0,0.0,0.0,0.0,0.0,0.0,0.0,2015-04-01,0.0,0.0,0.0
2015,4,U.N. DE CAJAMARCA,59392.11,0.0,0.0,0.0,59392.11,0.0,0.0,0.0,0.0,0.0,0.0,0.0,0.0,2015-04-01,0.0,0.0,0.0
2015,4,U.N. DE CAÑETE,101691.98,0.0,0.0,0.0,101691.98,0.0,0.0,0.0,0.0,0.0,0.0,0.0,0.0,2015-04-01,0.0,0.0,0.0
2015,4,U.N. DE EDUCACION ENRIQUE GUZMAN Y VALLE,3429.68,0.0,0.0,0.0,3429.68,0.0,0.0,0.0,0.0,0.0,0.0,0.0,0.0,2015-04-01,0.0,0.0,0.0
2015,4,U.N. DE FRONTERA,4553.96,0.0,0.0,1137634.4,1142188.36,0.0,0.0,0.0,0.0,0.0,0.0,0.0,0.0,2015-04-01,0.0,0.0,0.0
2015,4,U.N. DE HUANCAVELICA,158268.56999999998,0.0,0.0,0.0,158268.56999999998,0.0,0.0,0.0,0.0,0.0,0.0,0.0,0.0,2015-04-01,0.0,0.0,0.0
2015,4,U.N. DE INGENIERIA,3230.98,0.0,0.0,0.0,3230.98,0.0,0.0,0.0,0.0,0.0,0.0,0.0,0.0,2015-04-01,0.0,0.0,0.0
2015,4,U.N. DE JAEN,71683.94,0.0,0.0,0.0,71683.94,0.0,0.0,0.0,0.0,0.0,0.0,0.0,0.0,2015-04-01,0.0,0.0,0.0
2015,4,U.N. DE JULIACA,52668.13,0.0,0.0,0.0,52668.13,0.0,0.0,0.0,0.0,0.0,0.0,0.0,0.0,2015-04-01,0.0,0.0,0.0
2015,4,U.N. DE LA AMAZONIA PERUANA,91.48,0.0,0.0,726017.01,726108.49,0.0,0.0,0.0,0.0,0.0,0.0,0.0,0.0,2015-04-01,0.0,0.0,0.0
2015,4,U.N. DE MOQUEGUA,125507.8,0.0,0.0,0.0,125507.8,0.0,0.0,0.0,0.0,0.0,0.0,0.0,0.0,2015-04-01,0.0,0.0,0.0
2015,4,U.N. DE PIURA,4553.97,0.0,0.0,1046280.11,1050834.08,0.0,0.0,0.0,0.0,0.0,0.0,0.0,0.0,2015-04-01,0.0,0.0,0.0
2015,4,U.N. DE SAN AGUSTIN,246731.1,0.0,0.0,0.0,246731.1,0.0,0.0,0.0,0.0,0.0,0.0,0.0,0.0,2015-04-01,0.0,0.0,0.0
2015,4,U.N. DE SAN ANTONIO ABAD DEL CUSCO,4474274.47,0.0,0.0,0.0,4474274.47,0.0,0.0,0.0,0.0,0.0,0.0,0.0,0.0,2015-04-01,0.0,0.0,0.0
2015,4,U.N. DE SAN MARTIN,199.44,0.0,0.0,0.0,199.44,0.0,0.0,0.0,0.0,0.0,0.0,0.0,0.0,2015-04-01,0.0,0.0,0.0
2015,4,U.N. DE TRUJILLO,109501.71,0.0,0.0,0.0,109501.71,0.0,0.0,0.0,0.0,0.0,0.0,0.0,0.0,2015-04-01,0.0,0.0,0.0
2015,4,U.N. DE TUMBES,42.0,0.0,0.0,804543.4099999999,804585.4099999999,0.0,0.0,0.0,0.0,0.0,0.0,0.0,0.0,2015-04-01,0.0,0.0,0.0
2015,4,U.N. DE UCAYALI,32.36,0.0,0.0,199199.62,199231.98,0.0,0.0,0.0,0.0,0.0,0.0,0.0,0.0,2015-04-01,0.0,0.0,0.0
2015,4,U.N. DEL ALTIPLANO,20988.83,0.0,0.0,0.0,20988.83,0.0,0.0,0.0,0.0,0.0,0.0,0.0,0.0,2015-04-01,0.0,0.0,0.0
2015,4,U.N. DEL CALLAO,46784.39,0.0,0.0,0.0,46784.39,0.0,0.0,0.0,0.0,0.0,0.0,0.0,0.0,2015-04-01,0.0,0.0,0.0
2015,4,U.N. DEL CENTRO DEL PERU,31061.36,0.0,0.0,0.0,31061.36,0.0,0.0,0.0,0.0,0.0,0.0,0.0,0.0,2015-04-01,0.0,0.0,0.0
2015,4,U.N. DEL SANTA,287928.01,0.0,0.0,0.0,287928.01,0.0,0.0,0.0,0.0,0.0,0.0,0.0,0.0,2015-04-01,0.0,0.0,0.0
2015,4,U.N. FEDERICO VILLARREAL,3429.67,0.0,0.0,0.0,3429.67,0.0,0.0,0.0,0.0,0.0,0.0,0.0,0.0,2015-04-01,0.0,0.0,0.0
2015,4,U.N. HERMILIO VALDIZAN,182.65,0.0,0.0,0.0,182.65,0.0,0.0,0.0,0.0,0.0,0.0,0.0,0.0,2015-04-01,0.0,0.0,0.0
2015,4,U.N. INTERCULTURAL DE LA AMAZONIA,65.71,0.0,0.0,212904.27,212969.98,0.0,0.0,0.0,0.0,0.0,0.0,0.0,0.0,2015-04-01,0.0,0.0,0.0
2015,4,U.N. INTERCULTURAL DE LA SELVA CENTRAL JUAN SANTOS ATAHUALPA,30052.6,0.0,0.0,0.0,30052.6,0.0,0.0,0.0,0.0,0.0,0.0,0.0,0.0,2015-04-01,0.0,0.0,0.0
2015,4,U.N. INTERCULTURAL DE QUILLABAMBA,4148056.6800000006,0.0,0.0,0.0,4148056.6800000006,0.0,0.0,0.0,0.0,0.0,0.0,0.0,0.0,2015-04-01,0.0,0.0,0.0
2015,4,U.N. INTERCULTURAL FABIOLA SALAZAR LEGUIA DE BAGUA,0.72,0.0,0.0,0.0,0.72,0.0,0.0,0.0,0.0,0.0,0.0,0.0,0.0,2015-04-01,0.0,0.0,0.0
2015,4,U.N. JORGE BASADRE GROHMANN,158463.56,0.0,0.0,0.0,158463.56,0.0,0.0,0.0,0.0,0.0,0.0,0.0,0.0,2015-04-01,0.0,0.0,0.0
2015,4,U.N. JOSE FAUSTINO SANCHEZ CARRION,107846.97,0.0,0.0,0.0,107846.97,0.0,0.0,0.0,0.0,0.0,0.0,0.0,0.0,2015-04-01,0.0,0.0,0.0
2015,4,U.N. JOSE MARIA ARGUEDAS,1061.36,0.0,0.0,0.0,1061.36,0.0,0.0,0.0,0.0,0.0,0.0,0.0,0.0,2015-04-01,0.0,0.0,0.0
2015,4,U.N. MAYOR DE SAN MARCOS,2915.2,0.0,0.0,0.0,2915.2,0.0,0.0,0.0,0.0,0.0,0.0,0.0,0.0,2015-04-01,0.0,0.0,0.0
2015,4,U.N. MICAELA BASTIDAS DE APURIMAC,1442.24,0.0,0.0,0.0,1442.24,0.0,0.0,0.0,0.0,0.0,0.0,0.0,0.0,2015-04-01,0.0,0.0,0.0
2015,4,U.N. PEDRO RUIZ GALLO,103.14,0.0,0.0,0.0,103.14,0.0,0.0,0.0,0.0,0.0,0.0,0.0,0.0,2015-04-01,0.0,0.0,0.0
2015,4,U.N. SAN CRISTOBAL DE HUAMANGA,8598.869999999999,0.0,0.0,0.0,8598.869999999999,0.0,0.0,0.0,0.0,0.0,0.0,0.0,0.0,2015-04-01,0.0,0.0,0.0
2015,4,U.N. SAN LUIS GONZAGA DE ICA,108923.97,0.0,0.0,0.0,108923.97,0.0,0.0,0.0,0.0,0.0,0.0,0.0,0.0,2015-04-01,0.0,0.0,0.0
2015,4,U.N. SANTIAGO ANTUNEZ DE MAYOLO,274131.42,0.0,0.0,0.0,274131.42,0.0,0.0,0.0,0.0,0.0,0.0,0.0,0.0,2015-04-01,0.0,0.0,0.0
2015,4,U.N. TECNOLOGICA DEL CONO SUR DE LIMA,3429.67,0.0,0.0,0.0,3429.67,0.0,0.0,0.0,0.0,0.0,0.0,0.0,0.0,2015-04-01,0.0,0.0,0.0
2015,4,U.N. TORIBIO RODRIGUEZ DE MENDOZA DE AMAZONAS,3.48,0.0,0.0,0.0,3.48,0.0,0.0,0.0,0.0,0.0,0.0,0.0,0.0,2015-04-01,0.0,0.0,0.0
2015,5, ,139387083.21,377398468.08,0.0,48035424.37,564820975.66,129620347.27,17871142.25,147491489.51999998,1485263096.1,201818901.01,0.1358809099478305,0.3802834508869879,0.1358809099478305,2015-05-01,18.809281040690106,0.01846362168825042,0.05167326134462503
2015,5,GOBIERNO REGIONAL DE LA PROVINCIA CONSTITUCIONAL DEL CALLAO,175527.96,0.0,0.0,0.0,175527.96,0.0,0.0,0.0,0.0,0.0,0.0,0.0,0.0,2015-05-01,0.0,0.0,0.0
2015,5,GOBIERNO REGIONAL DEL DEPARTAMENTO DE AMAZONAS,432.93,0.0,0.0,0.0,432.93,0.0,0.0,0.0,0.0,0.0,0.0,0.0,0.0,2015-05-01,0.0,0.0,0.0
2015,5,GOBIERNO REGIONAL DEL DEPARTAMENTO DE ANCASH,861192.0599999999,0.0,0.0,0.0,861192.0599999999,0.0,0.0,0.0,0.0,0.0,0.0,0.0,0.0,2015-05-01,0.0,0.0,0.0
2015,5,GOBIERNO REGIONAL DEL DEPARTAMENTO DE APURIMAC,1003.51,0.0,0.0,0.0,1003.51,0.0,0.0,0.0,0.0,0.0,0.0,0.0,0.0,2015-05-01,0.0,0.0,0.0
2015,5,GOBIERNO REGIONAL DEL DEPARTAMENTO DE AREQUIPA,203038.1,0.0,0.0,0.0,203038.1,0.0,0.0,0.0,0.0,0.0,0.0,0.0,0.0,2015-05-01,0.0,0.0,0.0
2015,5,GOBIERNO REGIONAL DEL DEPARTAMENTO DE AYACUCHO,3176.83,0.0,0.0,0.0,3176.83,0.0,0.0,0.0,0.0,0.0,0.0,0.0,0.0,2015-05-01,0.0,0.0,0.0
2015,5,GOBIERNO REGIONAL DEL DEPARTAMENTO DE CAJAMARCA,903604.49,0.0,0.0,0.0,903604.49,0.0,0.0,0.0,0.0,0.0,0.0,0.0,0.0,2015-05-01,0.0,0.0,0.0
2015,5,GOBIERNO REGIONAL DEL DEPARTAMENTO DE CUSCO,29914895.720000003,0.0,0.0,0.0,29914895.720000003,0.0,0.0,0.0,0.0,0.0,0.0,0.0,0.0,2015-05-01,0.0,0.0,0.0
2015,5,GOBIERNO REGIONAL DEL DEPARTAMENTO DE HUANCAVELICA,1196874.5399999998,0.0,0.0,0.0,1196874.5399999998,0.0,0.0,0.0,0.0,0.0,0.0,0.0,0.0,2015-05-01,0.0,0.0,0.0
2015,5,GOBIERNO REGIONAL DEL DEPARTAMENTO DE HUANUCO,126.65,0.0,0.0,0.0,126.65,0.0,0.0,0.0,0.0,0.0,0.0,0.0,0.0,2015-05-01,0.0,0.0,0.0
2015,5,GOBIERNO REGIONAL DEL DEPARTAMENTO DE ICA,281424.65,0.0,0.0,0.0,281424.65,0.0,0.0,0.0,0.0,0.0,0.0,0.0,0.0,2015-05-01,0.0,0.0,0.0
2015,5,GOBIERNO REGIONAL DEL DEPARTAMENTO DE JUNIN,244209.73000000004,0.0,0.0,0.0,244209.73000000004,0.0,0.0,0.0,0.0,0.0,0.0,0.0,0.0,2015-05-01,0.0,0.0,0.0
2015,5,GOBIERNO REGIONAL DEL DEPARTAMENTO DE LA LIBERTAD,297616.27,0.0,0.0,0.0,297616.27,0.0,0.0,0.0,0.0,0.0,0.0,0.0,0.0,2015-05-01,0.0,0.0,0.0
2015,5,GOBIERNO REGIONAL DEL DEPARTAMENTO DE LAMBAYEQUE,153.01999999999998,0.0,0.0,0.0,153.01999999999998,0.0,0.0,0.0,0.0,0.0,0.0,0.0,0.0,2015-05-01,0.0,0.0,0.0
2015,5,GOBIERNO REGIONAL DEL DEPARTAMENTO DE LIMA,1067717.33,0.0,0.0,0.0,1067717.33,0.0,0.0,0.0,0.0,0.0,0.0,0.0,0.0,2015-05-01,0.0,0.0,0.0
2015,5,GOBIERNO REGIONAL DEL DEPARTAMENTO DE LORETO,1841985.23,0.0,0.0,7670854.490000001,9512839.72,0.0,0.0,0.0,0.0,0.0,0.0,0.0,0.0,2015-05-01,0.0,0.0,0.0
2015,5,GOBIERNO REGIONAL DEL DEPARTAMENTO DE MADRE DE DIOS,1710.76,0.0,0.0,0.0,1710.76,0.0,0.0,0.0,0.0,0.0,0.0,0.0,0.0,2015-05-01,0.0,0.0,0.0
2015,5,GOBIERNO REGIONAL DEL DEPARTAMENTO DE MOQUEGUA,130732.05000000002,0.0,0.0,0.0,130732.05000000002,0.0,0.0,0.0,0.0,0.0,0.0,0.0,0.0,2015-05-01,0.0,0.0,0.0
2015,5,GOBIERNO REGIONAL DEL DEPARTAMENTO DE PASCO,1014259.57,0.0,0.0,0.0,1014259.57,0.0,0.0,0.0,0.0,0.0,0.0,0.0,0.0,2015-05-01,0.0,0.0,0.0
2015,5,GOBIERNO REGIONAL DEL DEPARTAMENTO DE PIURA,21497.72,0.0,0.0,10840047.66,10861545.38,0.0,0.0,0.0,0.0,0.0,0.0,0.0,0.0,2015-05-01,0.0,0.0,0.0
2015,5,GOBIERNO REGIONAL DEL DEPARTAMENTO DE PUNO,157889.25,0.0,0.0,0.0,157889.25,0.0,0.0,0.0,0.0,0.0,0.0,0.0,0.0,2015-05-01,0.0,0.0,0.0
2015,5,GOBIERNO REGIONAL DEL DEPARTAMENTO DE SAN MARTIN,1295.38,0.0,0.0,0.0,1295.38,0.0,0.0,0.0,0.0,0.0,0.0,0.0,0.0,2015-05-01,0.0,0.0,0.0
2015,5,GOBIERNO REGIONAL DEL DEPARTAMENTO DE TACNA,106891.28,0.0,0.0,0.0,106891.28,0.0,0.0,0.0,0.0,0.0,0.0,0.0,0.0,2015-05-01,0.0,0.0,0.0
2015,5,GOBIERNO REGIONAL DEL DEPARTAMENTO DE TUMBES,109.84,0.0,0.0,4193570.6,4193680.44,0.0,0.0,0.0,0.0,0.0,0.0,0.0,0.0,2015-05-01,0.0,0.0,0.0
2015,5,GOBIERNO REGIONAL DEL DEPARTAMENTO DE UCAYALI,1035.4,0.0,0.0,3760217.74,3761253.14,0.0,0.0,0.0,0.0,0.0,0.0,0.0,0.0,2015-05-01,0.0,0.0,0.0
2015,5,INSTITUTO DE INVESTIGACIONES DE LA AMAZONIA PERUANA,0.0,0.0,0.0,687744.32,687744.32,0.0,0.0,0.0,0.0,0.0,0.0,0.0,0.0,2015-05-01,0.0,0.0,0.0
2015,5,MUNICIPALIDAD METROPOLITANA DE LIMA,109955.68,0.0,0.0,0.0,109955.68,0.0,0.0,0.0,0.0,0.0,0.0,0.0,0.0,2015-05-01,0.0,0.0,0.0
2015,5,U. N. AUTÓNOMA ALTOANDINA DE TARMA,20527.31,0.0,0.0,0.0,20527.31,0.0,0.0,0.0,0.0,0.0,0.0,0.0,0.0,2015-05-01,0.0,0.0,0.0
2015,5,U.N. AGRARIA DE LA SELVA,405.24,0.0,0.0,0.0,405.24,0.0,0.0,0.0,0.0,0.0,0.0,0.0,0.0,2015-05-01,0.0,0.0,0.0
2015,5,U.N. AGRARIA LA MOLINA,3340.24,0.0,0.0,0.0,3340.24,0.0,0.0,0.0,0.0,0.0,0.0,0.0,0.0,2015-05-01,0.0,0.0,0.0
2015,5,U.N. AMAZONICA DE MADRE DE DIOS,521.17,0.0,0.0,0.0,521.17,0.0,0.0,0.0,0.0,0.0,0.0,0.0,0.0,2015-05-01,0.0,0.0,0.0
2015,5,U.N. AUTONOMA DE ALTO AMAZONAS,12.62,0.0,0.0,118934.56,118947.18,0.0,0.0,0.0,0.0,0.0,0.0,0.0,0.0,2015-05-01,0.0,0.0,0.0
2015,5,U.N. AUTONOMA DE CHOTA,40401.2,0.0,0.0,0.0,40401.2,0.0,0.0,0.0,0.0,0.0,0.0,0.0,0.0,2015-05-01,0.0,0.0,0.0
2015,5,U.N. AUTÓNOMA DE HUANTA,7393.3,0.0,0.0,0.0,7393.3,0.0,0.0,0.0,0.0,0.0,0.0,0.0,0.0,2015-05-01,0.0,0.0,0.0
2015,5,U.N. DANIEL ALCIDES CARRION,277967.64,0.0,0.0,0.0,277967.64,0.0,0.0,0.0,0.0,0.0,0.0,0.0,0.0,2015-05-01,0.0,0.0,0.0
2015,5,U.N. DE BARRANCA,105336.05,0.0,0.0,0.0,105336.05,0.0,0.0,0.0,0.0,0.0,0.0,0.0,0.0,2015-05-01,0.0,0.0,0.0
2015,5,U.N. DE CAJAMARCA,54352.8,0.0,0.0,0.0,54352.8,0.0,0.0,0.0,0.0,0.0,0.0,0.0,0.0,2015-05-01,0.0,0.0,0.0
2015,5,U.N. DE CAÑETE,99929.01,0.0,0.0,0.0,99929.01,0.0,0.0,0.0,0.0,0.0,0.0,0.0,0.0,2015-05-01,0.0,0.0,0.0
2015,5,U.N. DE EDUCACION ENRIQUE GUZMAN Y VALLE,3367.88,0.0,0.0,0.0,3367.88,0.0,0.0,0.0,0.0,0.0,0.0,0.0,0.0,2015-05-01,0.0,0.0,0.0
2015,5,U.N. DE FRONTERA,4318.54,0.0,0.0,1116807.43,1121125.97,0.0,0.0,0.0,0.0,0.0,0.0,0.0,0.0,2015-05-01,0.0,0.0,0.0
2015,5,U.N. DE HUANCAVELICA,157000.81999999998,0.0,0.0,0.0,157000.81999999998,0.0,0.0,0.0,0.0,0.0,0.0,0.0,0.0,2015-05-01,0.0,0.0,0.0
2015,5,U.N. DE INGENIERIA,3191.11,0.0,0.0,0.0,3191.11,0.0,0.0,0.0,0.0,0.0,0.0,0.0,0.0,2015-05-01,0.0,0.0,0.0
2015,5,U.N. DE JAEN,65109.78,0.0,0.0,0.0,65109.78,0.0,0.0,0.0,0.0,0.0,0.0,0.0,0.0,2015-05-01,0.0,0.0,0.0
2015,5,U.N. DE JULIACA,48556.84,0.0,0.0,0.0,48556.84,0.0,0.0,0.0,0.0,0.0,0.0,0.0,0.0,2015-05-01,0.0,0.0,0.0
2015,5,U.N. DE LA AMAZONIA PERUANA,81.3,0.0,0.0,710756.8400000001,710838.1400000001,0.0,0.0,0.0,0.0,0.0,0.0,0.0,0.0,2015-05-01,0.0,0.0,0.0
2015,5,U.N. DE MOQUEGUA,113616.24,0.0,0.0,0.0,113616.24,0.0,0.0,0.0,0.0,0.0,0.0,0.0,0.0,2015-05-01,0.0,0.0,0.0
2015,5,U.N. DE PIURA,4318.55,0.0,0.0,1030860.66,1035179.21,0.0,0.0,0.0,0.0,0.0,0.0,0.0,0.0,2015-05-01,0.0,0.0,0.0
2015,5,U.N. DE SAN AGUSTIN,225059.02,0.0,0.0,0.0,225059.02,0.0,0.0,0.0,0.0,0.0,0.0,0.0,0.0,2015-05-01,0.0,0.0,0.0
2015,5,U.N. DE SAN ANTONIO ABAD DEL CUSCO,4250203.83,0.0,0.0,0.0,4250203.83,0.0,0.0,0.0,0.0,0.0,0.0,0.0,0.0,2015-05-01,0.0,0.0,0.0
2015,5,U.N. DE SAN MARTIN,182.32,0.0,0.0,0.0,182.32,0.0,0.0,0.0,0.0,0.0,0.0,0.0,0.0,2015-05-01,0.0,0.0,0.0
2015,5,U.N. DE TRUJILLO,100073.21,0.0,0.0,0.0,100073.21,0.0,0.0,0.0,0.0,0.0,0.0,0.0,0.0,2015-05-01,0.0,0.0,0.0
2015,5,U.N. DE TUMBES,37.34,0.0,0.0,665613.8500000001,665651.1900000001,0.0,0.0,0.0,0.0,0.0,0.0,0.0,0.0,2015-05-01,0.0,0.0,0.0
2015,5,U.N. DE UCAYALI,28.71,0.0,0.0,196892.83,196921.54,0.0,0.0,0.0,0.0,0.0,0.0,0.0,0.0,2015-05-01,0.0,0.0,0.0
2015,5,U.N. DEL ALTIPLANO,21003.77,0.0,0.0,0.0,21003.77,0.0,0.0,0.0,0.0,0.0,0.0,0.0,0.0,2015-05-01,0.0,0.0,0.0
2015,5,U.N. DEL CALLAO,46409.85,0.0,0.0,0.0,46409.85,0.0,0.0,0.0,0.0,0.0,0.0,0.0,0.0,2015-05-01,0.0,0.0,0.0
2015,5,U.N. DEL CENTRO DEL PERU,29742.87,0.0,0.0,0.0,29742.87,0.0,0.0,0.0,0.0,0.0,0.0,0.0,0.0,2015-05-01,0.0,0.0,0.0
2015,5,U.N. DEL SANTA,266872.31,0.0,0.0,0.0,266872.31,0.0,0.0,0.0,0.0,0.0,0.0,0.0,0.0,2015-05-01,0.0,0.0,0.0
2015,5,U.N. FEDERICO VILLARREAL,3367.88,0.0,0.0,0.0,3367.88,0.0,0.0,0.0,0.0,0.0,0.0,0.0,0.0,2015-05-01,0.0,0.0,0.0
2015,5,U.N. HERMILIO VALDIZAN,169.01999999999998,0.0,0.0,0.0,169.01999999999998,0.0,0.0,0.0,0.0,0.0,0.0,0.0,0.0,2015-05-01,0.0,0.0,0.0
2015,5,U.N. INTERCULTURAL DE LA AMAZONIA,58.37,0.0,0.0,209332.28,209390.65,0.0,0.0,0.0,0.0,0.0,0.0,0.0,0.0,2015-05-01,0.0,0.0,0.0
2015,5,U.N. INTERCULTURAL DE LA SELVA CENTRAL JUAN SANTOS ATAHUALPA,28818.450000000004,0.0,0.0,0.0,28818.450000000004,0.0,0.0,0.0,0.0,0.0,0.0,0.0,0.0,2015-05-01,0.0,0.0,0.0
2015,5,U.N. INTERCULTURAL DE QUILLABAMBA,3936960.94,0.0,0.0,0.0,3936960.94,0.0,0.0,0.0,0.0,0.0,0.0,0.0,0.0,2015-05-01,0.0,0.0,0.0
2015,5,U.N. INTERCULTURAL FABIOLA SALAZAR LEGUIA DE BAGUA,0.48,0.0,0.0,0.0,0.48,0.0,0.0,0.0,0.0,0.0,0.0,0.0,0.0,2015-05-01,0.0,0.0,0.0
2015,5,U.N. JORGE BASADRE GROHMANN,142219.57,0.0,0.0,0.0,142219.57,0.0,0.0,0.0,0.0,0.0,0.0,0.0,0.0,2015-05-01,0.0,0.0,0.0
2015,5,U.N. JOSE FAUSTINO SANCHEZ CARRION,105399.46,0.0,0.0,0.0,105399.46,0.0,0.0,0.0,0.0,0.0,0.0,0.0,0.0,2015-05-01,0.0,0.0,0.0
2015,5,U.N. JOSE MARIA ARGUEDAS,968.91,0.0,0.0,0.0,968.91,0.0,0.0,0.0,0.0,0.0,0.0,0.0,0.0,2015-05-01,0.0,0.0,0.0
2015,5,U.N. MAYOR DE SAN MARCOS,2915.53,0.0,0.0,0.0,2915.53,0.0,0.0,0.0,0.0,0.0,0.0,0.0,0.0,2015-05-01,0.0,0.0,0.0
2015,5,U.N. MICAELA BASTIDAS DE APURIMAC,1288.15,0.0,0.0,0.0,1288.15,0.0,0.0,0.0,0.0,0.0,0.0,0.0,0.0,2015-05-01,0.0,0.0,0.0
2015,5,U.N. PEDRO RUIZ GALLO,91.68,0.0,0.0,0.0,91.68,0.0,0.0,0.0,0.0,0.0,0.0,0.0,0.0,2015-05-01,0.0,0.0,0.0
2015,5,U.N. SAN CRISTOBAL DE HUAMANGA,7656.04,0.0,0.0,0.0,7656.04,0.0,0.0,0.0,0.0,0.0,0.0,0.0,0.0,2015-05-01,0.0,0.0,0.0
2015,5,U.N. SAN LUIS GONZAGA DE ICA,102321.76,0.0,0.0,0.0,102321.76,0.0,0.0,0.0,0.0,0.0,0.0,0.0,0.0,2015-05-01,0.0,0.0,0.0
2015,5,U.N. SANTIAGO ANTUNEZ DE MAYOLO,254685.2,0.0,0.0,0.0,254685.2,0.0,0.0,0.0,0.0,0.0,0.0,0.0,0.0,2015-05-01,0.0,0.0,0.0
2015,5,U.N. TECNOLOGICA DEL CONO SUR DE LIMA,3367.88,0.0,0.0,0.0,3367.88,0.0,0.0,0.0,0.0,0.0,0.0,0.0,0.0,2015-05-01,0.0,0.0,0.0
2015,5,U.N. TORIBIO RODRIGUEZ DE MENDOZA DE AMAZONAS,3.02,0.0,0.0,0.0,3.02,0.0,0.0,0.0,0.0,0.0,0.0,0.0,0.0,2015-05-01,0.0,0.0,0.0
2015,6, ,112309214.51,425293366.65,0.0,49396770.25,586999351.41,124405008.71,26263750.39,150668759.1,1431979190.02,213950031.55,0.1494086178354392,0.4099217052182172,0.1494086178354392,2015-06-01,18.830594343500895,0.022322935083496323,0.06124583539740018
2015,6,GOBIERNO REGIONAL DE LA PROVINCIA CONSTITUCIONAL DEL CALLAO,3571.3500000000004,0.0,0.0,0.0,3571.3500000000004,0.0,0.0,0.0,0.0,0.0,0.0,0.0,0.0,2015-06-01,0.0,0.0,0.0
2015,6,GOBIERNO REGIONAL DEL DEPARTAMENTO DE AMAZONAS,350.13,0.0,0.0,0.0,350.13,0.0,0.0,0.0,0.0,0.0,0.0,0.0,0.0,2015-06-01,0.0,0.0,0.0
2015,6,GOBIERNO REGIONAL DEL DEPARTAMENTO DE ANCASH,335547.61,0.0,0.0,0.0,335547.61,0.0,0.0,0.0,0.0,0.0,0.0,0.0,0.0,2015-06-01,0.0,0.0,0.0
2015,6,GOBIERNO REGIONAL DEL DEPARTAMENTO DE APURIMAC,1267.57,0.0,0.0,0.0,1267.57,0.0,0.0,0.0,0.0,0.0,0.0,0.0,0.0,2015-06-01,0.0,0.0,0.0
2015,6,GOBIERNO REGIONAL DEL DEPARTAMENTO DE AREQUIPA,93898.21,0.0,0.0,0.0,93898.21,0.0,0.0,0.0,0.0,0.0,0.0,0.0,0.0,2015-06-01,0.0,0.0,0.0
2015,6,GOBIERNO REGIONAL DEL DEPARTAMENTO DE AYACUCHO,3155.26,0.0,0.0,0.0,3155.26,0.0,0.0,0.0,0.0,0.0,0.0,0.0,0.0,2015-06-01,0.0,0.0,0.0
2015,6,GOBIERNO REGIONAL DEL DEPARTAMENTO DE CAJAMARCA,1156354.75,0.0,0.0,0.0,1156354.75,0.0,0.0,0.0,0.0,0.0,0.0,0.0,0.0,2015-06-01,0.0,0.0,0.0
2015,6,GOBIERNO REGIONAL DEL DEPARTAMENTO DE CUSCO,12700865.15,0.0,0.0,0.0,12700865.15,0.0,0.0,0.0,0.0,0.0,0.0,0.0,0.0,2015-06-01,0.0,0.0,0.0
2015,6,GOBIERNO REGIONAL DEL DEPARTAMENTO DE HUANCAVELICA,4352.3,0.0,0.0,0.0,4352.3,0.0,0.0,0.0,0.0,0.0,0.0,0.0,0.0,2015-06-01,0.0,0.0,0.0
2015,6,GOBIERNO REGIONAL DEL DEPARTAMENTO DE HUANUCO,131.49,0.0,0.0,0.0,131.49,0.0,0.0,0.0,0.0,0.0,0.0,0.0,0.0,2015-06-01,0.0,0.0,0.0
2015,6,GOBIERNO REGIONAL DEL DEPARTAMENTO DE ICA,1636518.12,0.0,0.0,0.0,1636518.12,0.0,0.0,0.0,0.0,0.0,0.0,0.0,0.0,2015-06-01,0.0,0.0,0.0
2015,6,GOBIERNO REGIONAL DEL DEPARTAMENTO DE JUNIN,23940.02,0.0,0.0,0.0,23940.02,0.0,0.0,0.0,0.0,0.0,0.0,0.0,0.0,2015-06-01,0.0,0.0,0.0
2015,6,GOBIERNO REGIONAL DEL DEPARTAMENTO DE LA LIBERTAD,201185.61,0.0,0.0,0.0,201185.61,0.0,0.0,0.0,0.0,0.0,0.0,0.0,0.0,2015-06-01,0.0,0.0,0.0
2015,6,GOBIERNO REGIONAL DEL DEPARTAMENTO DE LAMBAYEQUE,124.1,0.0,0.0,0.0,124.1,0.0,0.0,0.0,0.0,0.0,0.0,0.0,0.0,2015-06-01,0.0,0.0,0.0
2015,6,GOBIERNO REGIONAL DEL DEPARTAMENTO DE LIMA,188530.55,0.0,0.0,0.0,188530.55,0.0,0.0,0.0,0.0,0.0,0.0,0.0,0.0,2015-06-01,0.0,0.0,0.0
2015,6,GOBIERNO REGIONAL DEL DEPARTAMENTO DE LORETO,1841605.54,0.0,0.0,7200138.87,9041744.41,0.0,0.0,0.0,0.0,0.0,0.0,0.0,0.0,2015-06-01,0.0,0.0,0.0
2015,6,GOBIERNO REGIONAL DEL DEPARTAMENTO DE MADRE DE DIOS,1485.8,0.0,0.0,0.0,1485.8,0.0,0.0,0.0,0.0,0.0,0.0,0.0,0.0,2015-06-01,0.0,0.0,0.0
2015,6,GOBIERNO REGIONAL DEL DEPARTAMENTO DE MOQUEGUA,98582.98,0.0,0.0,0.0,98582.98,0.0,0.0,0.0,0.0,0.0,0.0,0.0,0.0,2015-06-01,0.0,0.0,0.0
2015,6,GOBIERNO REGIONAL DEL DEPARTAMENTO DE PASCO,33213.17,0.0,0.0,0.0,33213.17,0.0,0.0,0.0,0.0,0.0,0.0,0.0,0.0,2015-06-01,0.0,0.0,0.0
2015,6,GOBIERNO REGIONAL DEL DEPARTAMENTO DE PIURA,3593.78,0.0,0.0,8416783.73,8420377.51,0.0,0.0,0.0,0.0,0.0,0.0,0.0,0.0,2015-06-01,0.0,0.0,0.0
2015,6,GOBIERNO REGIONAL DEL DEPARTAMENTO DE PUNO,67142.8,0.0,0.0,0.0,67142.8,0.0,0.0,0.0,0.0,0.0,0.0,0.0,0.0,2015-06-01,0.0,0.0,0.0
2015,6,GOBIERNO REGIONAL DEL DEPARTAMENTO DE SAN MARTIN,1216.54,0.0,0.0,0.0,1216.54,0.0,0.0,0.0,0.0,0.0,0.0,0.0,0.0,2015-06-01,0.0,0.0,0.0
2015,6,GOBIERNO REGIONAL DEL DEPARTAMENTO DE TACNA,124759.22000000002,0.0,0.0,0.0,124759.22000000002,0.0,0.0,0.0,0.0,0.0,0.0,0.0,0.0,2015-06-01,0.0,0.0,0.0
2015,6,GOBIERNO REGIONAL DEL DEPARTAMENTO DE TUMBES,88.67,0.0,0.0,4100229.05,4100317.72,0.0,0.0,0.0,0.0,0.0,0.0,0.0,0.0,2015-06-01,0.0,0.0,0.0
2015,6,GOBIERNO REGIONAL DEL DEPARTAMENTO DE UCAYALI,837.32,0.0,0.0,2575446.5500000003,2576283.87,0.0,0.0,0.0,0.0,0.0,0.0,0.0,0.0,2015-06-01,0.0,0.0,0.0
2015,6,INSTITUTO DE INVESTIGACIONES DE LA AMAZONIA PERUANA,0.0,0.0,0.0,627678.5900000001,627678.5900000001,0.0,0.0,0.0,0.0,0.0,0.0,0.0,0.0,2015-06-01,0.0,0.0,0.0
2015,6,MUNICIPALIDAD METROPOLITANA DE LIMA,16531.73,0.0,0.0,0.0,16531.73,0.0,0.0,0.0,0.0,0.0,0.0,0.0,0.0,2015-06-01,0.0,0.0,0.0
2015,6,U. N. AUTÓNOMA ALTOANDINA DE TARMA,2778.67,0.0,0.0,0.0,2778.67,0.0,0.0,0.0,0.0,0.0,0.0,0.0,0.0,2015-06-01,0.0,0.0,0.0
2015,6,U.N. AGRARIA DE LA SELVA,331.37,0.0,0.0,0.0,331.37,0.0,0.0,0.0,0.0,0.0,0.0,0.0,0.0,2015-06-01,0.0,0.0,0.0
2015,6,U.N. AGRARIA LA MOLINA,413.06,0.0,0.0,0.0,413.06,0.0,0.0,0.0,0.0,0.0,0.0,0.0,0.0,2015-06-01,0.0,0.0,0.0
2015,6,U.N. AMAZONICA DE MADRE DE DIOS,467.19,0.0,0.0,0.0,467.19,0.0,0.0,0.0,0.0,0.0,0.0,0.0,0.0,2015-06-01,0.0,0.0,0.0
2015,6,U.N. AUTONOMA DE ALTO AMAZONAS,9.27,0.0,0.0,43636.5,43645.77,0.0,0.0,0.0,0.0,0.0,0.0,0.0,0.0,2015-06-01,0.0,0.0,0.0
2015,6,U.N. AUTONOMA DE CHOTA,31247.96,0.0,0.0,0.0,31247.96,0.0,0.0,0.0,0.0,0.0,0.0,0.0,0.0,2015-06-01,0.0,0.0,0.0
2015,6,U.N. AUTÓNOMA DE HUANTA,6070.69,0.0,0.0,0.0,6070.69,0.0,0.0,0.0,0.0,0.0,0.0,0.0,0.0,2015-06-01,0.0,0.0,0.0
2015,6,U.N. DANIEL ALCIDES CARRION,28023.36,0.0,0.0,0.0,28023.36,0.0,0.0,0.0,0.0,0.0,0.0,0.0,0.0,2015-06-01,0.0,0.0,0.0
2015,6,U.N. DE BARRANCA,17545.66,0.0,0.0,0.0,17545.66,0.0,0.0,0.0,0.0,0.0,0.0,0.0,0.0,2015-06-01,0.0,0.0,0.0
2015,6,U.N. DE CAJAMARCA,44009.73,0.0,0.0,0.0,44009.73,0.0,0.0,0.0,0.0,0.0,0.0,0.0,0.0,2015-06-01,0.0,0.0,0.0
2015,6,U.N. DE CAÑETE,13145.73,0.0,0.0,0.0,13145.73,0.0,0.0,0.0,0.0,0.0,0.0,0.0,0.0,2015-06-01,0.0,0.0,0.0
2015,6,U.N. DE EDUCACION ENRIQUE GUZMAN Y VALLE,466.84,0.0,0.0,0.0,466.84,0.0,0.0,0.0,0.0,0.0,0.0,0.0,0.0,2015-06-01,0.0,0.0,0.0
2015,6,U.N. DE FRONTERA,1768.71,0.0,0.0,1127079.73,1128848.44,0.0,0.0,0.0,0.0,0.0,0.0,0.0,0.0,2015-06-01,0.0,0.0,0.0
2015,6,U.N. DE HUANCAVELICA,6761.75,0.0,0.0,0.0,6761.75,0.0,0.0,0.0,0.0,0.0,0.0,0.0,0.0,2015-06-01,0.0,0.0,0.0
2015,6,U.N. DE INGENIERIA,323.92,0.0,0.0,0.0,323.92,0.0,0.0,0.0,0.0,0.0,0.0,0.0,0.0,2015-06-01,0.0,0.0,0.0
2015,6,U.N. DE JAEN,52922.45,0.0,0.0,0.0,52922.45,0.0,0.0,0.0,0.0,0.0,0.0,0.0,0.0,2015-06-01,0.0,0.0,0.0
2015,6,U.N. DE JULIACA,31191.119999999995,0.0,0.0,0.0,31191.119999999995,0.0,0.0,0.0,0.0,0.0,0.0,0.0,0.0,2015-06-01,0.0,0.0,0.0
2015,6,U.N. DE LA AMAZONIA PERUANA,65.78,0.0,0.0,702028.05,702093.8300000001,0.0,0.0,0.0,0.0,0.0,0.0,0.0,0.0,2015-06-01,0.0,0.0,0.0
2015,6,U.N. DE MOQUEGUA,90587.71,0.0,0.0,0.0,90587.71,0.0,0.0,0.0,0.0,0.0,0.0,0.0,0.0,2015-06-01,0.0,0.0,0.0
2015,6,U.N. DE PIURA,1768.71,0.0,0.0,1052910.11,1054678.8199999998,0.0,0.0,0.0,0.0,0.0,0.0,0.0,0.0,2015-06-01,0.0,0.0,0.0
2015,6,U.N. DE SAN AGUSTIN,176013.18,0.0,0.0,0.0,176013.18,0.0,0.0,0.0,0.0,0.0,0.0,0.0,0.0,2015-06-01,0.0,0.0,0.0
2015,6,U.N. DE SAN ANTONIO ABAD DEL CUSCO,3873767.33,0.0,0.0,0.0,3873767.33,0.0,0.0,0.0,0.0,0.0,0.0,0.0,0.0,2015-06-01,0.0,0.0,0.0
2015,6,U.N. DE SAN MARTIN,189.64,0.0,0.0,0.0,189.64,0.0,0.0,0.0,0.0,0.0,0.0,0.0,0.0,2015-06-01,0.0,0.0,0.0
2015,6,U.N. DE TRUJILLO,76378.21,0.0,0.0,0.0,76378.21,0.0,0.0,0.0,0.0,0.0,0.0,0.0,0.0,2015-06-01,0.0,0.0,0.0
2015,6,U.N. DE TUMBES,30.17,0.0,0.0,709648.29,709678.4600000001,0.0,0.0,0.0,0.0,0.0,0.0,0.0,0.0,2015-06-01,0.0,0.0,0.0
2015,6,U.N. DE UCAYALI,23.26,0.0,0.0,188705.33,188728.59000000003,0.0,0.0,0.0,0.0,0.0,0.0,0.0,0.0,2015-06-01,0.0,0.0,0.0
2015,6,U.N. DEL ALTIPLANO,10150.29,0.0,0.0,0.0,10150.29,0.0,0.0,0.0,0.0,0.0,0.0,0.0,0.0,2015-06-01,0.0,0.0,0.0
2015,6,U.N. DEL CALLAO,2957.9800000000005,0.0,0.0,0.0,2957.9800000000005,0.0,0.0,0.0,0.0,0.0,0.0,0.0,0.0,2015-06-01,0.0,0.0,0.0
2015,6,U.N. DEL CENTRO DEL PERU,9648.43,0.0,0.0,0.0,9648.43,0.0,0.0,0.0,0.0,0.0,0.0,0.0,0.0,2015-06-01,0.0,0.0,0.0
2015,6,U.N. DEL SANTA,170660.55000000002,0.0,0.0,0.0,170660.55000000002,0.0,0.0,0.0,0.0,0.0,0.0,0.0,0.0,2015-06-01,0.0,0.0,0.0
2015,6,U.N. FEDERICO VILLARREAL,466.84,0.0,0.0,0.0,466.84,0.0,0.0,0.0,0.0,0.0,0.0,0.0,0.0,2015-06-01,0.0,0.0,0.0
2015,6,U.N. HERMILIO VALDIZAN,141.91,0.0,0.0,0.0,141.91,0.0,0.0,0.0,0.0,0.0,0.0,0.0,0.0,2015-06-01,0.0,0.0,0.0
2015,6,U.N. INTERCULTURAL DE LA AMAZONIA,47.22,0.0,0.0,199131.39,199178.61,0.0,0.0,0.0,0.0,0.0,0.0,0.0,0.0,2015-06-01,0.0,0.0,0.0
2015,6,U.N. INTERCULTURAL DE LA SELVA CENTRAL JUAN SANTOS ATAHUALPA,8905.84,0.0,0.0,0.0,8905.84,0.0,0.0,0.0,0.0,0.0,0.0,0.0,0.0,2015-06-01,0.0,0.0,0.0
2015,6,U.N. INTERCULTURAL DE QUILLABAMBA,3669583.76,0.0,0.0,0.0,3669583.76,0.0,0.0,0.0,0.0,0.0,0.0,0.0,0.0,2015-06-01,0.0,0.0,0.0
2015,6,U.N. INTERCULTURAL FABIOLA SALAZAR LEGUIA DE BAGUA,0.65,0.0,0.0,0.0,0.65,0.0,0.0,0.0,0.0,0.0,0.0,0.0,0.0,2015-06-01,0.0,0.0,0.0
2015,6,U.N. JORGE BASADRE GROHMANN,126211.3,0.0,0.0,0.0,126211.3,0.0,0.0,0.0,0.0,0.0,0.0,0.0,0.0,2015-06-01,0.0,0.0,0.0
2015,6,U.N. JOSE FAUSTINO SANCHEZ CARRION,17595.94,0.0,0.0,0.0,17595.94,0.0,0.0,0.0,0.0,0.0,0.0,0.0,0.0,2015-06-01,0.0,0.0,0.0
2015,6,U.N. JOSE MARIA ARGUEDAS,859.3299999999999,0.0,0.0,0.0,859.3299999999999,0.0,0.0,0.0,0.0,0.0,0.0,0.0,0.0,2015-06-01,0.0,0.0,0.0
2015,6,U.N. MAYOR DE SAN MARCOS,103.45,0.0,0.0,0.0,103.45,0.0,0.0,0.0,0.0,0.0,0.0,0.0,0.0,2015-06-01,0.0,0.0,0.0
2015,6,U.N. MICAELA BASTIDAS DE APURIMAC,1109.59,0.0,0.0,0.0,1109.59,0.0,0.0,0.0,0.0,0.0,0.0,0.0,0.0,2015-06-01,0.0,0.0,0.0
2015,6,U.N. PEDRO RUIZ GALLO,74.24,0.0,0.0,0.0,74.24,0.0,0.0,0.0,0.0,0.0,0.0,0.0,0.0,2015-06-01,0.0,0.0,0.0
2015,6,U.N. SAN CRISTOBAL DE HUAMANGA,6283.2300000000005,0.0,0.0,0.0,6283.2300000000005,0.0,0.0,0.0,0.0,0.0,0.0,0.0,0.0,2015-06-01,0.0,0.0,0.0
2015,6,U.N. SAN LUIS GONZAGA DE ICA,56831.55,0.0,0.0,0.0,56831.55,0.0,0.0,0.0,0.0,0.0,0.0,0.0,0.0,2015-06-01,0.0,0.0,0.0
2015,6,U.N. SANTIAGO ANTUNEZ DE MAYOLO,160537.65,0.0,0.0,0.0,160537.65,0.0,0.0,0.0,0.0,0.0,0.0,0.0,0.0,2015-06-01,0.0,0.0,0.0
2015,6,U.N. TECNOLOGICA DEL CONO SUR DE LIMA,466.84,0.0,0.0,0.0,466.84,0.0,0.0,0.0,0.0,0.0,0.0,0.0,0.0,2015-06-01,0.0,0.0,0.0
2015,6,U.N. TORIBIO RODRIGUEZ DE MENDOZA DE AMAZONAS,2.4,0.0,0.0,0.0,2.4,0.0,0.0,0.0,0.0,0.0,0.0,0.0,0.0,2015-06-01,0.0,0.0,0.0
2015,7, ,1868231990.48,400413763.46,0.0,44108989.07,2312754743.01,265976093.71,47473984.19,313450077.9,3468607761.07,208168620.74,0.0600150363141042,0.6667674474373427,0.0600150363141042,2015-07-01,19.563150667399007,0.0036018045837832463,0.04001607257101469
2015,7,GOBIERNO REGIONAL DE LA PROVINCIA CONSTITUCIONAL DEL CALLAO,6738.33,0.0,0.0,0.0,6738.33,0.0,0.0,0.0,0.0,0.0,0.0,0.0,0.0,2015-07-01,0.0,0.0,0.0
2015,7,GOBIERNO REGIONAL DEL DEPARTAMENTO DE AMAZONAS,386.7,0.0,0.0,0.0,386.7,0.0,0.0,0.0,0.0,0.0,0.0,0.0,0.0,2015-07-01,0.0,0.0,0.0
2015,7,GOBIERNO REGIONAL DEL DEPARTAMENTO DE ANCASH,70299087.21,0.0,0.0,0.0,70299087.21,0.0,0.0,0.0,0.0,0.0,0.0,0.0,0.0,2015-07-01,0.0,0.0,0.0
2015,7,GOBIERNO REGIONAL DEL DEPARTAMENTO DE APURIMAC,1519.28,0.0,0.0,0.0,1519.28,0.0,0.0,0.0,0.0,0.0,0.0,0.0,0.0,2015-07-01,0.0,0.0,0.0
2015,7,GOBIERNO REGIONAL DEL DEPARTAMENTO DE AREQUIPA,71286091.23,0.0,0.0,0.0,71286091.23,0.0,0.0,0.0,0.0,0.0,0.0,0.0,0.0,2015-07-01,0.0,0.0,0.0
2015,7,GOBIERNO REGIONAL DEL DEPARTAMENTO DE AYACUCHO,1946499.33,0.0,0.0,0.0,1946499.33,0.0,0.0,0.0,0.0,0.0,0.0,0.0,0.0,2015-07-01,0.0,0.0,0.0
2015,7,GOBIERNO REGIONAL DEL DEPARTAMENTO DE CAJAMARCA,111718958.3,0.0,0.0,0.0,111718958.3,0.0,0.0,0.0,0.0,0.0,0.0,0.0,0.0,2015-07-01,0.0,0.0,0.0
2015,7,GOBIERNO REGIONAL DEL DEPARTAMENTO DE CUSCO,67133125.22,0.0,0.0,0.0,67133125.22,0.0,0.0,0.0,0.0,0.0,0.0,0.0,0.0,2015-07-01,0.0,0.0,0.0
2015,7,GOBIERNO REGIONAL DEL DEPARTAMENTO DE HUANCAVELICA,2972390.68,0.0,0.0,0.0,2972390.68,0.0,0.0,0.0,0.0,0.0,0.0,0.0,0.0,2015-07-01,0.0,0.0,0.0
2015,7,GOBIERNO REGIONAL DEL DEPARTAMENTO DE HUANUCO,161328.64,0.0,0.0,0.0,161328.64,0.0,0.0,0.0,0.0,0.0,0.0,0.0,0.0,2015-07-01,0.0,0.0,0.0
2015,7,GOBIERNO REGIONAL DEL DEPARTAMENTO DE ICA,20499082.15,0.0,0.0,0.0,20499082.15,0.0,0.0,0.0,0.0,0.0,0.0,0.0,0.0,2015-07-01,0.0,0.0,0.0
2015,7,GOBIERNO REGIONAL DEL DEPARTAMENTO DE JUNIN,3711787.98,0.0,0.0,0.0,3711787.98,0.0,0.0,0.0,0.0,0.0,0.0,0.0,0.0,2015-07-01,0.0,0.0,0.0
2015,7,GOBIERNO REGIONAL DEL DEPARTAMENTO DE LA LIBERTAD,26285432.71999999,0.0,0.0,0.0,26285432.71999999,0.0,0.0,0.0,0.0,0.0,0.0,0.0,0.0,2015-07-01,0.0,0.0,0.0
2015,7,GOBIERNO REGIONAL DEL DEPARTAMENTO DE LAMBAYEQUE,416.39,0.0,0.0,0.0,416.39,0.0,0.0,0.0,0.0,0.0,0.0,0.0,0.0,2015-07-01,0.0,0.0,0.0
2015,7,GOBIERNO REGIONAL DEL DEPARTAMENTO DE LIMA,8396125.99,0.0,0.0,0.0,8396125.99,0.0,0.0,0.0,0.0,0.0,0.0,0.0,0.0,2015-07-01,0.0,0.0,0.0
2015,7,GOBIERNO REGIONAL DEL DEPARTAMENTO DE LORETO,1841689.76,0.0,0.0,8819186.84,10660876.6,0.0,0.0,0.0,0.0,0.0,0.0,0.0,0.0,2015-07-01,0.0,0.0,0.0
2015,7,GOBIERNO REGIONAL DEL DEPARTAMENTO DE MADRE DE DIOS,21500.21,0.0,0.0,0.0,21500.21,0.0,0.0,0.0,0.0,0.0,0.0,0.0,0.0,2015-07-01,0.0,0.0,0.0
2015,7,GOBIERNO REGIONAL DEL DEPARTAMENTO DE MOQUEGUA,34878041.08,0.0,0.0,0.0,34878041.08,0.0,0.0,0.0,0.0,0.0,0.0,0.0,0.0,2015-07-01,0.0,0.0,0.0
2015,7,GOBIERNO REGIONAL DEL DEPARTAMENTO DE PASCO,5110828.1,0.0,0.0,0.0,5110828.1,0.0,0.0,0.0,0.0,0.0,0.0,0.0,0.0,2015-07-01,0.0,0.0,0.0
2015,7,GOBIERNO REGIONAL DEL DEPARTAMENTO DE PIURA,16725.809999999998,0.0,0.0,10169286.2,10186012.01,0.0,0.0,0.0,0.0,0.0,0.0,0.0,0.0,2015-07-01,0.0,0.0,0.0
2015,7,GOBIERNO REGIONAL DEL DEPARTAMENTO DE PUNO,27516199.22,0.0,0.0,0.0,27516199.22,0.0,0.0,0.0,0.0,0.0,0.0,0.0,0.0,2015-07-01,0.0,0.0,0.0
2015,7,GOBIERNO REGIONAL DEL DEPARTAMENTO DE SAN MARTIN,182912.32,0.0,0.0,0.0,182912.32,0.0,0.0,0.0,0.0,0.0,0.0,0.0,0.0,2015-07-01,0.0,0.0,0.0
2015,7,GOBIERNO REGIONAL DEL DEPARTAMENTO DE TACNA,36706910.56,0.0,0.0,0.0,36706910.56,0.0,0.0,0.0,0.0,0.0,0.0,0.0,0.0,2015-07-01,0.0,0.0,0.0
2015,7,GOBIERNO REGIONAL DEL DEPARTAMENTO DE TUMBES,93.29,0.0,0.0,2693692.53,2693785.82,0.0,0.0,0.0,0.0,0.0,0.0,0.0,0.0,2015-07-01,0.0,0.0,0.0
2015,7,GOBIERNO REGIONAL DEL DEPARTAMENTO DE UCAYALI,881.25,0.0,0.0,2426992.45,2427873.7,0.0,0.0,0.0,0.0,0.0,0.0,0.0,0.0,2015-07-01,0.0,0.0,0.0
2015,7,INSTITUTO DE INVESTIGACIONES DE LA AMAZONIA PERUANA,0.0,0.0,0.0,573358.02,573358.02,0.0,0.0,0.0,0.0,0.0,0.0,0.0,0.0,2015-07-01,0.0,0.0,0.0
2015,7,MUNICIPALIDAD METROPOLITANA DE LIMA,3183036.26,0.0,0.0,0.0,3183036.26,0.0,0.0,0.0,0.0,0.0,0.0,0.0,0.0,2015-07-01,0.0,0.0,0.0
2015,7,U. N. AUTÓNOMA ALTOANDINA DE TARMA,309847.53,0.0,0.0,0.0,309847.53,0.0,0.0,0.0,0.0,0.0,0.0,0.0,0.0,2015-07-01,0.0,0.0,0.0
2015,7,U.N. AGRARIA DE LA SELVA,20497.47,0.0,0.0,0.0,20497.47,0.0,0.0,0.0,0.0,0.0,0.0,0.0,0.0,2015-07-01,0.0,0.0,0.0
2015,7,U.N. AGRARIA LA MOLINA,99366.06,0.0,0.0,0.0,99366.06,0.0,0.0,0.0,0.0,0.0,0.0,0.0,0.0,2015-07-01,0.0,0.0,0.0
2015,7,U.N. AMAZONICA DE MADRE DE DIOS,5469.88,0.0,0.0,0.0,5469.88,0.0,0.0,0.0,0.0,0.0,0.0,0.0,0.0,2015-07-01,0.0,0.0,0.0
2015,7,U.N. AUTONOMA DE ALTO AMAZONAS,7.32,0.0,0.0,43565.47,43572.79,0.0,0.0,0.0,0.0,0.0,0.0,0.0,0.0,2015-07-01,0.0,0.0,0.0
2015,7,U.N. AUTONOMA DE CHOTA,3564829.51,0.0,0.0,0.0,3564829.51,0.0,0.0,0.0,0.0,0.0,0.0,0.0,0.0,2015-07-01,0.0,0.0,0.0
2015,7,U.N. AUTÓNOMA DE HUANTA,249279.4,0.0,0.0,0.0,249279.4,0.0,0.0,0.0,0.0,0.0,0.0,0.0,0.0,2015-07-01,0.0,0.0,0.0
2015,7,U.N. DANIEL ALCIDES CARRION,2398319.76,0.0,0.0,0.0,2398319.76,0.0,0.0,0.0,0.0,0.0,0.0,0.0,0.0,2015-07-01,0.0,0.0,0.0
2015,7,U.N. DE BARRANCA,1140408.64,0.0,0.0,0.0,1140408.64,0.0,0.0,0.0,0.0,0.0,0.0,0.0,0.0,2015-07-01,0.0,0.0,0.0
2015,7,U.N. DE CAJAMARCA,3578205.41,0.0,0.0,0.0,3578205.41,0.0,0.0,0.0,0.0,0.0,0.0,0.0,0.0,2015-07-01,0.0,0.0,0.0
2015,7,U.N. DE CAÑETE,1135796.63,0.0,0.0,0.0,1135796.63,0.0,0.0,0.0,0.0,0.0,0.0,0.0,0.0,2015-07-01,0.0,0.0,0.0
2015,7,U.N. DE EDUCACION ENRIQUE GUZMAN Y VALLE,99411.19,0.0,0.0,0.0,99411.19,0.0,0.0,0.0,0.0,0.0,0.0,0.0,0.0,2015-07-01,0.0,0.0,0.0
2015,7,U.N. DE FRONTERA,3456.59,0.0,0.0,1060815.22,1064271.81,0.0,0.0,0.0,0.0,0.0,0.0,0.0,0.0,2015-07-01,0.0,0.0,0.0
2015,7,U.N. DE HUANCAVELICA,378013.81,0.0,0.0,0.0,378013.81,0.0,0.0,0.0,0.0,0.0,0.0,0.0,0.0,2015-07-01,0.0,0.0,0.0
2015,7,U.N. DE INGENIERIA,99260.79,0.0,0.0,0.0,99260.79,0.0,0.0,0.0,0.0,0.0,0.0,0.0,0.0,2015-07-01,0.0,0.0,0.0
2015,7,U.N. DE JAEN,3587524.44,0.0,0.0,0.0,3587524.44,0.0,0.0,0.0,0.0,0.0,0.0,0.0,0.0,2015-07-01,0.0,0.0,0.0
2015,7,U.N. DE JULIACA,3485616.2100000004,0.0,0.0,0.0,3485616.2100000004,0.0,0.0,0.0,0.0,0.0,0.0,0.0,0.0,2015-07-01,0.0,0.0,0.0
2015,7,U.N. DE LA AMAZONIA PERUANA,69.22,0.0,0.0,645432.1699999999,645501.3899999999,0.0,0.0,0.0,0.0,0.0,0.0,0.0,0.0,2015-07-01,0.0,0.0,0.0
2015,7,U.N. DE MOQUEGUA,11772926.069999998,0.0,0.0,0.0,11772926.069999998,0.0,0.0,0.0,0.0,0.0,0.0,0.0,0.0,2015-07-01,0.0,0.0,0.0
2015,7,U.N. DE PIURA,3456.62,0.0,0.0,984054.79,987511.41,0.0,0.0,0.0,0.0,0.0,0.0,0.0,0.0,2015-07-01,0.0,0.0,0.0
2015,7,U.N. DE SAN AGUSTIN,18062593.4,0.0,0.0,0.0,18062593.4,0.0,0.0,0.0,0.0,0.0,0.0,0.0,0.0,2015-07-01,0.0,0.0,0.0
2015,7,U.N. DE SAN ANTONIO ABAD DEL CUSCO,8466459.78,0.0,0.0,0.0,8466459.78,0.0,0.0,0.0,0.0,0.0,0.0,0.0,0.0,2015-07-01,0.0,0.0,0.0
2015,7,U.N. DE SAN MARTIN,45607.58,0.0,0.0,0.0,45607.58,0.0,0.0,0.0,0.0,0.0,0.0,0.0,0.0,2015-07-01,0.0,0.0,0.0
2015,7,U.N. DE TRUJILLO,7188224.52,0.0,0.0,0.0,7188224.52,0.0,0.0,0.0,0.0,0.0,0.0,0.0,0.0,2015-07-01,0.0,0.0,0.0
2015,7,U.N. DE TUMBES,31.76,0.0,0.0,497583.17,497614.93000000005,0.0,0.0,0.0,0.0,0.0,0.0,0.0,0.0,2015-07-01,0.0,0.0,0.0
2015,7,U.N. DE UCAYALI,24.45,0.0,0.0,167157.53999999998,167181.99,0.0,0.0,0.0,0.0,0.0,0.0,0.0,0.0,2015-07-01,0.0,0.0,0.0
2015,7,U.N. DEL ALTIPLANO,3463043.63,0.0,0.0,0.0,3463043.63,0.0,0.0,0.0,0.0,0.0,0.0,0.0,0.0,2015-07-01,0.0,0.0,0.0
2015,7,U.N. DEL CALLAO,3882.11,0.0,0.0,0.0,3882.11,0.0,0.0,0.0,0.0,0.0,0.0,0.0,0.0,2015-07-01,0.0,0.0,0.0
2015,7,U.N. DEL CENTRO DEL PERU,317322.33,0.0,0.0,0.0,317322.33,0.0,0.0,0.0,0.0,0.0,0.0,0.0,0.0,2015-07-01,0.0,0.0,0.0
2015,7,U.N. DEL SANTA,10802383.9,0.0,0.0,0.0,10802383.9,0.0,0.0,0.0,0.0,0.0,0.0,0.0,0.0,2015-07-01,0.0,0.0,0.0
2015,7,U.N. FEDERICO VILLARREAL,99411.17,0.0,0.0,0.0,99411.17,0.0,0.0,0.0,0.0,0.0,0.0,0.0,0.0,2015-07-01,0.0,0.0,0.0
2015,7,U.N. HERMILIO VALDIZAN,20302.62,0.0,0.0,0.0,20302.62,0.0,0.0,0.0,0.0,0.0,0.0,0.0,0.0,2015-07-01,0.0,0.0,0.0
2015,7,U.N. INTERCULTURAL DE LA AMAZONIA,49.72,0.0,0.0,178255.06999999998,178304.78999999998,0.0,0.0,0.0,0.0,0.0,0.0,0.0,0.0,2015-07-01,0.0,0.0,0.0
2015,7,U.N. INTERCULTURAL DE LA SELVA CENTRAL JUAN SANTOS ATAHUALPA,316567.28,0.0,0.0,0.0,316567.28,0.0,0.0,0.0,0.0,0.0,0.0,0.0,0.0,2015-07-01,0.0,0.0,0.0
2015,7,U.N. INTERCULTURAL DE QUILLABAMBA,8240647.07,0.0,0.0,0.0,8240647.07,0.0,0.0,0.0,0.0,0.0,0.0,0.0,0.0,2015-07-01,0.0,0.0,0.0
2015,7,U.N. INTERCULTURAL FABIOLA SALAZAR LEGUIA DE BAGUA,2.98,0.0,0.0,0.0,2.98,0.0,0.0,0.0,0.0,0.0,0.0,0.0,0.0,2015-07-01,0.0,0.0,0.0
2015,7,U.N. JORGE BASADRE GROHMANN,10420903.56,0.0,0.0,0.0,10420903.56,0.0,0.0,0.0,0.0,0.0,0.0,0.0,0.0,2015-07-01,0.0,0.0,0.0
2015,7,U.N. JOSE FAUSTINO SANCHEZ CARRION,1140481.66,0.0,0.0,0.0,1140481.66,0.0,0.0,0.0,0.0,0.0,0.0,0.0,0.0,2015-07-01,0.0,0.0,0.0
2015,7,U.N. JOSE MARIA ARGUEDAS,941.11,0.0,0.0,0.0,941.11,0.0,0.0,0.0,0.0,0.0,0.0,0.0,0.0,2015-07-01,0.0,0.0,0.0
2015,7,U.N. MAYOR DE SAN MARCOS,99034.82,0.0,0.0,0.0,99034.82,0.0,0.0,0.0,0.0,0.0,0.0,0.0,0.0,2015-07-01,0.0,0.0,0.0
2015,7,U.N. MICAELA BASTIDAS DE APURIMAC,1184.37,0.0,0.0,0.0,1184.37,0.0,0.0,0.0,0.0,0.0,0.0,0.0,0.0,2015-07-01,0.0,0.0,0.0
2015,7,U.N. PEDRO RUIZ GALLO,149.6,0.0,0.0,0.0,149.6,0.0,0.0,0.0,0.0,0.0,0.0,0.0,0.0,2015-07-01,0.0,0.0,0.0
2015,7,U.N. SAN CRISTOBAL DE HUAMANGA,249498.25,0.0,0.0,0.0,249498.25,0.0,0.0,0.0,0.0,0.0,0.0,0.0,0.0,2015-07-01,0.0,0.0,0.0
2015,7,U.N. SAN LUIS GONZAGA DE ICA,6368886.67,0.0,0.0,0.0,6368886.67,0.0,0.0,0.0,0.0,0.0,0.0,0.0,0.0,2015-07-01,0.0,0.0,0.0
2015,7,U.N. SANTIAGO ANTUNEZ DE MAYOLO,10791945.07,0.0,0.0,0.0,10791945.07,0.0,0.0,0.0,0.0,0.0,0.0,0.0,0.0,2015-07-01,0.0,0.0,0.0
2015,7,U.N. TECNOLOGICA DEL CONO SUR DE LIMA,99411.19,0.0,0.0,0.0,99411.19,0.0,0.0,0.0,0.0,0.0,0.0,0.0,0.0,2015-07-01,0.0,0.0,0.0
2015,7,U.N. TORIBIO RODRIGUEZ DE MENDOZA DE AMAZONAS,4.88,0.0,0.0,0.0,4.88,0.0,0.0,0.0,0.0,0.0,0.0,0.0,0.0,2015-07-01,0.0,0.0,0.0
2015,8, ,124061612.8,423709434.09,0.0,42281963.46,590053010.35,124114762.06,22809160.5,146923922.56,1530676885.6,291209948.41,0.1902491317074083,0.385485020320738,0.1902491317074083,2015-08-01,18.80542548397707,0.03619473211542278,0.07333819040223305
2015,8,GOBIERNO REGIONAL DE LA PROVINCIA CONSTITUCIONAL DEL CALLAO,3166.52,0.0,0.0,0.0,3166.52,0.0,0.0,0.0,0.0,0.0,0.0,0.0,0.0,2015-08-01,0.0,0.0,0.0
2015,8,GOBIERNO REGIONAL DEL DEPARTAMENTO DE AMAZONAS,253.43,0.0,0.0,0.0,253.43,0.0,0.0,0.0,0.0,0.0,0.0,0.0,0.0,2015-08-01,0.0,0.0,0.0
2015,8,GOBIERNO REGIONAL DEL DEPARTAMENTO DE ANCASH,748325.85,0.0,0.0,0.0,748325.85,0.0,0.0,0.0,0.0,0.0,0.0,0.0,0.0,2015-08-01,0.0,0.0,0.0
2015,8,GOBIERNO REGIONAL DEL DEPARTAMENTO DE APURIMAC,536.62,0.0,0.0,0.0,536.62,0.0,0.0,0.0,0.0,0.0,0.0,0.0,0.0,2015-08-01,0.0,0.0,0.0
2015,8,GOBIERNO REGIONAL DEL DEPARTAMENTO DE AREQUIPA,112019.61,0.0,0.0,0.0,112019.61,0.0,0.0,0.0,0.0,0.0,0.0,0.0,0.0,2015-08-01,0.0,0.0,0.0
2015,8,GOBIERNO REGIONAL DEL DEPARTAMENTO DE AYACUCHO,2236.06,0.0,0.0,0.0,2236.06,0.0,0.0,0.0,0.0,0.0,0.0,0.0,0.0,2015-08-01,0.0,0.0,0.0
2015,8,GOBIERNO REGIONAL DEL DEPARTAMENTO DE CAJAMARCA,14095805.33,0.0,0.0,0.0,14095805.33,0.0,0.0,0.0,0.0,0.0,0.0,0.0,0.0,2015-08-01,0.0,0.0,0.0
2015,8,GOBIERNO REGIONAL DEL DEPARTAMENTO DE CUSCO,25072099.57,0.0,0.0,0.0,25072099.57,0.0,0.0,0.0,0.0,0.0,0.0,0.0,0.0,2015-08-01,0.0,0.0,0.0
2015,8,GOBIERNO REGIONAL DEL DEPARTAMENTO DE HUANCAVELICA,1295510.7,0.0,0.0,0.0,1295510.7,0.0,0.0,0.0,0.0,0.0,0.0,0.0,0.0,2015-08-01,0.0,0.0,0.0
2015,8,GOBIERNO REGIONAL DEL DEPARTAMENTO DE HUANUCO,139.77,0.0,0.0,0.0,139.77,0.0,0.0,0.0,0.0,0.0,0.0,0.0,0.0,2015-08-01,0.0,0.0,0.0
2015,8,GOBIERNO REGIONAL DEL DEPARTAMENTO DE ICA,83917.45,0.0,0.0,0.0,83917.45,0.0,0.0,0.0,0.0,0.0,0.0,0.0,0.0,2015-08-01,0.0,0.0,0.0
2015,8,GOBIERNO REGIONAL DEL DEPARTAMENTO DE JUNIN,301849.71,0.0,0.0,0.0,301849.71,0.0,0.0,0.0,0.0,0.0,0.0,0.0,0.0,2015-08-01,0.0,0.0,0.0
2015,8,GOBIERNO REGIONAL DEL DEPARTAMENTO DE LA LIBERTAD,119087.86,0.0,0.0,0.0,119087.86,0.0,0.0,0.0,0.0,0.0,0.0,0.0,0.0,2015-08-01,0.0,0.0,0.0
2015,8,GOBIERNO REGIONAL DEL DEPARTAMENTO DE LAMBAYEQUE,89.79,0.0,0.0,0.0,89.79,0.0,0.0,0.0,0.0,0.0,0.0,0.0,0.0,2015-08-01,0.0,0.0,0.0
2015,8,GOBIERNO REGIONAL DEL DEPARTAMENTO DE LIMA,601651.8,0.0,0.0,0.0,601651.8,0.0,0.0,0.0,0.0,0.0,0.0,0.0,0.0,2015-08-01,0.0,0.0,0.0
2015,8,GOBIERNO REGIONAL DEL DEPARTAMENTO DE LORETO,3681161.81,0.0,0.0,5548599.97,9229761.78,0.0,0.0,0.0,0.0,0.0,0.0,0.0,0.0,2015-08-01,0.0,0.0,0.0
2015,8,GOBIERNO REGIONAL DEL DEPARTAMENTO DE MADRE DE DIOS,768.29,0.0,0.0,0.0,768.29,0.0,0.0,0.0,0.0,0.0,0.0,0.0,0.0,2015-08-01,0.0,0.0,0.0
2015,8,GOBIERNO REGIONAL DEL DEPARTAMENTO DE MOQUEGUA,3899810.08,0.0,0.0,0.0,3899810.08,0.0,0.0,0.0,0.0,0.0,0.0,0.0,0.0,2015-08-01,0.0,0.0,0.0
2015,8,GOBIERNO REGIONAL DEL DEPARTAMENTO DE PASCO,232127.83,0.0,0.0,0.0,232127.83,0.0,0.0,0.0,0.0,0.0,0.0,0.0,0.0,2015-08-01,0.0,0.0,0.0
2015,8,GOBIERNO REGIONAL DEL DEPARTAMENTO DE PIURA,8045.059999999999,0.0,0.0,6166604.98,6174650.04,0.0,0.0,0.0,0.0,0.0,0.0,0.0,0.0,2015-08-01,0.0,0.0,0.0
2015,8,GOBIERNO REGIONAL DEL DEPARTAMENTO DE PUNO,1292529.46,0.0,0.0,0.0,1292529.46,0.0,0.0,0.0,0.0,0.0,0.0,0.0,0.0,2015-08-01,0.0,0.0,0.0
2015,8,GOBIERNO REGIONAL DEL DEPARTAMENTO DE SAN MARTIN,11058.13,0.0,0.0,0.0,11058.13,0.0,0.0,0.0,0.0,0.0,0.0,0.0,0.0,2015-08-01,0.0,0.0,0.0
2015,8,GOBIERNO REGIONAL DEL DEPARTAMENTO DE TACNA,3652171.44,0.0,0.0,0.0,3652171.44,0.0,0.0,0.0,0.0,0.0,0.0,0.0,0.0,2015-08-01,0.0,0.0,0.0
2015,8,GOBIERNO REGIONAL DEL DEPARTAMENTO DE TUMBES,64.46000000000001,0.0,0.0,3067114.11,3067178.57,0.0,0.0,0.0,0.0,0.0,0.0,0.0,0.0,2015-08-01,0.0,0.0,0.0
2015,8,GOBIERNO REGIONAL DEL DEPARTAMENTO DE UCAYALI,605.78,0.0,0.0,2742001.25,2742607.03,0.0,0.0,0.0,0.0,0.0,0.0,0.0,0.0,2015-08-01,0.0,0.0,0.0
2015,8,INSTITUTO DE INVESTIGACIONES DE LA AMAZONIA PERUANA,0.0,0.0,0.0,503299.33,503299.33,0.0,0.0,0.0,0.0,0.0,0.0,0.0,0.0,2015-08-01,0.0,0.0,0.0
2015,8,MUNICIPALIDAD METROPOLITANA DE LIMA,105678.19,0.0,0.0,0.0,105678.19,0.0,0.0,0.0,0.0,0.0,0.0,0.0,0.0,2015-08-01,0.0,0.0,0.0
2015,8,U. N. AUTÓNOMA ALTOANDINA DE TARMA,28680.64,0.0,0.0,0.0,28680.64,0.0,0.0,0.0,0.0,0.0,0.0,0.0,0.0,2015-08-01,0.0,0.0,0.0
2015,8,U.N. AGRARIA DE LA SELVA,245.39,0.0,0.0,0.0,245.39,0.0,0.0,0.0,0.0,0.0,0.0,0.0,0.0,2015-08-01,0.0,0.0,0.0
2015,8,U.N. AGRARIA LA MOLINA,3228.96,0.0,0.0,0.0,3228.96,0.0,0.0,0.0,0.0,0.0,0.0,0.0,0.0,2015-08-01,0.0,0.0,0.0
2015,8,U.N. AMAZONICA DE MADRE DE DIOS,339.11,0.0,0.0,0.0,339.11,0.0,0.0,0.0,0.0,0.0,0.0,0.0,0.0,2015-08-01,0.0,0.0,0.0
2015,8,U.N. AUTONOMA DE ALTO AMAZONAS,16.97,0.0,0.0,44015.26,44032.23,0.0,0.0,0.0,0.0,0.0,0.0,0.0,0.0,2015-08-01,0.0,0.0,0.0
2015,8,U.N. AUTONOMA DE CHOTA,39727.39,0.0,0.0,0.0,39727.39,0.0,0.0,0.0,0.0,0.0,0.0,0.0,0.0,2015-08-01,0.0,0.0,0.0
2015,8,U.N. AUTÓNOMA DE HUANTA,4437.43,0.0,0.0,0.0,4437.43,0.0,0.0,0.0,0.0,0.0,0.0,0.0,0.0,2015-08-01,0.0,0.0,0.0
2015,8,U.N. DANIEL ALCIDES CARRION,73835.64,0.0,0.0,0.0,73835.64,0.0,0.0,0.0,0.0,0.0,0.0,0.0,0.0,2015-08-01,0.0,0.0,0.0
2015,8,U.N. DE BARRANCA,65980.05,0.0,0.0,0.0,65980.05,0.0,0.0,0.0,0.0,0.0,0.0,0.0,0.0,2015-08-01,0.0,0.0,0.0
2015,8,U.N. DE CAJAMARCA,49428.33,0.0,0.0,0.0,49428.33,0.0,0.0,0.0,0.0,0.0,0.0,0.0,0.0,2015-08-01,0.0,0.0,0.0
2015,8,U.N. DE CAÑETE,63008.22,0.0,0.0,0.0,63008.22,0.0,0.0,0.0,0.0,0.0,0.0,0.0,0.0,2015-08-01,0.0,0.0,0.0
2015,8,U.N. DE EDUCACION ENRIQUE GUZMAN Y VALLE,3304.81,0.0,0.0,0.0,3304.81,0.0,0.0,0.0,0.0,0.0,0.0,0.0,0.0,2015-08-01,0.0,0.0,0.0
2015,8,U.N. DE FRONTERA,2083.21,0.0,0.0,975145.59,977228.8,0.0,0.0,0.0,0.0,0.0,0.0,0.0,0.0,2015-08-01,0.0,0.0,0.0
2015,8,U.N. DE HUANCAVELICA,167085.69999999998,0.0,0.0,0.0,167085.69999999998,0.0,0.0,0.0,0.0,0.0,0.0,0.0,0.0,2015-08-01,0.0,0.0,0.0
2015,8,U.N. DE INGENIERIA,3201.31,0.0,0.0,0.0,3201.31,0.0,0.0,0.0,0.0,0.0,0.0,0.0,0.0,2015-08-01,0.0,0.0,0.0
2015,8,U.N. DE JAEN,56761.94,0.0,0.0,0.0,56761.94,0.0,0.0,0.0,0.0,0.0,0.0,0.0,0.0,2015-08-01,0.0,0.0,0.0
2015,8,U.N. DE JULIACA,33642.03,0.0,0.0,0.0,33642.03,0.0,0.0,0.0,0.0,0.0,0.0,0.0,0.0,2015-08-01,0.0,0.0,0.0
2015,8,U.N. DE LA AMAZONIA PERUANA,47.52,0.0,0.0,545734.61,545782.13,0.0,0.0,0.0,0.0,0.0,0.0,0.0,0.0,2015-08-01,0.0,0.0,0.0
2015,8,U.N. DE MOQUEGUA,62687.9,0.0,0.0,0.0,62687.9,0.0,0.0,0.0,0.0,0.0,0.0,0.0,0.0,2015-08-01,0.0,0.0,0.0
2015,8,U.N. DE PIURA,2083.2200000000003,0.0,0.0,910690.13,912773.35,0.0,0.0,0.0,0.0,0.0,0.0,0.0,0.0,2015-08-01,0.0,0.0,0.0
2015,8,U.N. DE SAN AGUSTIN,150498.31,0.0,0.0,0.0,150498.31,0.0,0.0,0.0,0.0,0.0,0.0,0.0,0.0,2015-08-01,0.0,0.0,0.0
2015,8,U.N. DE SAN ANTONIO ABAD DEL CUSCO,3847582.26,0.0,0.0,0.0,3847582.26,0.0,0.0,0.0,0.0,0.0,0.0,0.0,0.0,2015-08-01,0.0,0.0,0.0
2015,8,U.N. DE SAN MARTIN,2681.8500000000004,0.0,0.0,0.0,2681.8500000000004,0.0,0.0,0.0,0.0,0.0,0.0,0.0,0.0,2015-08-01,0.0,0.0,0.0
2015,8,U.N. DE TRUJILLO,56239.26,0.0,0.0,0.0,56239.26,0.0,0.0,0.0,0.0,0.0,0.0,0.0,0.0,2015-08-01,0.0,0.0,0.0
2015,8,U.N. DE TUMBES,21.94,0.0,0.0,554685.86,554707.7999999999,0.0,0.0,0.0,0.0,0.0,0.0,0.0,0.0,2015-08-01,0.0,0.0,0.0
2015,8,U.N. DE UCAYALI,16.77,0.0,0.0,155079.95,155096.72,0.0,0.0,0.0,0.0,0.0,0.0,0.0,0.0,2015-08-01,0.0,0.0,0.0
2015,8,U.N. DEL ALTIPLANO,21717.2,0.0,0.0,0.0,21717.2,0.0,0.0,0.0,0.0,0.0,0.0,0.0,0.0,2015-08-01,0.0,0.0,0.0
2015,8,U.N. DEL CALLAO,2172.13,0.0,0.0,0.0,2172.13,0.0,0.0,0.0,0.0,0.0,0.0,0.0,0.0,2015-08-01,0.0,0.0,0.0
2015,8,U.N. DEL CENTRO DEL PERU,31165.34,0.0,0.0,0.0,31165.34,0.0,0.0,0.0,0.0,0.0,0.0,0.0,0.0,2015-08-01,0.0,0.0,0.0
2015,8,U.N. DEL SANTA,191079.86,0.0,0.0,0.0,191079.86,0.0,0.0,0.0,0.0,0.0,0.0,0.0,0.0,2015-08-01,0.0,0.0,0.0
2015,8,U.N. FEDERICO VILLARREAL,3304.8,0.0,0.0,0.0,3304.8,0.0,0.0,0.0,0.0,0.0,0.0,0.0,0.0,2015-08-01,0.0,0.0,0.0
2015,8,U.N. HERMILIO VALDIZAN,81.92,0.0,0.0,0.0,81.92,0.0,0.0,0.0,0.0,0.0,0.0,0.0,0.0,2015-08-01,0.0,0.0,0.0
2015,8,U.N. INTERCULTURAL DE LA AMAZONIA,34.09,0.0,0.0,161919.96,161954.05,0.0,0.0,0.0,0.0,0.0,0.0,0.0,0.0,2015-08-01,0.0,0.0,0.0
2015,8,U.N. INTERCULTURAL DE LA SELVA CENTRAL JUAN SANTOS ATAHUALPA,30470.04,0.0,0.0,0.0,30470.04,0.0,0.0,0.0,0.0,0.0,0.0,0.0,0.0,2015-08-01,0.0,0.0,0.0
2015,8,U.N. INTERCULTURAL DE QUILLABAMBA,3898125.23,0.0,0.0,0.0,3898125.23,0.0,0.0,0.0,0.0,0.0,0.0,0.0,0.0,2015-08-01,0.0,0.0,0.0
2015,8,U.N. INTERCULTURAL FABIOLA SALAZAR LEGUIA DE BAGUA,1.16,0.0,0.0,0.0,1.16,0.0,0.0,0.0,0.0,0.0,0.0,0.0,0.0,2015-08-01,0.0,0.0,0.0
2015,8,U.N. JORGE BASADRE GROHMANN,96184.62,0.0,0.0,0.0,96184.62,0.0,0.0,0.0,0.0,0.0,0.0,0.0,0.0,2015-08-01,0.0,0.0,0.0
2015,8,U.N. JOSE FAUSTINO SANCHEZ CARRION,66283.78,0.0,0.0,0.0,66283.78,0.0,0.0,0.0,0.0,0.0,0.0,0.0,0.0,2015-08-01,0.0,0.0,0.0
2015,8,U.N. JOSE MARIA ARGUEDAS,535.66,0.0,0.0,0.0,535.66,0.0,0.0,0.0,0.0,0.0,0.0,0.0,0.0,2015-08-01,0.0,0.0,0.0
2015,8,U.N. MAYOR DE SAN MARCOS,3016.35,0.0,0.0,0.0,3016.35,0.0,0.0,0.0,0.0,0.0,0.0,0.0,0.0,2015-08-01,0.0,0.0,0.0
2015,8,U.N. MICAELA BASTIDAS DE APURIMAC,802.8,0.0,0.0,0.0,802.8,0.0,0.0,0.0,0.0,0.0,0.0,0.0,0.0,2015-08-01,0.0,0.0,0.0
2015,8,U.N. PEDRO RUIZ GALLO,53.74,0.0,0.0,0.0,53.74,0.0,0.0,0.0,0.0,0.0,0.0,0.0,0.0,2015-08-01,0.0,0.0,0.0
2015,8,U.N. SAN CRISTOBAL DE HUAMANGA,4615.63,0.0,0.0,0.0,4615.63,0.0,0.0,0.0,0.0,0.0,0.0,0.0,0.0,2015-08-01,0.0,0.0,0.0
2015,8,U.N. SAN LUIS GONZAGA DE ICA,24608.910000000003,0.0,0.0,0.0,24608.910000000003,0.0,0.0,0.0,0.0,0.0,0.0,0.0,0.0,2015-08-01,0.0,0.0,0.0
2015,8,U.N. SANTIAGO ANTUNEZ DE MAYOLO,180910.02,0.0,0.0,0.0,180910.02,0.0,0.0,0.0,0.0,0.0,0.0,0.0,0.0,2015-08-01,0.0,0.0,0.0
2015,8,U.N. TECNOLOGICA DEL CONO SUR DE LIMA,3304.81,0.0,0.0,0.0,3304.81,0.0,0.0,0.0,0.0,0.0,0.0,0.0,0.0,2015-08-01,0.0,0.0,0.0
2015,8,U.N. TORIBIO RODRIGUEZ DE MENDOZA DE AMAZONAS,1.78,0.0,0.0,0.0,1.78,0.0,0.0,0.0,0.0,0.0,0.0,0.0,0.0,2015-08-01,0.0,0.0,0.0
2015,9, ,114955709.19,415026615.81,0.0,38769160.06,568751485.06,161465367.15,25943502.12,187408869.27,1298896211.48,253163744.09,0.1949068307786793,0.4378729262840393,0.1949068307786793,2015-09-01,19.048803259999527,0.03798867268418873,0.08534442434580836
2015,9,GOBIERNO REGIONAL DE LA PROVINCIA CONSTITUCIONAL DEL CALLAO,367224.94,0.0,0.0,0.0,367224.94,0.0,0.0,0.0,0.0,0.0,0.0,0.0,0.0,2015-09-01,0.0,0.0,0.0
2015,9,GOBIERNO REGIONAL DEL DEPARTAMENTO DE AMAZONAS,284.04999999999995,0.0,0.0,0.0,284.04999999999995,0.0,0.0,0.0,0.0,0.0,0.0,0.0,0.0,2015-09-01,0.0,0.0,0.0
2015,9,GOBIERNO REGIONAL DEL DEPARTAMENTO DE ANCASH,1363112.64,0.0,0.0,0.0,1363112.64,0.0,0.0,0.0,0.0,0.0,0.0,0.0,0.0,2015-09-01,0.0,0.0,0.0
2015,9,GOBIERNO REGIONAL DEL DEPARTAMENTO DE APURIMAC,687.93,0.0,0.0,0.0,687.93,0.0,0.0,0.0,0.0,0.0,0.0,0.0,0.0,2015-09-01,0.0,0.0,0.0
2015,9,GOBIERNO REGIONAL DEL DEPARTAMENTO DE AREQUIPA,289355.47000000003,0.0,0.0,0.0,289355.47000000003,0.0,0.0,0.0,0.0,0.0,0.0,0.0,0.0,2015-09-01,0.0,0.0,0.0
2015,9,GOBIERNO REGIONAL DEL DEPARTAMENTO DE AYACUCHO,2494.39,0.0,0.0,0.0,2494.39,0.0,0.0,0.0,0.0,0.0,0.0,0.0,0.0,2015-09-01,0.0,0.0,0.0
2015,9,GOBIERNO REGIONAL DEL DEPARTAMENTO DE CAJAMARCA,678992.72,0.0,0.0,0.0,678992.72,0.0,0.0,0.0,0.0,0.0,0.0,0.0,0.0,2015-09-01,0.0,0.0,0.0
2015,9,GOBIERNO REGIONAL DEL DEPARTAMENTO DE CUSCO,22256587.03,0.0,0.0,0.0,22256587.03,0.0,0.0,0.0,0.0,0.0,0.0,0.0,0.0,2015-09-01,0.0,0.0,0.0
2015,9,GOBIERNO REGIONAL DEL DEPARTAMENTO DE HUANCAVELICA,1287611.93,0.0,0.0,0.0,1287611.93,0.0,0.0,0.0,0.0,0.0,0.0,0.0,0.0,2015-09-01,0.0,0.0,0.0
2015,9,GOBIERNO REGIONAL DEL DEPARTAMENTO DE HUANUCO,160.07999999999998,0.0,0.0,0.0,160.07999999999998,0.0,0.0,0.0,0.0,0.0,0.0,0.0,0.0,2015-09-01,0.0,0.0,0.0
2015,9,GOBIERNO REGIONAL DEL DEPARTAMENTO DE ICA,929470.41,0.0,0.0,0.0,929470.41,0.0,0.0,0.0,0.0,0.0,0.0,0.0,0.0,2015-09-01,0.0,0.0,0.0
2015,9,GOBIERNO REGIONAL DEL DEPARTAMENTO DE JUNIN,304170.93999999994,0.0,0.0,0.0,304170.93999999994,0.0,0.0,0.0,0.0,0.0,0.0,0.0,0.0,2015-09-01,0.0,0.0,0.0
2015,9,GOBIERNO REGIONAL DEL DEPARTAMENTO DE LA LIBERTAD,10065111.4,0.0,0.0,0.0,10065111.4,0.0,0.0,0.0,0.0,0.0,0.0,0.0,0.0,2015-09-01,0.0,0.0,0.0
2015,9,GOBIERNO REGIONAL DEL DEPARTAMENTO DE LAMBAYEQUE,100.7,0.0,0.0,0.0,100.7,0.0,0.0,0.0,0.0,0.0,0.0,0.0,0.0,2015-09-01,0.0,0.0,0.0
2015,9,GOBIERNO REGIONAL DEL DEPARTAMENTO DE LIMA,1235898.52,0.0,0.0,0.0,1235898.52,0.0,0.0,0.0,0.0,0.0,0.0,0.0,0.0,2015-09-01,0.0,0.0,0.0
2015,9,GOBIERNO REGIONAL DEL DEPARTAMENTO DE LORETO,1302.22,0.0,0.0,4189797.47,4191099.69,0.0,0.0,0.0,0.0,0.0,0.0,0.0,0.0,2015-09-01,0.0,0.0,0.0
2015,9,GOBIERNO REGIONAL DEL DEPARTAMENTO DE MADRE DE DIOS,744.0699999999999,0.0,0.0,0.0,744.0699999999999,0.0,0.0,0.0,0.0,0.0,0.0,0.0,0.0,2015-09-01,0.0,0.0,0.0
2015,9,GOBIERNO REGIONAL DEL DEPARTAMENTO DE MOQUEGUA,198140.6,0.0,0.0,0.0,198140.6,0.0,0.0,0.0,0.0,0.0,0.0,0.0,0.0,2015-09-01,0.0,0.0,0.0
2015,9,GOBIERNO REGIONAL DEL DEPARTAMENTO DE PASCO,238116.29,0.0,0.0,0.0,238116.29,0.0,0.0,0.0,0.0,0.0,0.0,0.0,0.0,2015-09-01,0.0,0.0,0.0
2015,9,GOBIERNO REGIONAL DEL DEPARTAMENTO DE PIURA,415450.15,0.0,0.0,2697473.97,3112924.12,0.0,0.0,0.0,0.0,0.0,0.0,0.0,0.0,2015-09-01,0.0,0.0,0.0
2015,9,GOBIERNO REGIONAL DEL DEPARTAMENTO DE PUNO,153854.4,0.0,0.0,0.0,153854.4,0.0,0.0,0.0,0.0,0.0,0.0,0.0,0.0,2015-09-01,0.0,0.0,0.0
2015,9,GOBIERNO REGIONAL DEL DEPARTAMENTO DE SAN MARTIN,11179.509999999998,0.0,0.0,0.0,11179.509999999998,0.0,0.0,0.0,0.0,0.0,0.0,0.0,0.0,2015-09-01,0.0,0.0,0.0
2015,9,GOBIERNO REGIONAL DEL DEPARTAMENTO DE TACNA,81980.87,0.0,0.0,0.0,81980.87,0.0,0.0,0.0,0.0,0.0,0.0,0.0,0.0,2015-09-01,0.0,0.0,0.0
2015,9,GOBIERNO REGIONAL DEL DEPARTAMENTO DE TUMBES,199.89,0.0,0.0,3590215.78,3590415.67,0.0,0.0,0.0,0.0,0.0,0.0,0.0,0.0,2015-09-01,0.0,0.0,0.0
2015,9,GOBIERNO REGIONAL DEL DEPARTAMENTO DE UCAYALI,679.06,0.0,0.0,1818703.89,1819382.95,0.0,0.0,0.0,0.0,0.0,0.0,0.0,0.0,2015-09-01,0.0,0.0,0.0
2015,9,INSTITUTO DE INVESTIGACIONES DE LA AMAZONIA PERUANA,0.0,0.0,0.0,401783.73,401783.73,0.0,0.0,0.0,0.0,0.0,0.0,0.0,0.0,2015-09-01,0.0,0.0,0.0
2015,9,MUNICIPALIDAD METROPOLITANA DE LIMA,110881.11000000002,0.0,0.0,0.0,110881.11000000002,0.0,0.0,0.0,0.0,0.0,0.0,0.0,0.0,2015-09-01,0.0,0.0,0.0
2015,9,U. N. AUTÓNOMA ALTOANDINA DE TARMA,27052.35,0.0,0.0,0.0,27052.35,0.0,0.0,0.0,0.0,0.0,0.0,0.0,0.0,2015-09-01,0.0,0.0,0.0
2015,9,U.N. AGRARIA DE LA SELVA,275.47,0.0,0.0,0.0,275.47,0.0,0.0,0.0,0.0,0.0,0.0,0.0,0.0,2015-09-01,0.0,0.0,0.0
2015,9,U.N. AGRARIA LA MOLINA,3378.41,0.0,0.0,0.0,3378.41,0.0,0.0,0.0,0.0,0.0,0.0,0.0,0.0,2015-09-01,0.0,0.0,0.0
2015,9,U.N. AMAZONICA DE MADRE DE DIOS,380.32,0.0,0.0,0.0,380.32,0.0,0.0,0.0,0.0,0.0,0.0,0.0,0.0,2015-09-01,0.0,0.0,0.0
2015,9,U.N. AUTONOMA DE ALTO AMAZONAS,19.17,0.0,0.0,44123.29,44142.46,0.0,0.0,0.0,0.0,0.0,0.0,0.0,0.0,2015-09-01,0.0,0.0,0.0
2015,9,U.N. AUTONOMA DE CHOTA,41916.01,0.0,0.0,0.0,41916.01,0.0,0.0,0.0,0.0,0.0,0.0,0.0,0.0,2015-09-01,0.0,0.0,0.0
2015,9,U.N. AUTÓNOMA DE HUANTA,4979.07,0.0,0.0,0.0,4979.07,0.0,0.0,0.0,0.0,0.0,0.0,0.0,0.0,2015-09-01,0.0,0.0,0.0
2015,9,U.N. DANIEL ALCIDES CARRION,76434.66,0.0,0.0,0.0,76434.66,0.0,0.0,0.0,0.0,0.0,0.0,0.0,0.0,2015-09-01,0.0,0.0,0.0
2015,9,U.N. DE BARRANCA,128305.04,0.0,0.0,0.0,128305.04,0.0,0.0,0.0,0.0,0.0,0.0,0.0,0.0,2015-09-01,0.0,0.0,0.0
2015,9,U.N. DE CAJAMARCA,53513.02,0.0,0.0,0.0,53513.02,0.0,0.0,0.0,0.0,0.0,0.0,0.0,0.0,2015-09-01,0.0,0.0,0.0
2015,9,U.N. DE CAÑETE,125006.37,0.0,0.0,0.0,125006.37,0.0,0.0,0.0,0.0,0.0,0.0,0.0,0.0,2015-09-01,0.0,0.0,0.0
2015,9,U.N. DE EDUCACION ENRIQUE GUZMAN Y VALLE,3445.25,0.0,0.0,0.0,3445.25,0.0,0.0,0.0,0.0,0.0,0.0,0.0,0.0,2015-09-01,0.0,0.0,0.0
2015,9,U.N. DE FRONTERA,53141.05,0.0,0.0,896342.12,949483.17,0.0,0.0,0.0,0.0,0.0,0.0,0.0,0.0,2015-09-01,0.0,0.0,0.0
2015,9,U.N. DE HUANCAVELICA,167896.58,0.0,0.0,0.0,167896.58,0.0,0.0,0.0,0.0,0.0,0.0,0.0,0.0,2015-09-01,0.0,0.0,0.0
2015,9,U.N. DE INGENIERIA,3329.34,0.0,0.0,0.0,3329.34,0.0,0.0,0.0,0.0,0.0,0.0,0.0,0.0,2015-09-01,0.0,0.0,0.0
2015,9,U.N. DE JAEN,61593.91,0.0,0.0,0.0,61593.91,0.0,0.0,0.0,0.0,0.0,0.0,0.0,0.0,2015-09-01,0.0,0.0,0.0
2015,9,U.N. DE JULIACA,37520.25,0.0,0.0,0.0,37520.25,0.0,0.0,0.0,0.0,0.0,0.0,0.0,0.0,2015-09-01,0.0,0.0,0.0
2015,9,U.N. DE LA AMAZONIA PERUANA,53.29,0.0,0.0,384073.27,384126.56,0.0,0.0,0.0,0.0,0.0,0.0,0.0,0.0,2015-09-01,0.0,0.0,0.0
2015,9,U.N. DE MOQUEGUA,107817.32,0.0,0.0,0.0,107817.32,0.0,0.0,0.0,0.0,0.0,0.0,0.0,0.0,2015-09-01,0.0,0.0,0.0
2015,9,U.N. DE PIURA,53141.07,0.0,0.0,824891.5299999999,878032.5999999999,0.0,0.0,0.0,0.0,0.0,0.0,0.0,0.0,2015-09-01,0.0,0.0,0.0
2015,9,U.N. DE SAN AGUSTIN,209058.24,0.0,0.0,0.0,209058.24,0.0,0.0,0.0,0.0,0.0,0.0,0.0,0.0,2015-09-01,0.0,0.0,0.0
2015,9,U.N. DE SAN ANTONIO ABAD DEL CUSCO,3114942.2,0.0,0.0,0.0,3114942.2,0.0,0.0,0.0,0.0,0.0,0.0,0.0,0.0,2015-09-01,0.0,0.0,0.0
2015,9,U.N. DE SAN MARTIN,2702.15,0.0,0.0,0.0,2702.15,0.0,0.0,0.0,0.0,0.0,0.0,0.0,0.0,2015-09-01,0.0,0.0,0.0
2015,9,U.N. DE TRUJILLO,95719.84,0.0,0.0,0.0,95719.84,0.0,0.0,0.0,0.0,0.0,0.0,0.0,0.0,2015-09-01,0.0,0.0,0.0
2015,9,U.N. DE TUMBES,56.48,0.0,0.0,588048.52,588105.0,0.0,0.0,0.0,0.0,0.0,0.0,0.0,0.0,2015-09-01,0.0,0.0,0.0
2015,9,U.N. DE UCAYALI,18.82,0.0,0.0,162481.67,162500.49000000002,0.0,0.0,0.0,0.0,0.0,0.0,0.0,0.0,2015-09-01,0.0,0.0,0.0
2015,9,U.N. DEL ALTIPLANO,22678.81,0.0,0.0,0.0,22678.81,0.0,0.0,0.0,0.0,0.0,0.0,0.0,0.0,2015-09-01,0.0,0.0,0.0
2015,9,U.N. DEL CALLAO,93370.33,0.0,0.0,0.0,93370.33,0.0,0.0,0.0,0.0,0.0,0.0,0.0,0.0,2015-09-01,0.0,0.0,0.0
2015,9,U.N. DEL CENTRO DEL PERU,32051.86,0.0,0.0,0.0,32051.86,0.0,0.0,0.0,0.0,0.0,0.0,0.0,0.0,2015-09-01,0.0,0.0,0.0
2015,9,U.N. DEL SANTA,278608.21,0.0,0.0,0.0,278608.21,0.0,0.0,0.0,0.0,0.0,0.0,0.0,0.0,2015-09-01,0.0,0.0,0.0
2015,9,U.N. FEDERICO VILLARREAL,3445.2500000000005,0.0,0.0,0.0,3445.2500000000005,0.0,0.0,0.0,0.0,0.0,0.0,0.0,0.0,2015-09-01,0.0,0.0,0.0
2015,9,U.N. HERMILIO VALDIZAN,99.8,0.0,0.0,0.0,99.8,0.0,0.0,0.0,0.0,0.0,0.0,0.0,0.0,2015-09-01,0.0,0.0,0.0
2015,9,U.N. INTERCULTURAL DE LA AMAZONIA,38.33,0.0,0.0,169728.61000000002,169766.94,0.0,0.0,0.0,0.0,0.0,0.0,0.0,0.0,2015-09-01,0.0,0.0,0.0
2015,9,U.N. INTERCULTURAL DE LA SELVA CENTRAL JUAN SANTOS ATAHUALPA,31257.86,0.0,0.0,0.0,31257.86,0.0,0.0,0.0,0.0,0.0,0.0,0.0,0.0,2015-09-01,0.0,0.0,0.0
2015,9,U.N. INTERCULTURAL DE QUILLABAMBA,3169084.92,0.0,0.0,0.0,3169084.92,0.0,0.0,0.0,0.0,0.0,0.0,0.0,0.0,2015-09-01,0.0,0.0,0.0
2015,9,U.N. INTERCULTURAL FABIOLA SALAZAR LEGUIA DE BAGUA,1.89,0.0,0.0,0.0,1.89,0.0,0.0,0.0,0.0,0.0,0.0,0.0,0.0,2015-09-01,0.0,0.0,0.0
2015,9,U.N. JORGE BASADRE GROHMANN,107859.39,0.0,0.0,0.0,107859.39,0.0,0.0,0.0,0.0,0.0,0.0,0.0,0.0,2015-09-01,0.0,0.0,0.0
2015,9,U.N. JOSE FAUSTINO SANCHEZ CARRION,128704.71,0.0,0.0,0.0,128704.71,0.0,0.0,0.0,0.0,0.0,0.0,0.0,0.0,2015-09-01,0.0,0.0,0.0
2015,9,U.N. JOSE MARIA ARGUEDAS,598.5,0.0,0.0,0.0,598.5,0.0,0.0,0.0,0.0,0.0,0.0,0.0,0.0,2015-09-01,0.0,0.0,0.0
2015,9,U.N. MAYOR DE SAN MARCOS,3121.25,0.0,0.0,0.0,3121.25,0.0,0.0,0.0,0.0,0.0,0.0,0.0,0.0,2015-09-01,0.0,0.0,0.0
2015,9,U.N. MICAELA BASTIDAS DE APURIMAC,899.88,0.0,0.0,0.0,899.88,0.0,0.0,0.0,0.0,0.0,0.0,0.0,0.0,2015-09-01,0.0,0.0,0.0
2015,9,U.N. PEDRO RUIZ GALLO,60.21,0.0,0.0,0.0,60.21,0.0,0.0,0.0,0.0,0.0,0.0,0.0,0.0,2015-09-01,0.0,0.0,0.0
2015,9,U.N. SAN CRISTOBAL DE HUAMANGA,5177.81,0.0,0.0,0.0,5177.81,0.0,0.0,0.0,0.0,0.0,0.0,0.0,0.0,2015-09-01,0.0,0.0,0.0
2015,9,U.N. SAN LUIS GONZAGA DE ICA,245132.07,0.0,0.0,0.0,245132.07,0.0,0.0,0.0,0.0,0.0,0.0,0.0,0.0,2015-09-01,0.0,0.0,0.0
2015,9,U.N. SANTIAGO ANTUNEZ DE MAYOLO,267361.87,0.0,0.0,0.0,267361.87,0.0,0.0,0.0,0.0,0.0,0.0,0.0,0.0,2015-09-01,0.0,0.0,0.0
2015,9,U.N. TECNOLOGICA DEL CONO SUR DE LIMA,3445.26,0.0,0.0,0.0,3445.26,0.0,0.0,0.0,0.0,0.0,0.0,0.0,0.0,2015-09-01,0.0,0.0,0.0
2015,9,U.N. TORIBIO RODRIGUEZ DE MENDOZA DE AMAZONAS,1.93,0.0,0.0,0.0,1.93,0.0,0.0,0.0,0.0,0.0,0.0,0.0,0.0,2015-09-01,0.0,0.0,0.0
2015,10, ,102502365.21,397350183.67,0.0,38289334.6,538141883.48,173778449.09,29428739.14,203207188.23,1393264339.49,206917254.01,0.1485125601404119,0.3862453579174969,0.1485125601404119,2015-10-01,19.12973665311164,0.02205598051945946,0.05736228694667718
2015,10,GOBIERNO REGIONAL DE LA PROVINCIA CONSTITUCIONAL DEL CALLAO,145838.32,0.0,0.0,0.0,145838.32,0.0,0.0,0.0,0.0,0.0,0.0,0.0,0.0,2015-10-01,0.0,0.0,0.0
2015,10,GOBIERNO REGIONAL DEL DEPARTAMENTO DE AMAZONAS,197.52,0.0,0.0,0.0,197.52,0.0,0.0,0.0,0.0,0.0,0.0,0.0,0.0,2015-10-01,0.0,0.0,0.0
2015,10,GOBIERNO REGIONAL DEL DEPARTAMENTO DE ANCASH,783690.0700000001,0.0,0.0,0.0,783690.0700000001,0.0,0.0,0.0,0.0,0.0,0.0,0.0,0.0,2015-10-01,0.0,0.0,0.0
2015,10,GOBIERNO REGIONAL DEL DEPARTAMENTO DE APURIMAC,14.35,0.0,0.0,0.0,14.35,0.0,0.0,0.0,0.0,0.0,0.0,0.0,0.0,2015-10-01,0.0,0.0,0.0
2015,10,GOBIERNO REGIONAL DEL DEPARTAMENTO DE AREQUIPA,182132.95,0.0,0.0,0.0,182132.95,0.0,0.0,0.0,0.0,0.0,0.0,0.0,0.0,2015-10-01,0.0,0.0,0.0
2015,10,GOBIERNO REGIONAL DEL DEPARTAMENTO DE AYACUCHO,1247.92,0.0,0.0,0.0,1247.92,0.0,0.0,0.0,0.0,0.0,0.0,0.0,0.0,2015-10-01,0.0,0.0,0.0
2015,10,GOBIERNO REGIONAL DEL DEPARTAMENTO DE CAJAMARCA,1620076.98,0.0,0.0,0.0,1620076.98,0.0,0.0,0.0,0.0,0.0,0.0,0.0,0.0,2015-10-01,0.0,0.0,0.0
2015,10,GOBIERNO REGIONAL DEL DEPARTAMENTO DE CUSCO,23629237.050000004,0.0,0.0,0.0,23629237.050000004,0.0,0.0,0.0,0.0,0.0,0.0,0.0,0.0,2015-10-01,0.0,0.0,0.0
2015,10,GOBIERNO REGIONAL DEL DEPARTAMENTO DE HUANCAVELICA,1308958.01,0.0,0.0,0.0,1308958.01,0.0,0.0,0.0,0.0,0.0,0.0,0.0,0.0,2015-10-01,0.0,0.0,0.0
2015,10,GOBIERNO REGIONAL DEL DEPARTAMENTO DE HUANUCO,135.56,0.0,0.0,0.0,135.56,0.0,0.0,0.0,0.0,0.0,0.0,0.0,0.0,2015-10-01,0.0,0.0,0.0
2015,10,GOBIERNO REGIONAL DEL DEPARTAMENTO DE ICA,211930.69,0.0,0.0,0.0,211930.69,0.0,0.0,0.0,0.0,0.0,0.0,0.0,0.0,2015-10-01,0.0,0.0,0.0
2015,10,GOBIERNO REGIONAL DEL DEPARTAMENTO DE JUNIN,294035.21,0.0,0.0,0.0,294035.21,0.0,0.0,0.0,0.0,0.0,0.0,0.0,0.0,2015-10-01,0.0,0.0,0.0
2015,10,GOBIERNO REGIONAL DEL DEPARTAMENTO DE LA LIBERTAD,62093.56,0.0,0.0,0.0,62093.56,0.0,0.0,0.0,0.0,0.0,0.0,0.0,0.0,2015-10-01,0.0,0.0,0.0
2015,10,GOBIERNO REGIONAL DEL DEPARTAMENTO DE LAMBAYEQUE,70.03,0.0,0.0,0.0,70.03,0.0,0.0,0.0,0.0,0.0,0.0,0.0,0.0,2015-10-01,0.0,0.0,0.0
2015,10,GOBIERNO REGIONAL DEL DEPARTAMENTO DE LIMA,4527850.17,0.0,0.0,0.0,4527850.17,0.0,0.0,0.0,0.0,0.0,0.0,0.0,0.0,2015-10-01,0.0,0.0,0.0
2015,10,GOBIERNO REGIONAL DEL DEPARTAMENTO DE LORETO,1840905.3,0.0,0.0,3521127.52,5362032.82,0.0,0.0,0.0,0.0,0.0,0.0,0.0,0.0,2015-10-01,0.0,0.0,0.0
2015,10,GOBIERNO REGIONAL DEL DEPARTAMENTO DE MADRE DE DIOS,352.77,0.0,0.0,0.0,352.77,0.0,0.0,0.0,0.0,0.0,0.0,0.0,0.0,2015-10-01,0.0,0.0,0.0
2015,10,GOBIERNO REGIONAL DEL DEPARTAMENTO DE MOQUEGUA,58636.96,0.0,0.0,0.0,58636.96,0.0,0.0,0.0,0.0,0.0,0.0,0.0,0.0,2015-10-01,0.0,0.0,0.0
2015,10,GOBIERNO REGIONAL DEL DEPARTAMENTO DE PASCO,225311.34,0.0,0.0,0.0,225311.34,0.0,0.0,0.0,0.0,0.0,0.0,0.0,0.0,2015-10-01,0.0,0.0,0.0
2015,10,GOBIERNO REGIONAL DEL DEPARTAMENTO DE PIURA,10761.61,0.0,0.0,15326268.52,15337030.13,0.0,0.0,0.0,0.0,0.0,0.0,0.0,0.0,2015-10-01,0.0,0.0,0.0
2015,10,GOBIERNO REGIONAL DEL DEPARTAMENTO DE PUNO,127352.12,0.0,0.0,0.0,127352.12,0.0,0.0,0.0,0.0,0.0,0.0,0.0,0.0,2015-10-01,0.0,0.0,0.0
2015,10,GOBIERNO REGIONAL DEL DEPARTAMENTO DE SAN MARTIN,10890.81,0.0,0.0,0.0,10890.81,0.0,0.0,0.0,0.0,0.0,0.0,0.0,0.0,2015-10-01,0.0,0.0,0.0
2015,10,GOBIERNO REGIONAL DEL DEPARTAMENTO DE TACNA,23898.47,0.0,0.0,0.0,23898.47,0.0,0.0,0.0,0.0,0.0,0.0,0.0,0.0,2015-10-01,0.0,0.0,0.0
2015,10,GOBIERNO REGIONAL DEL DEPARTAMENTO DE TUMBES,50.98,0.0,0.0,4182777.21,4182828.19,0.0,0.0,0.0,0.0,0.0,0.0,0.0,0.0,2015-10-01,0.0,0.0,0.0
2015,10,GOBIERNO REGIONAL DEL DEPARTAMENTO DE UCAYALI,472.0,0.0,0.0,1507277.4800000002,1507749.4800000002,0.0,0.0,0.0,0.0,0.0,0.0,0.0,0.0,2015-10-01,0.0,0.0,0.0
2015,10,INSTITUTO DE INVESTIGACIONES DE LA AMAZONIA PERUANA,0.0,0.0,0.0,274739.16,274739.16,0.0,0.0,0.0,0.0,0.0,0.0,0.0,0.0,2015-10-01,0.0,0.0,0.0
2015,10,MUNICIPALIDAD METROPOLITANA DE LIMA,102492.5,0.0,0.0,0.0,102492.5,0.0,0.0,0.0,0.0,0.0,0.0,0.0,0.0,2015-10-01,0.0,0.0,0.0
2015,10,U. N. AUTÓNOMA ALTOANDINA DE TARMA,29582.14,0.0,0.0,0.0,29582.14,0.0,0.0,0.0,0.0,0.0,0.0,0.0,0.0,2015-10-01,0.0,0.0,0.0
2015,10,U.N. AGRARIA DE LA SELVA,194.57,0.0,0.0,0.0,194.57,0.0,0.0,0.0,0.0,0.0,0.0,0.0,0.0,2015-10-01,0.0,0.0,0.0
2015,10,U.N. AGRARIA LA MOLINA,3152.39,0.0,0.0,0.0,3152.39,0.0,0.0,0.0,0.0,0.0,0.0,0.0,0.0,2015-10-01,0.0,0.0,0.0
2015,10,U.N. AMAZONICA DE MADRE DE DIOS,264.66,0.0,0.0,0.0,264.66,0.0,0.0,0.0,0.0,0.0,0.0,0.0,0.0,2015-10-01,0.0,0.0,0.0
2015,10,U.N. AUTONOMA DE ALTO AMAZONAS,35.59,0.0,0.0,44890.92,44926.51,0.0,0.0,0.0,0.0,0.0,0.0,0.0,0.0,2015-10-01,0.0,0.0,0.0
2015,10,U.N. AUTONOMA DE CHOTA,34720.11,0.0,0.0,0.0,34720.11,0.0,0.0,0.0,0.0,0.0,0.0,0.0,0.0,2015-10-01,0.0,0.0,0.0
2015,10,U.N. AUTÓNOMA DE HUANTA,3451.65,0.0,0.0,0.0,3451.65,0.0,0.0,0.0,0.0,0.0,0.0,0.0,0.0,2015-10-01,0.0,0.0,0.0
2015,10,U.N. DANIEL ALCIDES CARRION,69151.38,0.0,0.0,0.0,69151.38,0.0,0.0,0.0,0.0,0.0,0.0,0.0,0.0,2015-10-01,0.0,0.0,0.0
2015,10,U.N. DE BARRANCA,77899.45,0.0,0.0,0.0,77899.45,0.0,0.0,0.0,0.0,0.0,0.0,0.0,0.0,2015-10-01,0.0,0.0,0.0
2015,10,U.N. DE CAJAMARCA,42198.77,0.0,0.0,0.0,42198.77,0.0,0.0,0.0,0.0,0.0,0.0,0.0,0.0,2015-10-01,0.0,0.0,0.0
2015,10,U.N. DE CAÑETE,75877.67,0.0,0.0,0.0,75877.67,0.0,0.0,0.0,0.0,0.0,0.0,0.0,0.0,2015-10-01,0.0,0.0,0.0
2015,10,U.N. DE EDUCACION ENRIQUE GUZMAN Y VALLE,3259.8499999999995,0.0,0.0,0.0,3259.8499999999995,0.0,0.0,0.0,0.0,0.0,0.0,0.0,0.0,2015-10-01,0.0,0.0,0.0
2015,10,U.N. DE FRONTERA,2381.98,0.0,0.0,871003.9199999999,873385.8999999999,0.0,0.0,0.0,0.0,0.0,0.0,0.0,0.0,2015-10-01,0.0,0.0,0.0
2015,10,U.N. DE HUANCAVELICA,166812.25,0.0,0.0,0.0,166812.25,0.0,0.0,0.0,0.0,0.0,0.0,0.0,0.0,2015-10-01,0.0,0.0,0.0
2015,10,U.N. DE INGENIERIA,3179.21,0.0,0.0,0.0,3179.21,0.0,0.0,0.0,0.0,0.0,0.0,0.0,0.0,2015-10-01,0.0,0.0,0.0
2015,10,U.N. DE JAEN,48684.54,0.0,0.0,0.0,48684.54,0.0,0.0,0.0,0.0,0.0,0.0,0.0,0.0,2015-10-01,0.0,0.0,0.0
2015,10,U.N. DE JULIACA,24803.97,0.0,0.0,0.0,24803.97,0.0,0.0,0.0,0.0,0.0,0.0,0.0,0.0,2015-10-01,0.0,0.0,0.0
2015,10,U.N. DE LA AMAZONIA PERUANA,37.01,0.0,0.0,230845.92,230882.93,0.0,0.0,0.0,0.0,0.0,0.0,0.0,0.0,2015-10-01,0.0,0.0,0.0
2015,10,U.N. DE MOQUEGUA,51976.66,0.0,0.0,0.0,51976.66,0.0,0.0,0.0,0.0,0.0,0.0,0.0,0.0,2015-10-01,0.0,0.0,0.0
2015,10,U.N. DE PIURA,2381.98,0.0,0.0,808258.97,810640.95,0.0,0.0,0.0,0.0,0.0,0.0,0.0,0.0,2015-10-01,0.0,0.0,0.0
2015,10,U.N. DE SAN AGUSTIN,146124.81,0.0,0.0,0.0,146124.81,0.0,0.0,0.0,0.0,0.0,0.0,0.0,0.0,2015-10-01,0.0,0.0,0.0
2015,10,U.N. DE SAN ANTONIO ABAD DEL CUSCO,3051685.4,0.0,0.0,0.0,3051685.4,0.0,0.0,0.0,0.0,0.0,0.0,0.0,0.0,2015-10-01,0.0,0.0,0.0
2015,10,U.N. DE SAN MARTIN,2658.38,0.0,0.0,0.0,2658.38,0.0,0.0,0.0,0.0,0.0,0.0,0.0,0.0,2015-10-01,0.0,0.0,0.0
2015,10,U.N. DE TRUJILLO,49926.87,0.0,0.0,0.0,49926.87,0.0,0.0,0.0,0.0,0.0,0.0,0.0,0.0,2015-10-01,0.0,0.0,0.0
2015,10,U.N. DE TUMBES,17.270000000000003,0.0,0.0,654437.02,654454.29,0.0,0.0,0.0,0.0,0.0,0.0,0.0,0.0,2015-10-01,0.0,0.0,0.0
2015,10,U.N. DE UCAYALI,13.07,0.0,0.0,126174.16999999998,126187.24,0.0,0.0,0.0,0.0,0.0,0.0,0.0,0.0,2015-10-01,0.0,0.0,0.0
2015,10,U.N. DEL ALTIPLANO,18662.09,0.0,0.0,0.0,18662.09,0.0,0.0,0.0,0.0,0.0,0.0,0.0,0.0,2015-10-01,0.0,0.0,0.0
2015,10,U.N. DEL CALLAO,37315.83,0.0,0.0,0.0,37315.83,0.0,0.0,0.0,0.0,0.0,0.0,0.0,0.0,2015-10-01,0.0,0.0,0.0
2015,10,U.N. DEL CENTRO DEL PERU,29783.21,0.0,0.0,0.0,29783.21,0.0,0.0,0.0,0.0,0.0,0.0,0.0,0.0,2015-10-01,0.0,0.0,0.0
2015,10,U.N. DEL SANTA,179911.06000000003,0.0,0.0,0.0,179911.06000000003,0.0,0.0,0.0,0.0,0.0,0.0,0.0,0.0,2015-10-01,0.0,0.0,0.0
2015,10,U.N. FEDERICO VILLARREAL,3259.6600000000003,0.0,0.0,0.0,3259.6600000000003,0.0,0.0,0.0,0.0,0.0,0.0,0.0,0.0,2015-10-01,0.0,0.0,0.0
2015,10,U.N. HERMILIO VALDIZAN,30.11,0.0,0.0,0.0,30.11,0.0,0.0,0.0,0.0,0.0,0.0,0.0,0.0,2015-10-01,0.0,0.0,0.0
2015,10,U.N. INTERCULTURAL DE LA AMAZONIA,26.58,0.0,0.0,128851.74,128878.32,0.0,0.0,0.0,0.0,0.0,0.0,0.0,0.0,2015-10-01,0.0,0.0,0.0
2015,10,U.N. INTERCULTURAL DE LA SELVA CENTRAL JUAN SANTOS ATAHUALPA,28917.2,0.0,0.0,0.0,28917.2,0.0,0.0,0.0,0.0,0.0,0.0,0.0,0.0,2015-10-01,0.0,0.0,0.0
2015,10,U.N. INTERCULTURAL DE QUILLABAMBA,3105033.46,0.0,0.0,0.0,3105033.46,0.0,0.0,0.0,0.0,0.0,0.0,0.0,0.0,2015-10-01,0.0,0.0,0.0
2015,10,U.N. INTERCULTURAL FABIOLA SALAZAR LEGUIA DE BAGUA,1.26,0.0,0.0,0.0,1.26,0.0,0.0,0.0,0.0,0.0,0.0,0.0,0.0,2015-10-01,0.0,0.0,0.0
2015,10,U.N. JORGE BASADRE GROHMANN,77046.84,0.0,0.0,0.0,77046.84,0.0,0.0,0.0,0.0,0.0,0.0,0.0,0.0,2015-10-01,0.0,0.0,0.0
2015,10,U.N. JOSE FAUSTINO SANCHEZ CARRION,78513.28,0.0,0.0,0.0,78513.28,0.0,0.0,0.0,0.0,0.0,0.0,0.0,0.0,2015-10-01,0.0,0.0,0.0
2015,10,U.N. JOSE MARIA ARGUEDAS,225.96,0.0,0.0,0.0,225.96,0.0,0.0,0.0,0.0,0.0,0.0,0.0,0.0,2015-10-01,0.0,0.0,0.0
2015,10,U.N. MAYOR DE SAN MARCOS,2978.44,0.0,0.0,0.0,2978.44,0.0,0.0,0.0,0.0,0.0,0.0,0.0,0.0,2015-10-01,0.0,0.0,0.0
2015,10,U.N. MICAELA BASTIDAS DE APURIMAC,625.1700000000001,0.0,0.0,0.0,625.1700000000001,0.0,0.0,0.0,0.0,0.0,0.0,0.0,0.0,2015-10-01,0.0,0.0,0.0
2015,10,U.N. PEDRO RUIZ GALLO,41.84,0.0,0.0,0.0,41.84,0.0,0.0,0.0,0.0,0.0,0.0,0.0,0.0,2015-10-01,0.0,0.0,0.0
2015,10,U.N. SAN CRISTOBAL DE HUAMANGA,3637.17,0.0,0.0,0.0,3637.17,0.0,0.0,0.0,0.0,0.0,0.0,0.0,0.0,2015-10-01,0.0,0.0,0.0
2015,10,U.N. SAN LUIS GONZAGA DE ICA,46314.740000000005,0.0,0.0,0.0,46314.740000000005,0.0,0.0,0.0,0.0,0.0,0.0,0.0,0.0,2015-10-01,0.0,0.0,0.0
2015,10,U.N. SANTIAGO ANTUNEZ DE MAYOLO,168246.37,0.0,0.0,0.0,168246.37,0.0,0.0,0.0,0.0,0.0,0.0,0.0,0.0,2015-10-01,0.0,0.0,0.0
2015,10,U.N. TECNOLOGICA DEL CONO SUR DE LIMA,3259.85,0.0,0.0,0.0,3259.85,0.0,0.0,0.0,0.0,0.0,0.0,0.0,0.0,2015-10-01,0.0,0.0,0.0
2015,10,U.N. TORIBIO RODRIGUEZ DE MENDOZA DE AMAZONAS,1.2,0.0,0.0,0.0,1.2,0.0,0.0,0.0,0.0,0.0,0.0,0.0,0.0,2015-10-01,0.0,0.0,0.0
2015,11, ,116483732.97,424956713.47,0.0,38339124.31,579779570.75,208977710.96,34195594.2,243173305.16000003,1936730761.7,225702049.44,0.1165376488582677,0.299359922512455,0.1165376488582677,2015-11-01,19.30928494117686,0.013581023601412903,0.03488670153199471
2015,11,GOBIERNO REGIONAL DE LA PROVINCIA CONSTITUCIONAL DEL CALLAO,146919.27,0.0,0.0,0.0,146919.27,0.0,0.0,0.0,0.0,0.0,0.0,0.0,0.0,2015-11-01,0.0,0.0,0.0
2015,11,GOBIERNO REGIONAL DEL DEPARTAMENTO DE AMAZONAS,242.77,0.0,0.0,0.0,242.77,0.0,0.0,0.0,0.0,0.0,0.0,0.0,0.0,2015-11-01,0.0,0.0,0.0
2015,11,GOBIERNO REGIONAL DEL DEPARTAMENTO DE ANCASH,6766816.15,0.0,0.0,0.0,6766816.15,0.0,0.0,0.0,0.0,0.0,0.0,0.0,0.0,2015-11-01,0.0,0.0,0.0
2015,11,GOBIERNO REGIONAL DEL DEPARTAMENTO DE APURIMAC,18.49,0.0,0.0,0.0,18.49,0.0,0.0,0.0,0.0,0.0,0.0,0.0,0.0,2015-11-01,0.0,0.0,0.0
2015,11,GOBIERNO REGIONAL DEL DEPARTAMENTO DE AREQUIPA,206959.0,0.0,0.0,0.0,206959.0,0.0,0.0,0.0,0.0,0.0,0.0,0.0,0.0,2015-11-01,0.0,0.0,0.0
2015,11,GOBIERNO REGIONAL DEL DEPARTAMENTO DE AYACUCHO,1684.23,0.0,0.0,0.0,1684.23,0.0,0.0,0.0,0.0,0.0,0.0,0.0,0.0,2015-11-01,0.0,0.0,0.0
2015,11,GOBIERNO REGIONAL DEL DEPARTAMENTO DE CAJAMARCA,3094553.18,0.0,0.0,0.0,3094553.18,0.0,0.0,0.0,0.0,0.0,0.0,0.0,0.0,2015-11-01,0.0,0.0,0.0
2015,11,GOBIERNO REGIONAL DEL DEPARTAMENTO DE CUSCO,47904788.84,0.0,0.0,0.0,47904788.84,0.0,0.0,0.0,0.0,0.0,0.0,0.0,0.0,2015-11-01,0.0,0.0,0.0
2015,11,GOBIERNO REGIONAL DEL DEPARTAMENTO DE HUANCAVELICA,1297943.44,0.0,0.0,0.0,1297943.44,0.0,0.0,0.0,0.0,0.0,0.0,0.0,0.0,2015-11-01,0.0,0.0,0.0
2015,11,GOBIERNO REGIONAL DEL DEPARTAMENTO DE HUANUCO,178.97,0.0,0.0,0.0,178.97,0.0,0.0,0.0,0.0,0.0,0.0,0.0,0.0,2015-11-01,0.0,0.0,0.0
2015,11,GOBIERNO REGIONAL DEL DEPARTAMENTO DE ICA,5217289.5200000005,0.0,0.0,0.0,5217289.5200000005,0.0,0.0,0.0,0.0,0.0,0.0,0.0,0.0,2015-11-01,0.0,0.0,0.0
2015,11,GOBIERNO REGIONAL DEL DEPARTAMENTO DE JUNIN,366839.59,0.0,0.0,0.0,366839.59,0.0,0.0,0.0,0.0,0.0,0.0,0.0,0.0,2015-11-01,0.0,0.0,0.0
2015,11,GOBIERNO REGIONAL DEL DEPARTAMENTO DE LA LIBERTAD,1026060.29,0.0,0.0,0.0,1026060.29,0.0,0.0,0.0,0.0,0.0,0.0,0.0,0.0,2015-11-01,0.0,0.0,0.0
2015,11,GOBIERNO REGIONAL DEL DEPARTAMENTO DE LAMBAYEQUE,86.09,0.0,0.0,0.0,86.09,0.0,0.0,0.0,0.0,0.0,0.0,0.0,0.0,2015-11-01,0.0,0.0,0.0
2015,11,GOBIERNO REGIONAL DEL DEPARTAMENTO DE LIMA,1585085.31,0.0,0.0,0.0,1585085.31,0.0,0.0,0.0,0.0,0.0,0.0,0.0,0.0,2015-11-01,0.0,0.0,0.0
2015,11,GOBIERNO REGIONAL DEL DEPARTAMENTO DE LORETO,1841112.69,0.0,0.0,3291664.5900000003,5132777.28,0.0,0.0,0.0,0.0,0.0,0.0,0.0,0.0,2015-11-01,0.0,0.0,0.0
2015,11,GOBIERNO REGIONAL DEL DEPARTAMENTO DE MADRE DE DIOS,404.48,0.0,0.0,0.0,404.48,0.0,0.0,0.0,0.0,0.0,0.0,0.0,0.0,2015-11-01,0.0,0.0,0.0
2015,11,GOBIERNO REGIONAL DEL DEPARTAMENTO DE MOQUEGUA,2301279.9,0.0,0.0,0.0,2301279.9,0.0,0.0,0.0,0.0,0.0,0.0,0.0,0.0,2015-11-01,0.0,0.0,0.0
2015,11,GOBIERNO REGIONAL DEL DEPARTAMENTO DE PASCO,228925.18,0.0,0.0,0.0,228925.18,0.0,0.0,0.0,0.0,0.0,0.0,0.0,0.0,2015-11-01,0.0,0.0,0.0
2015,11,GOBIERNO REGIONAL DEL DEPARTAMENTO DE PIURA,11009.59,0.0,0.0,11956196.81,11967206.4,0.0,0.0,0.0,0.0,0.0,0.0,0.0,0.0,2015-11-01,0.0,0.0,0.0
2015,11,GOBIERNO REGIONAL DEL DEPARTAMENTO DE PUNO,130894.14,0.0,0.0,0.0,130894.14,0.0,0.0,0.0,0.0,0.0,0.0,0.0,0.0,2015-11-01,0.0,0.0,0.0
2015,11,GOBIERNO REGIONAL DEL DEPARTAMENTO DE SAN MARTIN,11085.47,0.0,0.0,0.0,11085.47,0.0,0.0,0.0,0.0,0.0,0.0,0.0,0.0,2015-11-01,0.0,0.0,0.0
2015,11,GOBIERNO REGIONAL DEL DEPARTAMENTO DE TACNA,27365.33,0.0,0.0,0.0,27365.33,0.0,0.0,0.0,0.0,0.0,0.0,0.0,0.0,2015-11-01,0.0,0.0,0.0
2015,11,GOBIERNO REGIONAL DEL DEPARTAMENTO DE TUMBES,62.95,0.0,0.0,3110968.47,3111031.42,0.0,0.0,0.0,0.0,0.0,0.0,0.0,0.0,2015-11-01,0.0,0.0,0.0
2015,11,GOBIERNO REGIONAL DEL DEPARTAMENTO DE UCAYALI,580.09,0.0,0.0,2211062.95,2211643.04,0.0,0.0,0.0,0.0,0.0,0.0,0.0,0.0,2015-11-01,0.0,0.0,0.0
2015,11,INSTITUTO DE INVESTIGACIONES DE LA AMAZONIA PERUANA,0.0,0.0,0.0,364173.49,364173.49,0.0,0.0,0.0,0.0,0.0,0.0,0.0,0.0,2015-11-01,0.0,0.0,0.0
2015,11,MUNICIPALIDAD METROPOLITANA DE LIMA,105097.16,0.0,0.0,0.0,105097.16,0.0,0.0,0.0,0.0,0.0,0.0,0.0,0.0,2015-11-01,0.0,0.0,0.0
2015,11,U. N. AUTÓNOMA ALTOANDINA DE TARMA,30897.53,0.0,0.0,0.0,30897.53,0.0,0.0,0.0,0.0,0.0,0.0,0.0,0.0,2015-11-01,0.0,0.0,0.0
2015,11,U.N. AGRARIA DE LA SELVA,240.74,0.0,0.0,0.0,240.74,0.0,0.0,0.0,0.0,0.0,0.0,0.0,0.0,2015-11-01,0.0,0.0,0.0
2015,11,U.N. AGRARIA LA MOLINA,3213.36,0.0,0.0,0.0,3213.36,0.0,0.0,0.0,0.0,0.0,0.0,0.0,0.0,2015-11-01,0.0,0.0,0.0
2015,11,U.N. AMAZONICA DE MADRE DE DIOS,325.75,0.0,0.0,0.0,325.75,0.0,0.0,0.0,0.0,0.0,0.0,0.0,0.0,2015-11-01,0.0,0.0,0.0
2015,11,U.N. AUTONOMA DE ALTO AMAZONAS,43.71,0.0,0.0,45353.18,45396.89,0.0,0.0,0.0,0.0,0.0,0.0,0.0,0.0,2015-11-01,0.0,0.0,0.0
2015,11,U.N. AUTONOMA DE CHOTA,38908.35,0.0,0.0,0.0,38908.35,0.0,0.0,0.0,0.0,0.0,0.0,0.0,0.0,2015-11-01,0.0,0.0,0.0
2015,11,U.N. AUTÓNOMA DE HUANTA,4256.17,0.0,0.0,0.0,4256.17,0.0,0.0,0.0,0.0,0.0,0.0,0.0,0.0,2015-11-01,0.0,0.0,0.0
2015,11,U.N. DANIEL ALCIDES CARRION,72444.56,0.0,0.0,0.0,72444.56,0.0,0.0,0.0,0.0,0.0,0.0,0.0,0.0,2015-11-01,0.0,0.0,0.0
2015,11,U.N. DE BARRANCA,79324.86,0.0,0.0,0.0,79324.86,0.0,0.0,0.0,0.0,0.0,0.0,0.0,0.0,2015-11-01,0.0,0.0,0.0
2015,11,U.N. DE CAJAMARCA,48005.58,0.0,0.0,0.0,48005.58,0.0,0.0,0.0,0.0,0.0,0.0,0.0,0.0,2015-11-01,0.0,0.0,0.0
2015,11,U.N. DE CAÑETE,77947.89,0.0,0.0,0.0,77947.89,0.0,0.0,0.0,0.0,0.0,0.0,0.0,0.0,2015-11-01,0.0,0.0,0.0
2015,11,U.N. DE EDUCACION ENRIQUE GUZMAN Y VALLE,3346.84,0.0,0.0,0.0,3346.84,0.0,0.0,0.0,0.0,0.0,0.0,0.0,0.0,2015-11-01,0.0,0.0,0.0
2015,11,U.N. DE FRONTERA,2650.21,0.0,0.0,908249.85,910900.06,0.0,0.0,0.0,0.0,0.0,0.0,0.0,0.0,2015-11-01,0.0,0.0,0.0
2015,11,U.N. DE HUANCAVELICA,168172.03999999998,0.0,0.0,0.0,168172.03999999998,0.0,0.0,0.0,0.0,0.0,0.0,0.0,0.0,2015-11-01,0.0,0.0,0.0
2015,11,U.N. DE INGENIERIA,3247.68,0.0,0.0,0.0,3247.68,0.0,0.0,0.0,0.0,0.0,0.0,0.0,0.0,2015-11-01,0.0,0.0,0.0
2015,11,U.N. DE JAEN,56104.59,0.0,0.0,0.0,56104.59,0.0,0.0,0.0,0.0,0.0,0.0,0.0,0.0,2015-11-01,0.0,0.0,0.0
2015,11,U.N. DE JULIACA,27011.23,0.0,0.0,0.0,27011.23,0.0,0.0,0.0,0.0,0.0,0.0,0.0,0.0,2015-11-01,0.0,0.0,0.0
2015,11,U.N. DE LA AMAZONIA PERUANA,45.52,0.0,0.0,360835.56,360881.08,0.0,0.0,0.0,0.0,0.0,0.0,0.0,0.0,2015-11-01,0.0,0.0,0.0
2015,11,U.N. DE MOQUEGUA,60988.29,0.0,0.0,0.0,60988.29,0.0,0.0,0.0,0.0,0.0,0.0,0.0,0.0,2015-11-01,0.0,0.0,0.0
2015,11,U.N. DE PIURA,2650.21,0.0,0.0,830315.3300000001,832965.54,0.0,0.0,0.0,0.0,0.0,0.0,0.0,0.0,2015-11-01,0.0,0.0,0.0
2015,11,U.N. DE SAN AGUSTIN,171888.63,0.0,0.0,0.0,171888.63,0.0,0.0,0.0,0.0,0.0,0.0,0.0,0.0,2015-11-01,0.0,0.0,0.0
2015,11,U.N. DE SAN ANTONIO ABAD DEL CUSCO,3558595.5,0.0,0.0,0.0,3558595.5,0.0,0.0,0.0,0.0,0.0,0.0,0.0,0.0,2015-11-01,0.0,0.0,0.0
2015,11,U.N. DE SAN MARTIN,2692.34,0.0,0.0,0.0,2692.34,0.0,0.0,0.0,0.0,0.0,0.0,0.0,0.0,2015-11-01,0.0,0.0,0.0
2015,11,U.N. DE TRUJILLO,60016.07,0.0,0.0,0.0,60016.07,0.0,0.0,0.0,0.0,0.0,0.0,0.0,0.0,2015-11-01,0.0,0.0,0.0
2015,11,U.N. DE TUMBES,21.21,0.0,0.0,520744.35,520765.56000000006,0.0,0.0,0.0,0.0,0.0,0.0,0.0,0.0,2015-11-01,0.0,0.0,0.0
2015,11,U.N. DE UCAYALI,16.05,0.0,0.0,146158.66,146174.71,0.0,0.0,0.0,0.0,0.0,0.0,0.0,0.0,2015-11-01,0.0,0.0,0.0
2015,11,U.N. DEL ALTIPLANO,19940.95,0.0,0.0,0.0,19940.95,0.0,0.0,0.0,0.0,0.0,0.0,0.0,0.0,2015-11-01,0.0,0.0,0.0
2015,11,U.N. DEL CALLAO,37782.810000000005,0.0,0.0,0.0,37782.810000000005,0.0,0.0,0.0,0.0,0.0,0.0,0.0,0.0,2015-11-01,0.0,0.0,0.0
2015,11,U.N. DEL CENTRO DEL PERU,31150.93,0.0,0.0,0.0,31150.93,0.0,0.0,0.0,0.0,0.0,0.0,0.0,0.0,2015-11-01,0.0,0.0,0.0
2015,11,U.N. DEL SANTA,203884.79,0.0,0.0,0.0,203884.79,0.0,0.0,0.0,0.0,0.0,0.0,0.0,0.0,2015-11-01,0.0,0.0,0.0
2015,11,U.N. FEDERICO VILLARREAL,3341.36,0.0,0.0,0.0,3341.36,0.0,0.0,0.0,0.0,0.0,0.0,0.0,0.0,2015-11-01,0.0,0.0,0.0
2015,11,U.N. HERMILIO VALDIZAN,38.71,0.0,0.0,0.0,38.71,0.0,0.0,0.0,0.0,0.0,0.0,0.0,0.0,2015-11-01,0.0,0.0,0.0
2015,11,U.N. INTERCULTURAL DE LA AMAZONIA,32.68,0.0,0.0,149047.88,149080.56,0.0,0.0,0.0,0.0,0.0,0.0,0.0,0.0,2015-11-01,0.0,0.0,0.0
2015,11,U.N. INTERCULTURAL DE LA SELVA CENTRAL JUAN SANTOS ATAHUALPA,30009.45,0.0,0.0,0.0,30009.45,0.0,0.0,0.0,0.0,0.0,0.0,0.0,0.0,2015-11-01,0.0,0.0,0.0
2015,11,U.N. INTERCULTURAL DE QUILLABAMBA,3625476.76,0.0,0.0,0.0,3625476.76,0.0,0.0,0.0,0.0,0.0,0.0,0.0,0.0,2015-11-01,0.0,0.0,0.0
2015,11,U.N. INTERCULTURAL FABIOLA SALAZAR LEGUIA DE BAGUA,1.62,0.0,0.0,0.0,1.62,0.0,0.0,0.0,0.0,0.0,0.0,0.0,0.0,2015-11-01,0.0,0.0,0.0
2015,11,U.N. JORGE BASADRE GROHMANN,95017.96,0.0,0.0,0.0,95017.96,0.0,0.0,0.0,0.0,0.0,0.0,0.0,0.0,2015-11-01,0.0,0.0,0.0
2015,11,U.N. JOSE FAUSTINO SANCHEZ CARRION,81258.83,0.0,0.0,0.0,81258.83,0.0,0.0,0.0,0.0,0.0,0.0,0.0,0.0,2015-11-01,0.0,0.0,0.0
2015,11,U.N. JOSE MARIA ARGUEDAS,247.63,0.0,0.0,0.0,247.63,0.0,0.0,0.0,0.0,0.0,0.0,0.0,0.0,2015-11-01,0.0,0.0,0.0
2015,11,U.N. MAYOR DE SAN MARCOS,3001.03,0.0,0.0,0.0,3001.03,0.0,0.0,0.0,0.0,0.0,0.0,0.0,0.0,2015-11-01,0.0,0.0,0.0
2015,11,U.N. MICAELA BASTIDAS DE APURIMAC,768.33,0.0,0.0,0.0,768.33,0.0,0.0,0.0,0.0,0.0,0.0,0.0,0.0,2015-11-01,0.0,0.0,0.0
2015,11,U.N. PEDRO RUIZ GALLO,51.45,0.0,0.0,0.0,51.45,0.0,0.0,0.0,0.0,0.0,0.0,0.0,0.0,2015-11-01,0.0,0.0,0.0
2015,11,U.N. SAN CRISTOBAL DE HUAMANGA,4488.98,0.0,0.0,0.0,4488.98,0.0,0.0,0.0,0.0,0.0,0.0,0.0,0.0,2015-11-01,0.0,0.0,0.0
2015,11,U.N. SAN LUIS GONZAGA DE ICA,46841.01,0.0,0.0,0.0,46841.01,0.0,0.0,0.0,0.0,0.0,0.0,0.0,0.0,2015-11-01,0.0,0.0,0.0
2015,11,U.N. SANTIAGO ANTUNEZ DE MAYOLO,189264.76,0.0,0.0,0.0,189264.76,0.0,0.0,0.0,0.0,0.0,0.0,0.0,0.0,2015-11-01,0.0,0.0,0.0
2015,11,U.N. TECNOLOGICA DEL CONO SUR DE LIMA,3346.84,0.0,0.0,0.0,3346.84,0.0,0.0,0.0,0.0,0.0,0.0,0.0,0.0,2015-11-01,0.0,0.0,0.0
2015,11,U.N. TORIBIO RODRIGUEZ DE MENDOZA DE AMAZONAS,1.1,0.0,0.0,0.0,1.1,0.0,0.0,0.0,0.0,0.0,0.0,0.0,0.0,2015-11-01,0.0,0.0,0.0
2015,12, ,130647527.45,465567011.14,0.0,34912069.23,631126607.82,461525241.37,73300194.58,534825435.95,1559402602.03,285163931.08,0.1828674203241543,0.404723326098348,0.1828674203241543,2015-12-01,20.09745096554263,0.033440493416010915,0.07401071058861637
2015,12,GOBIERNO REGIONAL DE LA PROVINCIA CONSTITUCIONAL DEL CALLAO,147309.3,0.0,0.0,0.0,147309.3,0.0,0.0,0.0,0.0,0.0,0.0,0.0,0.0,2015-12-01,0.0,0.0,0.0
2015,12,GOBIERNO REGIONAL DEL DEPARTAMENTO DE AMAZONAS,253.51,0.0,0.0,0.0,253.51,0.0,0.0,0.0,0.0,0.0,0.0,0.0,0.0,2015-12-01,0.0,0.0,0.0
2015,12,GOBIERNO REGIONAL DEL DEPARTAMENTO DE ANCASH,828021.1799999999,0.0,0.0,0.0,828021.1799999999,0.0,0.0,0.0,0.0,0.0,0.0,0.0,0.0,2015-12-01,0.0,0.0,0.0
2015,12,GOBIERNO REGIONAL DEL DEPARTAMENTO DE APURIMAC,19.96,0.0,0.0,0.0,19.96,0.0,0.0,0.0,0.0,0.0,0.0,0.0,0.0,2015-12-01,0.0,0.0,0.0
2015,12,GOBIERNO REGIONAL DEL DEPARTAMENTO DE AREQUIPA,18227928.37,0.0,0.0,0.0,18227928.37,0.0,0.0,0.0,0.0,0.0,0.0,0.0,0.0,2015-12-01,0.0,0.0,0.0
2015,12,GOBIERNO REGIONAL DEL DEPARTAMENTO DE AYACUCHO,1160.6,0.0,0.0,0.0,1160.6,0.0,0.0,0.0,0.0,0.0,0.0,0.0,0.0,2015-12-01,0.0,0.0,0.0
2015,12,GOBIERNO REGIONAL DEL DEPARTAMENTO DE CAJAMARCA,254513.35,0.0,0.0,0.0,254513.35,0.0,0.0,0.0,0.0,0.0,0.0,0.0,0.0,2015-12-01,0.0,0.0,0.0
2015,12,GOBIERNO REGIONAL DEL DEPARTAMENTO DE CUSCO,51266363.53,0.0,0.0,0.0,51266363.53,0.0,0.0,0.0,0.0,0.0,0.0,0.0,0.0,2015-12-01,0.0,0.0,0.0
2015,12,GOBIERNO REGIONAL DEL DEPARTAMENTO DE HUANCAVELICA,1297290.0299999998,0.0,0.0,0.0,1297290.0299999998,0.0,0.0,0.0,0.0,0.0,0.0,0.0,0.0,2015-12-01,0.0,0.0,0.0
2015,12,GOBIERNO REGIONAL DEL DEPARTAMENTO DE HUANUCO,188.74,0.0,0.0,0.0,188.74,0.0,0.0,0.0,0.0,0.0,0.0,0.0,0.0,2015-12-01,0.0,0.0,0.0
2015,12,GOBIERNO REGIONAL DEL DEPARTAMENTO DE ICA,212118.09,0.0,0.0,0.0,212118.09,0.0,0.0,0.0,0.0,0.0,0.0,0.0,0.0,2015-12-01,0.0,0.0,0.0
2015,12,GOBIERNO REGIONAL DEL DEPARTAMENTO DE JUNIN,222824.3,0.0,0.0,0.0,222824.3,0.0,0.0,0.0,0.0,0.0,0.0,0.0,0.0,2015-12-01,0.0,0.0,0.0
2015,12,GOBIERNO REGIONAL DEL DEPARTAMENTO DE LA LIBERTAD,106068.37,0.0,0.0,0.0,106068.37,0.0,0.0,0.0,0.0,0.0,0.0,0.0,0.0,2015-12-01,0.0,0.0,0.0
2015,12,GOBIERNO REGIONAL DEL DEPARTAMENTO DE LAMBAYEQUE,89.84,0.0,0.0,0.0,89.84,0.0,0.0,0.0,0.0,0.0,0.0,0.0,0.0,2015-12-01,0.0,0.0,0.0
2015,12,GOBIERNO REGIONAL DEL DEPARTAMENTO DE LIMA,811316.05,0.0,0.0,0.0,811316.05,0.0,0.0,0.0,0.0,0.0,0.0,0.0,0.0,2015-12-01,0.0,0.0,0.0
2015,12,GOBIERNO REGIONAL DEL DEPARTAMENTO DE LORETO,1841161.87,0.0,0.0,4527804.21,6368966.08,0.0,0.0,0.0,0.0,0.0,0.0,0.0,0.0,2015-12-01,0.0,0.0,0.0
2015,12,GOBIERNO REGIONAL DEL DEPARTAMENTO DE MADRE DE DIOS,415.37,0.0,0.0,0.0,415.37,0.0,0.0,0.0,0.0,0.0,0.0,0.0,0.0,2015-12-01,0.0,0.0,0.0
2015,12,GOBIERNO REGIONAL DEL DEPARTAMENTO DE MOQUEGUA,5026777.51,0.0,0.0,0.0,5026777.51,0.0,0.0,0.0,0.0,0.0,0.0,0.0,0.0,2015-12-01,0.0,0.0,0.0
2015,12,GOBIERNO REGIONAL DEL DEPARTAMENTO DE PASCO,229259.23,0.0,0.0,0.0,229259.23,0.0,0.0,0.0,0.0,0.0,0.0,0.0,0.0,2015-12-01,0.0,0.0,0.0
2015,12,GOBIERNO REGIONAL DEL DEPARTAMENTO DE PIURA,11052.32,0.0,0.0,33791917.95,33802970.27,0.0,0.0,0.0,0.0,0.0,0.0,0.0,0.0,2015-12-01,0.0,0.0,0.0
2015,12,GOBIERNO REGIONAL DEL DEPARTAMENTO DE PUNO,131212.41,0.0,0.0,0.0,131212.41,0.0,0.0,0.0,0.0,0.0,0.0,0.0,0.0,2015-12-01,0.0,0.0,0.0
2015,12,GOBIERNO REGIONAL DEL DEPARTAMENTO DE SAN MARTIN,11135.52,0.0,0.0,0.0,11135.52,0.0,0.0,0.0,0.0,0.0,0.0,0.0,0.0,2015-12-01,0.0,0.0,0.0
2015,12,GOBIERNO REGIONAL DEL DEPARTAMENTO DE TACNA,25974.87,0.0,0.0,0.0,25974.87,0.0,0.0,0.0,0.0,0.0,0.0,0.0,0.0,2015-12-01,0.0,0.0,0.0
2015,12,GOBIERNO REGIONAL DEL DEPARTAMENTO DE TUMBES,65.72,0.0,0.0,3215729.69,3215795.41,0.0,0.0,0.0,0.0,0.0,0.0,0.0,0.0,2015-12-01,0.0,0.0,0.0
2015,12,GOBIERNO REGIONAL DEL DEPARTAMENTO DE UCAYALI,605.73,0.0,0.0,1541011.63,1541617.36,0.0,0.0,0.0,0.0,0.0,0.0,0.0,0.0,2015-12-01,0.0,0.0,0.0
2015,12,INSTITUTO DE INVESTIGACIONES DE LA AMAZONIA PERUANA,0.0,0.0,0.0,328722.57,328722.57,0.0,0.0,0.0,0.0,0.0,0.0,0.0,0.0,2015-12-01,0.0,0.0,0.0
2015,12,MUNICIPALIDAD METROPOLITANA DE LIMA,105746.74,0.0,0.0,0.0,105746.74,0.0,0.0,0.0,0.0,0.0,0.0,0.0,0.0,2015-12-01,0.0,0.0,0.0
2015,12,U. N. AUTÓNOMA ALTOANDINA DE TARMA,31221.75,0.0,0.0,0.0,31221.75,0.0,0.0,0.0,0.0,0.0,0.0,0.0,0.0,2015-12-01,0.0,0.0,0.0
2015,12,U.N. AGRARIA DE LA SELVA,251.6,0.0,0.0,0.0,251.6,0.0,0.0,0.0,0.0,0.0,0.0,0.0,0.0,2015-12-01,0.0,0.0,0.0
2015,12,U.N. AGRARIA LA MOLINA,3174.85,0.0,0.0,0.0,3174.85,0.0,0.0,0.0,0.0,0.0,0.0,0.0,0.0,2015-12-01,0.0,0.0,0.0
2015,12,U.N. AMAZONICA DE MADRE DE DIOS,340.16,0.0,0.0,0.0,340.16,0.0,0.0,0.0,0.0,0.0,0.0,0.0,0.0,2015-12-01,0.0,0.0,0.0
2015,12,U.N. AUTONOMA DE ALTO AMAZONAS,45.6,0.0,0.0,45547.47,45593.07,0.0,0.0,0.0,0.0,0.0,0.0,0.0,0.0,2015-12-01,0.0,0.0,0.0
2015,12,U.N. AUTONOMA DE CHOTA,39824.53999999999,0.0,0.0,0.0,39824.53999999999,0.0,0.0,0.0,0.0,0.0,0.0,0.0,0.0,2015-12-01,0.0,0.0,0.0
2015,12,U.N. AUTÓNOMA DE HUANTA,4441.410000000001,0.0,0.0,0.0,4441.410000000001,0.0,0.0,0.0,0.0,0.0,0.0,0.0,0.0,2015-12-01,0.0,0.0,0.0
2015,12,U.N. DANIEL ALCIDES CARRION,73028.58,0.0,0.0,0.0,73028.58,0.0,0.0,0.0,0.0,0.0,0.0,0.0,0.0,2015-12-01,0.0,0.0,0.0
2015,12,U.N. DE BARRANCA,79519.18000000001,0.0,0.0,0.0,79519.18000000001,0.0,0.0,0.0,0.0,0.0,0.0,0.0,0.0,2015-12-01,0.0,0.0,0.0
2015,12,U.N. DE CAJAMARCA,49243.55,0.0,0.0,0.0,49243.55,0.0,0.0,0.0,0.0,0.0,0.0,0.0,0.0,2015-12-01,0.0,0.0,0.0
2015,12,U.N. DE CAÑETE,78324.42,0.0,0.0,0.0,78324.42,0.0,0.0,0.0,0.0,0.0,0.0,0.0,0.0,2015-12-01,0.0,0.0,0.0
2015,12,U.N. DE EDUCACION ENRIQUE GUZMAN Y VALLE,3369.36,0.0,0.0,0.0,3369.36,0.0,0.0,0.0,0.0,0.0,0.0,0.0,0.0,2015-12-01,0.0,0.0,0.0
2015,12,U.N. DE FRONTERA,2711.63,0.0,0.0,845995.62,848707.25,0.0,0.0,0.0,0.0,0.0,0.0,0.0,0.0,2015-12-01,0.0,0.0,0.0
2015,12,U.N. DE HUANCAVELICA,168388.72,0.0,0.0,0.0,168388.72,0.0,0.0,0.0,0.0,0.0,0.0,0.0,0.0,2015-12-01,0.0,0.0,0.0
2015,12,U.N. DE INGENIERIA,3265.9,0.0,0.0,0.0,3265.9,0.0,0.0,0.0,0.0,0.0,0.0,0.0,0.0,2015-12-01,0.0,0.0,0.0
2015,12,U.N. DE JAEN,57850.23,0.0,0.0,0.0,57850.23,0.0,0.0,0.0,0.0,0.0,0.0,0.0,0.0,2015-12-01,0.0,0.0,0.0
2015,12,U.N. DE JULIACA,27564.72,0.0,0.0,0.0,27564.72,0.0,0.0,0.0,0.0,0.0,0.0,0.0,0.0,2015-12-01,0.0,0.0,0.0
2015,12,U.N. DE LA AMAZONIA PERUANA,47.49,0.0,0.0,324071.71,324119.2,0.0,0.0,0.0,0.0,0.0,0.0,0.0,0.0,2015-12-01,0.0,0.0,0.0
2015,12,U.N. DE MOQUEGUA,60937.84,0.0,0.0,0.0,60937.84,0.0,0.0,0.0,0.0,0.0,0.0,0.0,0.0,2015-12-01,0.0,0.0,0.0
2015,12,U.N. DE PIURA,2711.63,0.0,0.0,762152.01,764863.64,0.0,0.0,0.0,0.0,0.0,0.0,0.0,0.0,2015-12-01,0.0,0.0,0.0
2015,12,U.N. DE SAN AGUSTIN,177959.3,0.0,0.0,0.0,177959.3,0.0,0.0,0.0,0.0,0.0,0.0,0.0,0.0,2015-12-01,0.0,0.0,0.0
2015,12,U.N. DE SAN ANTONIO ABAD DEL CUSCO,3464964.44,0.0,0.0,0.0,3464964.44,0.0,0.0,0.0,0.0,0.0,0.0,0.0,0.0,2015-12-01,0.0,0.0,0.0
2015,12,U.N. DE SAN MARTIN,2701.02,0.0,0.0,0.0,2701.02,0.0,0.0,0.0,0.0,0.0,0.0,0.0,0.0,2015-12-01,0.0,0.0,0.0
2015,12,U.N. DE TRUJILLO,61860.51,0.0,0.0,0.0,61860.51,0.0,0.0,0.0,0.0,0.0,0.0,0.0,0.0,2015-12-01,0.0,0.0,0.0
2015,12,U.N. DE TUMBES,22.12,0.0,0.0,475202.12,475224.24,0.0,0.0,0.0,0.0,0.0,0.0,0.0,0.0,2015-12-01,0.0,0.0,0.0
2015,12,U.N. DE UCAYALI,16.73,0.0,0.0,129882.19,129898.92,0.0,0.0,0.0,0.0,0.0,0.0,0.0,0.0,2015-12-01,0.0,0.0,0.0
2015,12,U.N. DEL ALTIPLANO,20245.21,0.0,0.0,0.0,20245.21,0.0,0.0,0.0,0.0,0.0,0.0,0.0,0.0,2015-12-01,0.0,0.0,0.0
2015,12,U.N. DEL CALLAO,37922.4,0.0,0.0,0.0,37922.4,0.0,0.0,0.0,0.0,0.0,0.0,0.0,0.0,2015-12-01,0.0,0.0,0.0
2015,12,U.N. DEL CENTRO DEL PERU,31490.39,0.0,0.0,0.0,31490.39,0.0,0.0,0.0,0.0,0.0,0.0,0.0,0.0,2015-12-01,0.0,0.0,0.0
2015,12,U.N. DEL SANTA,208764.24,0.0,0.0,0.0,208764.24,0.0,0.0,0.0,0.0,0.0,0.0,0.0,0.0,2015-12-01,0.0,0.0,0.0
2015,12,U.N. FEDERICO VILLARREAL,3361.95,0.0,0.0,0.0,3361.95,0.0,0.0,0.0,0.0,0.0,0.0,0.0,0.0,2015-12-01,0.0,0.0,0.0
2015,12,U.N. HERMILIO VALDIZAN,40.73,0.0,0.0,0.0,40.73,0.0,0.0,0.0,0.0,0.0,0.0,0.0,0.0,2015-12-01,0.0,0.0,0.0
2015,12,U.N. INTERCULTURAL DE LA AMAZONIA,34.11,0.0,0.0,132714.83,132748.93999999997,0.0,0.0,0.0,0.0,0.0,0.0,0.0,0.0,2015-12-01,0.0,0.0,0.0
2015,12,U.N. INTERCULTURAL DE LA SELVA CENTRAL JUAN SANTOS ATAHUALPA,30224.45,0.0,0.0,0.0,30224.45,0.0,0.0,0.0,0.0,0.0,0.0,0.0,0.0,2015-12-01,0.0,0.0,0.0
2015,12,U.N. INTERCULTURAL DE QUILLABAMBA,3536209.61,0.0,0.0,0.0,3536209.61,0.0,0.0,0.0,0.0,0.0,0.0,0.0,0.0,2015-12-01,0.0,0.0,0.0
2015,12,U.N. INTERCULTURAL FABIOLA SALAZAR LEGUIA DE BAGUA,1.69,0.0,0.0,0.0,1.69,0.0,0.0,0.0,0.0,0.0,0.0,0.0,0.0,2015-12-01,0.0,0.0,0.0
2015,12,U.N. JORGE BASADRE GROHMANN,99242.13,0.0,0.0,0.0,99242.13,0.0,0.0,0.0,0.0,0.0,0.0,0.0,0.0,2015-12-01,0.0,0.0,0.0
2015,12,U.N. JOSE FAUSTINO SANCHEZ CARRION,81964.79,0.0,0.0,0.0,81964.79,0.0,0.0,0.0,0.0,0.0,0.0,0.0,0.0,2015-12-01,0.0,0.0,0.0
2015,12,U.N. JOSE MARIA ARGUEDAS,253.82,0.0,0.0,0.0,253.82,0.0,0.0,0.0,0.0,0.0,0.0,0.0,0.0,2015-12-01,0.0,0.0,0.0
2015,12,U.N. MAYOR DE SAN MARCOS,3008.37,0.0,0.0,0.0,3008.37,0.0,0.0,0.0,0.0,0.0,0.0,0.0,0.0,2015-12-01,0.0,0.0,0.0
2015,12,U.N. MICAELA BASTIDAS DE APURIMAC,802.3100000000001,0.0,0.0,0.0,802.3100000000001,0.0,0.0,0.0,0.0,0.0,0.0,0.0,0.0,2015-12-01,0.0,0.0,0.0
2015,12,U.N. PEDRO RUIZ GALLO,53.68,0.0,0.0,0.0,53.68,0.0,0.0,0.0,0.0,0.0,0.0,0.0,0.0,2015-12-01,0.0,0.0,0.0
2015,12,U.N. SAN CRISTOBAL DE HUAMANGA,4690.08,0.0,0.0,0.0,4690.08,0.0,0.0,0.0,0.0,0.0,0.0,0.0,0.0,2015-12-01,0.0,0.0,0.0
2015,12,U.N. SAN LUIS GONZAGA DE ICA,46098.0,0.0,0.0,0.0,46098.0,0.0,0.0,0.0,0.0,0.0,0.0,0.0,0.0,2015-12-01,0.0,0.0,0.0
2015,12,U.N. SANTIAGO ANTUNEZ DE MAYOLO,193861.44,0.0,0.0,0.0,193861.44,0.0,0.0,0.0,0.0,0.0,0.0,0.0,0.0,2015-12-01,0.0,0.0,0.0
2015,12,U.N. TECNOLOGICA DEL CONO SUR DE LIMA,3369.36,0.0,0.0,0.0,3369.36,0.0,0.0,0.0,0.0,0.0,0.0,0.0,0.0,2015-12-01,0.0,0.0,0.0
2015,12,U.N. TORIBIO RODRIGUEZ DE MENDOZA DE AMAZONAS,1.12,0.0,0.0,0.0,1.12,0.0,0.0,0.0,0.0,0.0,0.0,0.0,0.0,2015-12-01,0.0,0.0,0.0
2016,1, ,111056292.05,497013129.5,0.0,32917841.62,640987263.17,14975330.55,6305242.84,21280573.39,3813998823.53,373151998.62,0.0978374708240297,0.1680617359437835,0.0978374708240297,2016-01-01,16.873305214084716,0.009572170697242864,0.016442735187035703
2016,1,GOBIERNO REGIONAL DE LA PROVINCIA CONSTITUCIONAL DEL CALLAO,150991.0,0.0,0.0,0.0,150991.0,0.0,0.0,0.0,0.0,0.0,0.0,0.0,0.0,2016-01-01,0.0,0.0,0.0
2016,1,GOBIERNO REGIONAL DEL DEPARTAMENTO DE AMAZONAS,430.64,0.0,0.0,0.0,430.64,0.0,0.0,0.0,0.0,0.0,0.0,0.0,0.0,2016-01-01,0.0,0.0,0.0
2016,1,GOBIERNO REGIONAL DEL DEPARTAMENTO DE ANCASH,8548367.82,0.0,0.0,0.0,8548367.82,0.0,0.0,0.0,0.0,0.0,0.0,0.0,0.0,2016-01-01,0.0,0.0,0.0
2016,1,GOBIERNO REGIONAL DEL DEPARTAMENTO DE APURIMAC,34.14,0.0,0.0,0.0,34.14,0.0,0.0,0.0,0.0,0.0,0.0,0.0,0.0,2016-01-01,0.0,0.0,0.0
2016,1,GOBIERNO REGIONAL DEL DEPARTAMENTO DE AREQUIPA,188900.53,0.0,0.0,0.0,188900.53,0.0,0.0,0.0,0.0,0.0,0.0,0.0,0.0,2016-01-01,0.0,0.0,0.0
2016,1,GOBIERNO REGIONAL DEL DEPARTAMENTO DE AYACUCHO,1064.59,0.0,0.0,0.0,1064.59,0.0,0.0,0.0,0.0,0.0,0.0,0.0,0.0,2016-01-01,0.0,0.0,0.0
2016,1,GOBIERNO REGIONAL DEL DEPARTAMENTO DE CAJAMARCA,277179.85,0.0,0.0,0.0,277179.85,0.0,0.0,0.0,0.0,0.0,0.0,0.0,0.0,2016-01-01,0.0,0.0,0.0
2016,1,GOBIERNO REGIONAL DEL DEPARTAMENTO DE CUSCO,7788972.790000001,0.0,0.0,0.0,7788972.790000001,0.0,0.0,0.0,0.0,0.0,0.0,0.0,0.0,2016-01-01,0.0,0.0,0.0
2016,1,GOBIERNO REGIONAL DEL DEPARTAMENTO DE HUANCAVELICA,1299950.84,0.0,0.0,0.0,1299950.84,0.0,0.0,0.0,0.0,0.0,0.0,0.0,0.0,2016-01-01,0.0,0.0,0.0
2016,1,GOBIERNO REGIONAL DEL DEPARTAMENTO DE HUANUCO,278.21,0.0,0.0,0.0,278.21,0.0,0.0,0.0,0.0,0.0,0.0,0.0,0.0,2016-01-01,0.0,0.0,0.0
2016,1,GOBIERNO REGIONAL DEL DEPARTAMENTO DE ICA,241316.29,0.0,0.0,0.0,241316.29,0.0,0.0,0.0,0.0,0.0,0.0,0.0,0.0,2016-01-01,0.0,0.0,0.0
2016,1,GOBIERNO REGIONAL DEL DEPARTAMENTO DE JUNIN,300460.05,0.0,0.0,0.0,300460.05,0.0,0.0,0.0,0.0,0.0,0.0,0.0,0.0,2016-01-01,0.0,0.0,0.0
2016,1,GOBIERNO REGIONAL DEL DEPARTAMENTO DE LA LIBERTAD,5906162.030000001,0.0,0.0,0.0,5906162.030000001,0.0,0.0,0.0,0.0,0.0,0.0,0.0,0.0,2016-01-01,0.0,0.0,0.0
2016,1,GOBIERNO REGIONAL DEL DEPARTAMENTO DE LAMBAYEQUE,152.6,0.0,0.0,0.0,152.6,0.0,0.0,0.0,0.0,0.0,0.0,0.0,0.0,2016-01-01,0.0,0.0,0.0
2016,1,GOBIERNO REGIONAL DEL DEPARTAMENTO DE LIMA,449730.42,0.0,0.0,0.0,449730.42,0.0,0.0,0.0,0.0,0.0,0.0,0.0,0.0,2016-01-01,0.0,0.0,0.0
2016,1,GOBIERNO REGIONAL DEL DEPARTAMENTO DE LORETO,1841973.93,0.0,0.0,3180148.12,5022122.05,0.0,0.0,0.0,0.0,0.0,0.0,0.0,0.0,2016-01-01,0.0,0.0,0.0
2016,1,GOBIERNO REGIONAL DEL DEPARTAMENTO DE MADRE DE DIOS,803.9100000000001,0.0,0.0,0.0,803.9100000000001,0.0,0.0,0.0,0.0,0.0,0.0,0.0,0.0,2016-01-01,0.0,0.0,0.0
2016,1,GOBIERNO REGIONAL DEL DEPARTAMENTO DE MOQUEGUA,67371.74,0.0,0.0,0.0,67371.74,0.0,0.0,0.0,0.0,0.0,0.0,0.0,0.0,2016-01-01,0.0,0.0,0.0
2016,1,GOBIERNO REGIONAL DEL DEPARTAMENTO DE PASCO,240657.22,0.0,0.0,0.0,240657.22,0.0,0.0,0.0,0.0,0.0,0.0,0.0,0.0,2016-01-01,0.0,0.0,0.0
2016,1,GOBIERNO REGIONAL DEL DEPARTAMENTO DE PIURA,11365.28,0.0,0.0,8649549.739999998,8660915.019999998,0.0,0.0,0.0,0.0,0.0,0.0,0.0,0.0,2016-01-01,0.0,0.0,0.0
2016,1,GOBIERNO REGIONAL DEL DEPARTAMENTO DE PUNO,136987.88999999998,0.0,0.0,0.0,136987.88999999998,0.0,0.0,0.0,0.0,0.0,0.0,0.0,0.0,2016-01-01,0.0,0.0,0.0
2016,1,GOBIERNO REGIONAL DEL DEPARTAMENTO DE SAN MARTIN,11788.44,0.0,0.0,0.0,11788.44,0.0,0.0,0.0,0.0,0.0,0.0,0.0,0.0,2016-01-01,0.0,0.0,0.0
2016,1,GOBIERNO REGIONAL DEL DEPARTAMENTO DE TACNA,1031465.34,0.0,0.0,0.0,1031465.34,0.0,0.0,0.0,0.0,0.0,0.0,0.0,0.0,2016-01-01,0.0,0.0,0.0
2016,1,GOBIERNO REGIONAL DEL DEPARTAMENTO DE TUMBES,111.56,0.0,0.0,2499897.28,2500008.84,0.0,0.0,0.0,0.0,0.0,0.0,0.0,0.0,2016-01-01,0.0,0.0,0.0
2016,1,GOBIERNO REGIONAL DEL DEPARTAMENTO DE UCAYALI,1029.13,0.0,0.0,995399.57,996428.7,0.0,0.0,0.0,0.0,0.0,0.0,0.0,0.0,2016-01-01,0.0,0.0,0.0
2016,1,INSTITUTO DE INVESTIGACIONES DE LA AMAZONIA PERUANA,0.0,0.0,0.0,302829.08,302829.08,0.0,0.0,0.0,0.0,0.0,0.0,0.0,0.0,2016-01-01,0.0,0.0,0.0
2016,1,MUNICIPALIDAD METROPOLITANA DE LIMA,113445.84,0.0,0.0,0.0,113445.84,0.0,0.0,0.0,0.0,0.0,0.0,0.0,0.0,2016-01-01,0.0,0.0,0.0
2016,1,U. N. AUTÓNOMA ALTOANDINA DE TARMA,36191.42,0.0,0.0,0.0,36191.42,0.0,0.0,0.0,0.0,0.0,0.0,0.0,0.0,2016-01-01,0.0,0.0,0.0
2016,1,U.N. AGRARIA DE LA SELVA,422.2,0.0,0.0,0.0,422.2,0.0,0.0,0.0,0.0,0.0,0.0,0.0,0.0,2016-01-01,0.0,0.0,0.0
2016,1,U.N. AGRARIA LA MOLINA,3342.4,0.0,0.0,0.0,3342.4,0.0,0.0,0.0,0.0,0.0,0.0,0.0,0.0,2016-01-01,0.0,0.0,0.0
2016,1,U.N. AMAZONICA DE MADRE DE DIOS,576.59,0.0,0.0,0.0,576.59,0.0,0.0,0.0,0.0,0.0,0.0,0.0,0.0,2016-01-01,0.0,0.0,0.0
2016,1,U.N. AUTONOMA DE ALTO AMAZONAS,77.46,0.0,0.0,47230.95,47308.41,0.0,0.0,0.0,0.0,0.0,0.0,0.0,0.0,2016-01-01,0.0,0.0,0.0
2016,1,U.N. AUTONOMA DE CHOTA,54489.69,0.0,0.0,0.0,54489.69,0.0,0.0,0.0,0.0,0.0,0.0,0.0,0.0,2016-01-01,0.0,0.0,0.0
2016,1,U.N. AUTÓNOMA DE HUANTA,7479.81,0.0,0.0,0.0,7479.81,0.0,0.0,0.0,0.0,0.0,0.0,0.0,0.0,2016-01-01,0.0,0.0,0.0
2016,1,U.N. DANIEL ALCIDES CARRION,87003.73000000001,0.0,0.0,0.0,87003.73000000001,0.0,0.0,0.0,0.0,0.0,0.0,0.0,0.0,2016-01-01,0.0,0.0,0.0
2016,1,U.N. DE BARRANCA,88326.72,0.0,0.0,0.0,88326.72,0.0,0.0,0.0,0.0,0.0,0.0,0.0,0.0,2016-01-01,0.0,0.0,0.0
2016,1,U.N. DE CAJAMARCA,70432.44,0.0,0.0,0.0,70432.44,0.0,0.0,0.0,0.0,0.0,0.0,0.0,0.0,2016-01-01,0.0,0.0,0.0
2016,1,U.N. DE CAÑETE,85419.53,0.0,0.0,0.0,85419.53,0.0,0.0,0.0,0.0,0.0,0.0,0.0,0.0,2016-01-01,0.0,0.0,0.0
2016,1,U.N. DE EDUCACION ENRIQUE GUZMAN Y VALLE,3655.52,0.0,0.0,0.0,3655.52,0.0,0.0,0.0,0.0,0.0,0.0,0.0,0.0,2016-01-01,0.0,0.0,0.0
2016,1,U.N. DE FRONTERA,3680.45,0.0,0.0,872509.85,876190.2999999999,0.0,0.0,0.0,0.0,0.0,0.0,0.0,0.0,2016-01-01,0.0,0.0,0.0
2016,1,U.N. DE HUANCAVELICA,173225.33,0.0,0.0,0.0,173225.33,0.0,0.0,0.0,0.0,0.0,0.0,0.0,0.0,2016-01-01,0.0,0.0,0.0
2016,1,U.N. DE INGENIERIA,3479.63,0.0,0.0,0.0,3479.63,0.0,0.0,0.0,0.0,0.0,0.0,0.0,0.0,2016-01-01,0.0,0.0,0.0
2016,1,U.N. DE JAEN,85159.13,0.0,0.0,0.0,85159.13,0.0,0.0,0.0,0.0,0.0,0.0,0.0,0.0,2016-01-01,0.0,0.0,0.0
2016,1,U.N. DE JULIACA,36164.52,0.0,0.0,0.0,36164.52,0.0,0.0,0.0,0.0,0.0,0.0,0.0,0.0,2016-01-01,0.0,0.0,0.0
2016,1,U.N. DE LA AMAZONIA PERUANA,80.74,0.0,0.0,285489.22000000003,285569.96,0.0,0.0,0.0,0.0,0.0,0.0,0.0,0.0,2016-01-01,0.0,0.0,0.0
2016,1,U.N. DE MOQUEGUA,94832.1,0.0,0.0,0.0,94832.1,0.0,0.0,0.0,0.0,0.0,0.0,0.0,0.0,2016-01-01,0.0,0.0,0.0
2016,1,U.N. DE PIURA,3680.45,0.0,0.0,726359.3999999999,730039.8499999999,0.0,0.0,0.0,0.0,0.0,0.0,0.0,0.0,2016-01-01,0.0,0.0,0.0
2016,1,U.N. DE SAN AGUSTIN,269828.25,0.0,0.0,0.0,269828.25,0.0,0.0,0.0,0.0,0.0,0.0,0.0,0.0,2016-01-01,0.0,0.0,0.0
2016,1,U.N. DE SAN ANTONIO ABAD DEL CUSCO,3581814.2,0.0,0.0,0.0,3581814.2,0.0,0.0,0.0,0.0,0.0,0.0,0.0,0.0,2016-01-01,0.0,0.0,0.0
2016,1,U.N. DE SAN MARTIN,2806.89,0.0,0.0,0.0,2806.89,0.0,0.0,0.0,0.0,0.0,0.0,0.0,0.0,2016-01-01,0.0,0.0,0.0
2016,1,U.N. DE TRUJILLO,98672.91,0.0,0.0,0.0,98672.91,0.0,0.0,0.0,0.0,0.0,0.0,0.0,0.0,2016-01-01,0.0,0.0,0.0
2016,1,U.N. DE TUMBES,37.72,0.0,0.0,494650.33,494688.05,0.0,0.0,0.0,0.0,0.0,0.0,0.0,0.0,2016-01-01,0.0,0.0,0.0
2016,1,U.N. DE UCAYALI,28.47,0.0,0.0,138131.4,138159.87,0.0,0.0,0.0,0.0,0.0,0.0,0.0,0.0,2016-01-01,0.0,0.0,0.0
2016,1,U.N. DEL ALTIPLANO,23495.6,0.0,0.0,0.0,23495.6,0.0,0.0,0.0,0.0,0.0,0.0,0.0,0.0,2016-01-01,0.0,0.0,0.0
2016,1,U.N. DEL CALLAO,39616.48,0.0,0.0,0.0,39616.48,0.0,0.0,0.0,0.0,0.0,0.0,0.0,0.0,2016-01-01,0.0,0.0,0.0
2016,1,U.N. DEL CENTRO DEL PERU,36650.68,0.0,0.0,0.0,36650.68,0.0,0.0,0.0,0.0,0.0,0.0,0.0,0.0,2016-01-01,0.0,0.0,0.0
2016,1,U.N. DEL SANTA,296623.38,0.0,0.0,0.0,296623.38,0.0,0.0,0.0,0.0,0.0,0.0,0.0,0.0,2016-01-01,0.0,0.0,0.0
2016,1,U.N. FEDERICO VILLARREAL,3623.13,0.0,0.0,0.0,3623.13,0.0,0.0,0.0,0.0,0.0,0.0,0.0,0.0,2016-01-01,0.0,0.0,0.0
2016,1,U.N. HERMILIO VALDIZAN,63.88,0.0,0.0,0.0,63.88,0.0,0.0,0.0,0.0,0.0,0.0,0.0,0.0,2016-01-01,0.0,0.0,0.0
2016,1,U.N. INTERCULTURAL DE LA AMAZONIA,57.97,0.0,0.0,143323.1,143381.07,0.0,0.0,0.0,0.0,0.0,0.0,0.0,0.0,2016-01-01,0.0,0.0,0.0
2016,1,U.N. INTERCULTURAL DE LA SELVA CENTRAL JUAN SANTOS ATAHUALPA,34568.73,0.0,0.0,0.0,34568.73,0.0,0.0,0.0,0.0,0.0,0.0,0.0,0.0,2016-01-01,0.0,0.0,0.0
2016,1,U.N. INTERCULTURAL DE QUILLABAMBA,3702831.52,0.0,0.0,0.0,3702831.52,0.0,0.0,0.0,0.0,0.0,0.0,0.0,0.0,2016-01-01,0.0,0.0,0.0
2016,1,U.N. INTERCULTURAL FABIOLA SALAZAR LEGUIA DE BAGUA,2.89,0.0,0.0,0.0,2.89,0.0,0.0,0.0,0.0,0.0,0.0,0.0,0.0,2016-01-01,0.0,0.0,0.0
2016,1,U.N. JORGE BASADRE GROHMANN,164472.28999999998,0.0,0.0,0.0,164472.28999999998,0.0,0.0,0.0,0.0,0.0,0.0,0.0,0.0,2016-01-01,0.0,0.0,0.0
2016,1,U.N. JOSE FAUSTINO SANCHEZ CARRION,91970.12,0.0,0.0,0.0,91970.12,0.0,0.0,0.0,0.0,0.0,0.0,0.0,0.0,2016-01-01,0.0,0.0,0.0
2016,1,U.N. JOSE MARIA ARGUEDAS,421.35,0.0,0.0,0.0,421.35,0.0,0.0,0.0,0.0,0.0,0.0,0.0,0.0,2016-01-01,0.0,0.0,0.0
2016,1,U.N. MAYOR DE SAN MARCOS,3042.29,0.0,0.0,0.0,3042.29,0.0,0.0,0.0,0.0,0.0,0.0,0.0,0.0,2016-01-01,0.0,0.0,0.0
2016,1,U.N. MICAELA BASTIDAS DE APURIMAC,1363.06,0.0,0.0,0.0,1363.06,0.0,0.0,0.0,0.0,0.0,0.0,0.0,0.0,2016-01-01,0.0,0.0,0.0
2016,1,U.N. PEDRO RUIZ GALLO,91.24,0.0,0.0,0.0,91.24,0.0,0.0,0.0,0.0,0.0,0.0,0.0,0.0,2016-01-01,0.0,0.0,0.0
2016,1,U.N. SAN CRISTOBAL DE HUAMANGA,7904.349999999999,0.0,0.0,0.0,7904.349999999999,0.0,0.0,0.0,0.0,0.0,0.0,0.0,0.0,2016-01-01,0.0,0.0,0.0
2016,1,U.N. SAN LUIS GONZAGA DE ICA,45976.98,0.0,0.0,0.0,45976.98,0.0,0.0,0.0,0.0,0.0,0.0,0.0,0.0,2016-01-01,0.0,0.0,0.0
2016,1,U.N. SANTIAGO ANTUNEZ DE MAYOLO,270779.45,0.0,0.0,0.0,270779.45,0.0,0.0,0.0,0.0,0.0,0.0,0.0,0.0,2016-01-01,0.0,0.0,0.0
2016,1,U.N. TECNOLOGICA DEL CONO SUR DE LIMA,3655.52,0.0,0.0,0.0,3655.52,0.0,0.0,0.0,0.0,0.0,0.0,0.0,0.0,2016-01-01,0.0,0.0,0.0
2016,1,U.N. TORIBIO RODRIGUEZ DE MENDOZA DE AMAZONAS,2.21,0.0,0.0,0.0,2.21,0.0,0.0,0.0,0.0,0.0,0.0,0.0,0.0,2016-01-01,0.0,0.0,0.0
2016,2, ,91590709.18,2865584.06,0.0,8248435.37,102704728.61,77878292.45,15320693.45,93198985.9,3088489976.48,699305233.11,0.226423021747025,0.0332540268520004,0.226423021747025,2016-02-01,18.350247409425066,0.051267384777053754,0.00752947724508664
2016,2,GOBIERNO REGIONAL DE LA PROVINCIA CONSTITUCIONAL DEL CALLAO,148377.63,0.0,0.0,0.0,148377.63,0.0,0.0,0.0,0.0,0.0,0.0,0.0,0.0,2016-02-01,0.0,0.0,0.0
2016,2,GOBIERNO REGIONAL DEL DEPARTAMENTO DE AMAZONAS,297.68,0.0,0.0,0.0,297.68,0.0,0.0,0.0,0.0,0.0,0.0,0.0,0.0,2016-02-01,0.0,0.0,0.0
2016,2,GOBIERNO REGIONAL DEL DEPARTAMENTO DE ANCASH,885575.9099999999,0.0,0.0,0.0,885575.9099999999,0.0,0.0,0.0,0.0,0.0,0.0,0.0,0.0,2016-02-01,0.0,0.0,0.0
2016,2,GOBIERNO REGIONAL DEL DEPARTAMENTO DE APURIMAC,24.26,0.0,0.0,0.0,24.26,0.0,0.0,0.0,0.0,0.0,0.0,0.0,0.0,2016-02-01,0.0,0.0,0.0
2016,2,GOBIERNO REGIONAL DEL DEPARTAMENTO DE AREQUIPA,199709.51,0.0,0.0,0.0,199709.51,0.0,0.0,0.0,0.0,0.0,0.0,0.0,0.0,2016-02-01,0.0,0.0,0.0
2016,2,GOBIERNO REGIONAL DEL DEPARTAMENTO DE AYACUCHO,1563.65,0.0,0.0,0.0,1563.65,0.0,0.0,0.0,0.0,0.0,0.0,0.0,0.0,2016-02-01,0.0,0.0,0.0
2016,2,GOBIERNO REGIONAL DEL DEPARTAMENTO DE CAJAMARCA,270485.04000000004,0.0,0.0,0.0,270485.04000000004,0.0,0.0,0.0,0.0,0.0,0.0,0.0,0.0,2016-02-01,0.0,0.0,0.0
2016,2,GOBIERNO REGIONAL DEL DEPARTAMENTO DE CUSCO,22424043.84,0.0,0.0,0.0,22424043.84,0.0,0.0,0.0,0.0,0.0,0.0,0.0,0.0,2016-02-01,0.0,0.0,0.0
2016,2,GOBIERNO REGIONAL DEL DEPARTAMENTO DE HUANCAVELICA,213529.46,0.0,0.0,0.0,213529.46,0.0,0.0,0.0,0.0,0.0,0.0,0.0,0.0,2016-02-01,0.0,0.0,0.0
2016,2,GOBIERNO REGIONAL DEL DEPARTAMENTO DE HUANUCO,284.04,0.0,0.0,0.0,284.04,0.0,0.0,0.0,0.0,0.0,0.0,0.0,0.0,2016-02-01,0.0,0.0,0.0
2016,2,GOBIERNO REGIONAL DEL DEPARTAMENTO DE ICA,222988.32,0.0,0.0,0.0,222988.32,0.0,0.0,0.0,0.0,0.0,0.0,0.0,0.0,2016-02-01,0.0,0.0,0.0
2016,2,GOBIERNO REGIONAL DEL DEPARTAMENTO DE JUNIN,295872.62,0.0,0.0,0.0,295872.62,0.0,0.0,0.0,0.0,0.0,0.0,0.0,0.0,2016-02-01,0.0,0.0,0.0
2016,2,GOBIERNO REGIONAL DEL DEPARTAMENTO DE LA LIBERTAD,135205.0,0.0,0.0,0.0,135205.0,0.0,0.0,0.0,0.0,0.0,0.0,0.0,0.0,2016-02-01,0.0,0.0,0.0
2016,2,GOBIERNO REGIONAL DEL DEPARTAMENTO DE LAMBAYEQUE,105.57,0.0,0.0,0.0,105.57,0.0,0.0,0.0,0.0,0.0,0.0,0.0,0.0,2016-02-01,0.0,0.0,0.0
2016,2,GOBIERNO REGIONAL DEL DEPARTAMENTO DE LIMA,223889.86,0.0,0.0,0.0,223889.86,0.0,0.0,0.0,0.0,0.0,0.0,0.0,0.0,2016-02-01,0.0,0.0,0.0
2016,2,GOBIERNO REGIONAL DEL DEPARTAMENTO DE LORETO,1901364.07,0.0,0.0,1768694.47,3670058.54,0.0,0.0,0.0,0.0,0.0,0.0,0.0,0.0,2016-02-01,0.0,0.0,0.0
2016,2,GOBIERNO REGIONAL DEL DEPARTAMENTO DE MADRE DE DIOS,468.76,0.0,0.0,0.0,468.76,0.0,0.0,0.0,0.0,0.0,0.0,0.0,0.0,2016-02-01,0.0,0.0,0.0
2016,2,GOBIERNO REGIONAL DEL DEPARTAMENTO DE MOQUEGUA,960444.66,0.0,0.0,0.0,960444.66,0.0,0.0,0.0,0.0,0.0,0.0,0.0,0.0,2016-02-01,0.0,0.0,0.0
2016,2,GOBIERNO REGIONAL DEL DEPARTAMENTO DE PASCO,234529.02,0.0,0.0,0.0,234529.02,0.0,0.0,0.0,0.0,0.0,0.0,0.0,0.0,2016-02-01,0.0,0.0,0.0
2016,2,GOBIERNO REGIONAL DEL DEPARTAMENTO DE PIURA,11154.14,0.0,0.0,1032446.59,1043600.73,0.0,0.0,0.0,0.0,0.0,0.0,0.0,0.0,2016-02-01,0.0,0.0,0.0
2016,2,GOBIERNO REGIONAL DEL DEPARTAMENTO DE PUNO,143728.59,0.0,0.0,0.0,143728.59,0.0,0.0,0.0,0.0,0.0,0.0,0.0,0.0,2016-02-01,0.0,0.0,0.0
2016,2,GOBIERNO REGIONAL DEL DEPARTAMENTO DE SAN MARTIN,11386.19,0.0,0.0,0.0,11386.19,0.0,0.0,0.0,0.0,0.0,0.0,0.0,0.0,2016-02-01,0.0,0.0,0.0
2016,2,GOBIERNO REGIONAL DEL DEPARTAMENTO DE TACNA,30327.48,0.0,0.0,0.0,30327.48,0.0,0.0,0.0,0.0,0.0,0.0,0.0,0.0,2016-02-01,0.0,0.0,0.0
2016,2,GOBIERNO REGIONAL DEL DEPARTAMENTO DE TUMBES,77.08,0.0,0.0,946759.26,946836.34,0.0,0.0,0.0,0.0,0.0,0.0,0.0,0.0,2016-02-01,0.0,0.0,0.0
2016,2,GOBIERNO REGIONAL DEL DEPARTAMENTO DE UCAYALI,711.19,0.0,0.0,600538.2999999999,601249.4899999999,0.0,0.0,0.0,0.0,0.0,0.0,0.0,0.0,2016-02-01,0.0,0.0,0.0
2016,2,INSTITUTO DE INVESTIGACIONES DE LA AMAZONIA PERUANA,0.0,0.0,0.0,256002.01,256002.01,0.0,0.0,0.0,0.0,0.0,0.0,0.0,0.0,2016-02-01,0.0,0.0,0.0
2016,2,MUNICIPALIDAD METROPOLITANA DE LIMA,109156.3,0.0,0.0,0.0,109156.3,0.0,0.0,0.0,0.0,0.0,0.0,0.0,0.0,2016-02-01,0.0,0.0,0.0
2016,2,U. N. AUTÓNOMA ALTOANDINA DE TARMA,32608.32,0.0,0.0,0.0,32608.32,0.0,0.0,0.0,0.0,0.0,0.0,0.0,0.0,2016-02-01,0.0,0.0,0.0
2016,2,U.N. AGRARIA DE LA SELVA,303.18,0.0,0.0,0.0,303.18,0.0,0.0,0.0,0.0,0.0,0.0,0.0,0.0,2016-02-01,0.0,0.0,0.0
2016,2,U.N. AGRARIA LA MOLINA,3252.03,0.0,0.0,0.0,3252.03,0.0,0.0,0.0,0.0,0.0,0.0,0.0,0.0,2016-02-01,0.0,0.0,0.0
2016,2,U.N. AMAZONICA DE MADRE DE DIOS,401.15,0.0,0.0,0.0,401.15,0.0,0.0,0.0,0.0,0.0,0.0,0.0,0.0,2016-02-01,0.0,0.0,0.0
2016,2,U.N. AUTONOMA DE ALTO AMAZONAS,53.45,0.0,0.0,46025.12,46078.57,0.0,0.0,0.0,0.0,0.0,0.0,0.0,0.0,2016-02-01,0.0,0.0,0.0
2016,2,U.N. AUTONOMA DE CHOTA,44643.67999999999,0.0,0.0,0.0,44643.67999999999,0.0,0.0,0.0,0.0,0.0,0.0,0.0,0.0,2016-02-01,0.0,0.0,0.0
2016,2,U.N. AUTÓNOMA DE HUANTA,5297.3,0.0,0.0,0.0,5297.3,0.0,0.0,0.0,0.0,0.0,0.0,0.0,0.0,2016-02-01,0.0,0.0,0.0
2016,2,U.N. DANIEL ALCIDES CARRION,75908.71,0.0,0.0,0.0,75908.71,0.0,0.0,0.0,0.0,0.0,0.0,0.0,0.0,2016-02-01,0.0,0.0,0.0
2016,2,U.N. DE BARRANCA,81724.48,0.0,0.0,0.0,81724.48,0.0,0.0,0.0,0.0,0.0,0.0,0.0,0.0,2016-02-01,0.0,0.0,0.0
2016,2,U.N. DE CAJAMARCA,55689.05,0.0,0.0,0.0,55689.05,0.0,0.0,0.0,0.0,0.0,0.0,0.0,0.0,2016-02-01,0.0,0.0,0.0
2016,2,U.N. DE CAÑETE,79728.54,0.0,0.0,0.0,79728.54,0.0,0.0,0.0,0.0,0.0,0.0,0.0,0.0,2016-02-01,0.0,0.0,0.0
2016,2,U.N. DE EDUCACION ENRIQUE GUZMAN Y VALLE,3487.28,0.0,0.0,0.0,3487.28,0.0,0.0,0.0,0.0,0.0,0.0,0.0,0.0,2016-02-01,0.0,0.0,0.0
2016,2,U.N. DE FRONTERA,2955.83,0.0,0.0,707616.4199999999,710572.2499999999,0.0,0.0,0.0,0.0,0.0,0.0,0.0,0.0,2016-02-01,0.0,0.0,0.0
2016,2,U.N. DE HUANCAVELICA,169828.81999999998,0.0,0.0,0.0,169828.81999999998,0.0,0.0,0.0,0.0,0.0,0.0,0.0,0.0,2016-02-01,0.0,0.0,0.0
2016,2,U.N. DE INGENIERIA,3365.72,0.0,0.0,0.0,3365.72,0.0,0.0,0.0,0.0,0.0,0.0,0.0,0.0,2016-02-01,0.0,0.0,0.0
2016,2,U.N. DE JAEN,66240.92,0.0,0.0,0.0,66240.92,0.0,0.0,0.0,0.0,0.0,0.0,0.0,0.0,2016-02-01,0.0,0.0,0.0
2016,2,U.N. DE JULIACA,31055.96,0.0,0.0,0.0,31055.96,0.0,0.0,0.0,0.0,0.0,0.0,0.0,0.0,2016-02-01,0.0,0.0,0.0
2016,2,U.N. DE LA AMAZONIA PERUANA,55.78,0.0,0.0,196005.61,196061.39,0.0,0.0,0.0,0.0,0.0,0.0,0.0,0.0,2016-02-01,0.0,0.0,0.0
2016,2,U.N. DE MOQUEGUA,71756.31,0.0,0.0,0.0,71756.31,0.0,0.0,0.0,0.0,0.0,0.0,0.0,0.0,2016-02-01,0.0,0.0,0.0
2016,2,U.N. DE PIURA,2955.83,0.0,0.0,603376.09,606331.9199999999,0.0,0.0,0.0,0.0,0.0,0.0,0.0,0.0,2016-02-01,0.0,0.0,0.0
2016,2,U.N. DE SAN AGUSTIN,208960.86,0.0,0.0,0.0,208960.86,0.0,0.0,0.0,0.0,0.0,0.0,0.0,0.0,2016-02-01,0.0,0.0,0.0
2016,2,U.N. DE SAN ANTONIO ABAD DEL CUSCO,2798287.1100000003,0.0,0.0,0.0,2798287.1100000003,0.0,0.0,0.0,0.0,0.0,0.0,0.0,0.0,2016-02-01,0.0,0.0,0.0
2016,2,U.N. DE SAN MARTIN,2749.63,0.0,0.0,0.0,2749.63,0.0,0.0,0.0,0.0,0.0,0.0,0.0,0.0,2016-02-01,0.0,0.0,0.0
2016,2,U.N. DE TRUJILLO,73214.08,0.0,0.0,0.0,73214.08,0.0,0.0,0.0,0.0,0.0,0.0,0.0,0.0,2016-02-01,0.0,0.0,0.0
2016,2,U.N. DE TUMBES,26.05,0.0,0.0,372682.37,372708.42,0.0,0.0,0.0,0.0,0.0,0.0,0.0,0.0,2016-02-01,0.0,0.0,0.0
2016,2,U.N. DE UCAYALI,19.68,0.0,0.0,142484.73,142504.41,0.0,0.0,0.0,0.0,0.0,0.0,0.0,0.0,2016-02-01,0.0,0.0,0.0
2016,2,U.N. DEL ALTIPLANO,22628.79,0.0,0.0,0.0,22628.79,0.0,0.0,0.0,0.0,0.0,0.0,0.0,0.0,2016-02-01,0.0,0.0,0.0
2016,2,U.N. DEL CALLAO,38331.9,0.0,0.0,0.0,38331.9,0.0,0.0,0.0,0.0,0.0,0.0,0.0,0.0,2016-02-01,0.0,0.0,0.0
2016,2,U.N. DEL CENTRO DEL PERU,32929.73,0.0,0.0,0.0,32929.73,0.0,0.0,0.0,0.0,0.0,0.0,0.0,0.0,2016-02-01,0.0,0.0,0.0
2016,2,U.N. DEL SANTA,235240.31,0.0,0.0,0.0,235240.31,0.0,0.0,0.0,0.0,0.0,0.0,0.0,0.0,2016-02-01,0.0,0.0,0.0
2016,2,U.N. FEDERICO VILLARREAL,3452.47,0.0,0.0,0.0,3452.47,0.0,0.0,0.0,0.0,0.0,0.0,0.0,0.0,2016-02-01,0.0,0.0,0.0
2016,2,U.N. HERMILIO VALDIZAN,55.67,0.0,0.0,0.0,55.67,0.0,0.0,0.0,0.0,0.0,0.0,0.0,0.0,2016-02-01,0.0,0.0,0.0
2016,2,U.N. INTERCULTURAL DE LA AMAZONIA,40.05,0.0,0.0,146069.95,146110.0,0.0,0.0,0.0,0.0,0.0,0.0,0.0,0.0,2016-02-01,0.0,0.0,0.0
2016,2,U.N. INTERCULTURAL DE LA SELVA CENTRAL JUAN SANTOS ATAHUALPA,31309.5,0.0,0.0,0.0,31309.5,0.0,0.0,0.0,0.0,0.0,0.0,0.0,0.0,2016-02-01,0.0,0.0,0.0
2016,2,U.N. INTERCULTURAL DE QUILLABAMBA,2883451.21,0.0,0.0,0.0,2883451.21,0.0,0.0,0.0,0.0,0.0,0.0,0.0,0.0,2016-02-01,0.0,0.0,0.0
2016,2,U.N. INTERCULTURAL FABIOLA SALAZAR LEGUIA DE BAGUA,1.96,0.0,0.0,0.0,1.96,0.0,0.0,0.0,0.0,0.0,0.0,0.0,0.0,2016-02-01,0.0,0.0,0.0
2016,2,U.N. JORGE BASADRE GROHMANN,120141.26,0.0,0.0,0.0,120141.26,0.0,0.0,0.0,0.0,0.0,0.0,0.0,0.0,2016-02-01,0.0,0.0,0.0
2016,2,U.N. JOSE FAUSTINO SANCHEZ CARRION,85014.11,0.0,0.0,0.0,85014.11,0.0,0.0,0.0,0.0,0.0,0.0,0.0,0.0,2016-02-01,0.0,0.0,0.0
2016,2,U.N. JOSE MARIA ARGUEDAS,274.54999999999995,0.0,0.0,0.0,274.54999999999995,0.0,0.0,0.0,0.0,0.0,0.0,0.0,0.0,2016-02-01,0.0,0.0,0.0
2016,2,U.N. MAYOR DE SAN MARCOS,3062.28,0.0,0.0,0.0,3062.28,0.0,0.0,0.0,0.0,0.0,0.0,0.0,0.0,2016-02-01,0.0,0.0,0.0
2016,2,U.N. MICAELA BASTIDAS DE APURIMAC,941.9,0.0,0.0,0.0,941.9,0.0,0.0,0.0,0.0,0.0,0.0,0.0,0.0,2016-02-01,0.0,0.0,0.0
2016,2,U.N. PEDRO RUIZ GALLO,63.17,0.0,0.0,0.0,63.17,0.0,0.0,0.0,0.0,0.0,0.0,0.0,0.0,2016-02-01,0.0,0.0,0.0
2016,2,U.N. SAN CRISTOBAL DE HUAMANGA,5600.49,0.0,0.0,0.0,5600.49,0.0,0.0,0.0,0.0,0.0,0.0,0.0,0.0,2016-02-01,0.0,0.0,0.0
2016,2,U.N. SAN LUIS GONZAGA DE ICA,47361.670000000006,0.0,0.0,0.0,47361.670000000006,0.0,0.0,0.0,0.0,0.0,0.0,0.0,0.0,2016-02-01,0.0,0.0,0.0
2016,2,U.N. SANTIAGO ANTUNEZ DE MAYOLO,217631.54,0.0,0.0,0.0,217631.54,0.0,0.0,0.0,0.0,0.0,0.0,0.0,0.0,2016-02-01,0.0,0.0,0.0
2016,2,U.N. TECNOLOGICA DEL CONO SUR DE LIMA,3487.28,0.0,0.0,0.0,3487.28,0.0,0.0,0.0,0.0,0.0,0.0,0.0,0.0,2016-02-01,0.0,0.0,0.0
2016,2,U.N. TORIBIO RODRIGUEZ DE MENDOZA DE AMAZONAS,1.37,0.0,0.0,0.0,1.37,0.0,0.0,0.0,0.0,0.0,0.0,0.0,0.0,2016-02-01,0.0,0.0,0.0
2016,3, ,101872900.36,788814554.56,0.0,43870672.23,934558127.15,134740744.44,26059867.02,160800611.46,3008503574.02,384364982.91,0.1277595234485318,0.3106388621972723,0.1277595234485318,2016-03-01,18.895675723532733,0.016322495831795947,0.039687072998917654
2016,3,GOBIERNO REGIONAL DE LA PROVINCIA CONSTITUCIONAL DEL CALLAO,331279.71,0.0,0.0,0.0,331279.71,0.0,0.0,0.0,0.0,0.0,0.0,0.0,0.0,2016-03-01,0.0,0.0,0.0
2016,3,GOBIERNO REGIONAL DEL DEPARTAMENTO DE AMAZONAS,324.89,0.0,0.0,0.0,324.89,0.0,0.0,0.0,0.0,0.0,0.0,0.0,0.0,2016-03-01,0.0,0.0,0.0
2016,3,GOBIERNO REGIONAL DEL DEPARTAMENTO DE ANCASH,1267122.11,0.0,0.0,0.0,1267122.11,0.0,0.0,0.0,0.0,0.0,0.0,0.0,0.0,2016-03-01,0.0,0.0,0.0
2016,3,GOBIERNO REGIONAL DEL DEPARTAMENTO DE APURIMAC,22.57,0.0,0.0,0.0,22.57,0.0,0.0,0.0,0.0,0.0,0.0,0.0,0.0,2016-03-01,0.0,0.0,0.0
2016,3,GOBIERNO REGIONAL DEL DEPARTAMENTO DE AREQUIPA,577840.57,0.0,0.0,0.0,577840.57,0.0,0.0,0.0,0.0,0.0,0.0,0.0,0.0,2016-03-01,0.0,0.0,0.0
2016,3,GOBIERNO REGIONAL DEL DEPARTAMENTO DE AYACUCHO,1995.2,0.0,0.0,0.0,1995.2,0.0,0.0,0.0,0.0,0.0,0.0,0.0,0.0,2016-03-01,0.0,0.0,0.0
2016,3,GOBIERNO REGIONAL DEL DEPARTAMENTO DE CAJAMARCA,276373.93,0.0,0.0,0.0,276373.93,0.0,0.0,0.0,0.0,0.0,0.0,0.0,0.0,2016-03-01,0.0,0.0,0.0
2016,3,GOBIERNO REGIONAL DEL DEPARTAMENTO DE CUSCO,24325790.24,0.0,0.0,0.0,24325790.24,0.0,0.0,0.0,0.0,0.0,0.0,0.0,0.0,2016-03-01,0.0,0.0,0.0
2016,3,GOBIERNO REGIONAL DEL DEPARTAMENTO DE HUANCAVELICA,2381427.53,0.0,0.0,0.0,2381427.53,0.0,0.0,0.0,0.0,0.0,0.0,0.0,0.0,2016-03-01,0.0,0.0,0.0
2016,3,GOBIERNO REGIONAL DEL DEPARTAMENTO DE HUANUCO,330.25,0.0,0.0,0.0,330.25,0.0,0.0,0.0,0.0,0.0,0.0,0.0,0.0,2016-03-01,0.0,0.0,0.0
2016,3,GOBIERNO REGIONAL DEL DEPARTAMENTO DE ICA,676261.9299999999,0.0,0.0,0.0,676261.9299999999,0.0,0.0,0.0,0.0,0.0,0.0,0.0,0.0,2016-03-01,0.0,0.0,0.0
2016,3,GOBIERNO REGIONAL DEL DEPARTAMENTO DE JUNIN,296234.41,0.0,0.0,0.0,296234.41,0.0,0.0,0.0,0.0,0.0,0.0,0.0,0.0,2016-03-01,0.0,0.0,0.0
2016,3,GOBIERNO REGIONAL DEL DEPARTAMENTO DE LA LIBERTAD,205129.16,0.0,0.0,0.0,205129.16,0.0,0.0,0.0,0.0,0.0,0.0,0.0,0.0,2016-03-01,0.0,0.0,0.0
2016,3,GOBIERNO REGIONAL DEL DEPARTAMENTO DE LAMBAYEQUE,115.28,0.0,0.0,0.0,115.28,0.0,0.0,0.0,0.0,0.0,0.0,0.0,0.0,2016-03-01,0.0,0.0,0.0
2016,3,GOBIERNO REGIONAL DEL DEPARTAMENTO DE LIMA,1109327.83,0.0,0.0,0.0,1109327.83,0.0,0.0,0.0,0.0,0.0,0.0,0.0,0.0,2016-03-01,0.0,0.0,0.0
2016,3,GOBIERNO REGIONAL DEL DEPARTAMENTO DE LORETO,1901489.11,0.0,0.0,2901934.1,4803423.21,0.0,0.0,0.0,0.0,0.0,0.0,0.0,0.0,2016-03-01,0.0,0.0,0.0
2016,3,GOBIERNO REGIONAL DEL DEPARTAMENTO DE MADRE DE DIOS,477.32,0.0,0.0,0.0,477.32,0.0,0.0,0.0,0.0,0.0,0.0,0.0,0.0,2016-03-01,0.0,0.0,0.0
2016,3,GOBIERNO REGIONAL DEL DEPARTAMENTO DE MOQUEGUA,107843.19,0.0,0.0,0.0,107843.19,0.0,0.0,0.0,0.0,0.0,0.0,0.0,0.0,2016-03-01,0.0,0.0,0.0
2016,3,GOBIERNO REGIONAL DEL DEPARTAMENTO DE PASCO,237741.08,0.0,0.0,0.0,237741.08,0.0,0.0,0.0,0.0,0.0,0.0,0.0,0.0,2016-03-01,0.0,0.0,0.0
2016,3,GOBIERNO REGIONAL DEL DEPARTAMENTO DE PIURA,330435.37,0.0,0.0,6236702.82,6567138.19,0.0,0.0,0.0,0.0,0.0,0.0,0.0,0.0,2016-03-01,0.0,0.0,0.0
2016,3,GOBIERNO REGIONAL DEL DEPARTAMENTO DE PUNO,279052.18,0.0,0.0,0.0,279052.18,0.0,0.0,0.0,0.0,0.0,0.0,0.0,0.0,2016-03-01,0.0,0.0,0.0
2016,3,GOBIERNO REGIONAL DEL DEPARTAMENTO DE SAN MARTIN,11528.25,0.0,0.0,0.0,11528.25,0.0,0.0,0.0,0.0,0.0,0.0,0.0,0.0,2016-03-01,0.0,0.0,0.0
2016,3,GOBIERNO REGIONAL DEL DEPARTAMENTO DE TACNA,34582.69,0.0,0.0,0.0,34582.69,0.0,0.0,0.0,0.0,0.0,0.0,0.0,0.0,2016-03-01,0.0,0.0,0.0
2016,3,GOBIERNO REGIONAL DEL DEPARTAMENTO DE TUMBES,187.32,0.0,0.0,3310073.45,3310260.77,0.0,0.0,0.0,0.0,0.0,0.0,0.0,0.0,2016-03-01,0.0,0.0,0.0
2016,3,GOBIERNO REGIONAL DEL DEPARTAMENTO DE UCAYALI,776.38,0.0,0.0,1163504.1,1164280.4799999995,0.0,0.0,0.0,0.0,0.0,0.0,0.0,0.0,2016-03-01,0.0,0.0,0.0
2016,3,INSTITUTO DE INVESTIGACIONES DE LA AMAZONIA PERUANA,0.0,0.0,0.0,232072.89,232072.89,0.0,0.0,0.0,0.0,0.0,0.0,0.0,0.0,2016-03-01,0.0,0.0,0.0
2016,3,MUNICIPALIDAD METROPOLITANA DE LIMA,113085.83,0.0,0.0,0.0,113085.83,0.0,0.0,0.0,0.0,0.0,0.0,0.0,0.0,2016-03-01,0.0,0.0,0.0
2016,3,U. N. AUTÓNOMA ALTOANDINA DE TARMA,33452.51,0.0,0.0,0.0,33452.51,0.0,0.0,0.0,0.0,0.0,0.0,0.0,0.0,2016-03-01,0.0,0.0,0.0
2016,3,U.N. AGRARIA DE LA SELVA,333.49,0.0,0.0,0.0,333.49,0.0,0.0,0.0,0.0,0.0,0.0,0.0,0.0,2016-03-01,0.0,0.0,0.0
2016,3,U.N. AGRARIA LA MOLINA,3295.47,0.0,0.0,0.0,3295.47,0.0,0.0,0.0,0.0,0.0,0.0,0.0,0.0,2016-03-01,0.0,0.0,0.0
2016,3,U.N. AMAZONICA DE MADRE DE DIOS,435.29,0.0,0.0,0.0,435.29,0.0,0.0,0.0,0.0,0.0,0.0,0.0,0.0,2016-03-01,0.0,0.0,0.0
2016,3,U.N. AUTONOMA DE ALTO AMAZONAS,58.35,0.0,0.0,46384.53,46442.88,0.0,0.0,0.0,0.0,0.0,0.0,0.0,0.0,2016-03-01,0.0,0.0,0.0
2016,3,U.N. AUTONOMA DE CHOTA,47299.99,0.0,0.0,0.0,47299.99,0.0,0.0,0.0,0.0,0.0,0.0,0.0,0.0,2016-03-01,0.0,0.0,0.0
2016,3,U.N. AUTÓNOMA DE HUANTA,5812.28,0.0,0.0,0.0,5812.28,0.0,0.0,0.0,0.0,0.0,0.0,0.0,0.0,2016-03-01,0.0,0.0,0.0
2016,3,U.N. DANIEL ALCIDES CARRION,78157.1,0.0,0.0,0.0,78157.1,0.0,0.0,0.0,0.0,0.0,0.0,0.0,0.0,2016-03-01,0.0,0.0,0.0
2016,3,U.N. DE BARRANCA,111950.71,0.0,0.0,0.0,111950.71,0.0,0.0,0.0,0.0,0.0,0.0,0.0,0.0,2016-03-01,0.0,0.0,0.0
2016,3,U.N. DE CAJAMARCA,59545.48,0.0,0.0,0.0,59545.48,0.0,0.0,0.0,0.0,0.0,0.0,0.0,0.0,2016-03-01,0.0,0.0,0.0
2016,3,U.N. DE CAÑETE,110102.91,0.0,0.0,0.0,110102.91,0.0,0.0,0.0,0.0,0.0,0.0,0.0,0.0,2016-03-01,0.0,0.0,0.0
2016,3,U.N. DE EDUCACION ENRIQUE GUZMAN Y VALLE,3616.15,0.0,0.0,0.0,3616.15,0.0,0.0,0.0,0.0,0.0,0.0,0.0,0.0,2016-03-01,0.0,0.0,0.0
2016,3,U.N. DE FRONTERA,43142.19,0.0,0.0,701799.19,744941.3799999999,0.0,0.0,0.0,0.0,0.0,0.0,0.0,0.0,2016-03-01,0.0,0.0,0.0
2016,3,U.N. DE HUANCAVELICA,170525.78,0.0,0.0,0.0,170525.78,0.0,0.0,0.0,0.0,0.0,0.0,0.0,0.0,2016-03-01,0.0,0.0,0.0
2016,3,U.N. DE INGENIERIA,3483.49,0.0,0.0,0.0,3483.49,0.0,0.0,0.0,0.0,0.0,0.0,0.0,0.0,2016-03-01,0.0,0.0,0.0
2016,3,U.N. DE JAEN,71159.84999999999,0.0,0.0,0.0,71159.84999999999,0.0,0.0,0.0,0.0,0.0,0.0,0.0,0.0,2016-03-01,0.0,0.0,0.0
2016,3,U.N. DE JULIACA,32840.7,0.0,0.0,0.0,32840.7,0.0,0.0,0.0,0.0,0.0,0.0,0.0,0.0,2016-03-01,0.0,0.0,0.0
2016,3,U.N. DE LA AMAZONIA PERUANA,60.88,0.0,0.0,200629.55,200690.43,0.0,0.0,0.0,0.0,0.0,0.0,0.0,0.0,2016-03-01,0.0,0.0,0.0
2016,3,U.N. DE MOQUEGUA,85816.47,0.0,0.0,0.0,85816.47,0.0,0.0,0.0,0.0,0.0,0.0,0.0,0.0,2016-03-01,0.0,0.0,0.0
2016,3,U.N. DE PIURA,43142.17999999999,0.0,0.0,587561.03,630703.21,0.0,0.0,0.0,0.0,0.0,0.0,0.0,0.0,2016-03-01,0.0,0.0,0.0
2016,3,U.N. DE SAN AGUSTIN,242882.0,0.0,0.0,0.0,242882.0,0.0,0.0,0.0,0.0,0.0,0.0,0.0,0.0,2016-03-01,0.0,0.0,0.0
2016,3,U.N. DE SAN ANTONIO ABAD DEL CUSCO,2919456.04,0.0,0.0,0.0,2919456.04,0.0,0.0,0.0,0.0,0.0,0.0,0.0,0.0,2016-03-01,0.0,0.0,0.0
2016,3,U.N. DE SAN MARTIN,2776.28,0.0,0.0,0.0,2776.28,0.0,0.0,0.0,0.0,0.0,0.0,0.0,0.0,2016-03-01,0.0,0.0,0.0
2016,3,U.N. DE TRUJILLO,88941.4,0.0,0.0,0.0,88941.4,0.0,0.0,0.0,0.0,0.0,0.0,0.0,0.0,2016-03-01,0.0,0.0,0.0
2016,3,U.N. DE TUMBES,54.22,0.0,0.0,393927.78,393982.0,0.0,0.0,0.0,0.0,0.0,0.0,0.0,0.0,2016-03-01,0.0,0.0,0.0
2016,3,U.N. DE UCAYALI,21.47,0.0,0.0,110407.87,110429.34,0.0,0.0,0.0,0.0,0.0,0.0,0.0,0.0,2016-03-01,0.0,0.0,0.0
2016,3,U.N. DEL ALTIPLANO,23840.52,0.0,0.0,0.0,23840.52,0.0,0.0,0.0,0.0,0.0,0.0,0.0,0.0,2016-03-01,0.0,0.0,0.0
2016,3,U.N. DEL CALLAO,92994.5,0.0,0.0,0.0,92994.5,0.0,0.0,0.0,0.0,0.0,0.0,0.0,0.0,2016-03-01,0.0,0.0,0.0
2016,3,U.N. DEL CENTRO DEL PERU,33806.7,0.0,0.0,0.0,33806.7,0.0,0.0,0.0,0.0,0.0,0.0,0.0,0.0,2016-03-01,0.0,0.0,0.0
2016,3,U.N. DEL SANTA,297827.84,0.0,0.0,0.0,297827.84,0.0,0.0,0.0,0.0,0.0,0.0,0.0,0.0,2016-03-01,0.0,0.0,0.0
2016,3,U.N. FEDERICO VILLARREAL,3577.3899999999994,0.0,0.0,0.0,3577.3899999999994,0.0,0.0,0.0,0.0,0.0,0.0,0.0,0.0,2016-03-01,0.0,0.0,0.0
2016,3,U.N. HERMILIO VALDIZAN,63.36,0.0,0.0,0.0,63.36,0.0,0.0,0.0,0.0,0.0,0.0,0.0,0.0,2016-03-01,0.0,0.0,0.0
2016,3,U.N. INTERCULTURAL DE LA AMAZONIA,43.75,0.0,0.0,113685.37,113729.12,0.0,0.0,0.0,0.0,0.0,0.0,0.0,0.0,2016-03-01,0.0,0.0,0.0
2016,3,U.N. INTERCULTURAL DE LA SELVA CENTRAL JUAN SANTOS ATAHUALPA,32018.6,0.0,0.0,0.0,32018.6,0.0,0.0,0.0,0.0,0.0,0.0,0.0,0.0,2016-03-01,0.0,0.0,0.0
2016,3,U.N. INTERCULTURAL DE QUILLABAMBA,3014035.6300000004,0.0,0.0,0.0,3014035.6300000004,0.0,0.0,0.0,0.0,0.0,0.0,0.0,0.0,2016-03-01,0.0,0.0,0.0
2016,3,U.N. INTERCULTURAL FABIOLA SALAZAR LEGUIA DE BAGUA,2.19,0.0,0.0,0.0,2.19,0.0,0.0,0.0,0.0,0.0,0.0,0.0,0.0,2016-03-01,0.0,0.0,0.0
2016,3,U.N. JORGE BASADRE GROHMANN,132400.04,0.0,0.0,0.0,132400.04,0.0,0.0,0.0,0.0,0.0,0.0,0.0,0.0,2016-03-01,0.0,0.0,0.0
2016,3,U.N. JOSE FAUSTINO SANCHEZ CARRION,115897.07,0.0,0.0,0.0,115897.07,0.0,0.0,0.0,0.0,0.0,0.0,0.0,0.0,2016-03-01,0.0,0.0,0.0
2016,3,U.N. JOSE MARIA ARGUEDAS,301.21000000000004,0.0,0.0,0.0,301.21000000000004,0.0,0.0,0.0,0.0,0.0,0.0,0.0,0.0,2016-03-01,0.0,0.0,0.0
2016,3,U.N. MAYOR DE SAN MARCOS,3115.66,0.0,0.0,0.0,3115.66,0.0,0.0,0.0,0.0,0.0,0.0,0.0,0.0,2016-03-01,0.0,0.0,0.0
2016,3,U.N. MICAELA BASTIDAS DE APURIMAC,1028.23,0.0,0.0,0.0,1028.23,0.0,0.0,0.0,0.0,0.0,0.0,0.0,0.0,2016-03-01,0.0,0.0,0.0
2016,3,U.N. PEDRO RUIZ GALLO,68.92,0.0,0.0,0.0,68.92,0.0,0.0,0.0,0.0,0.0,0.0,0.0,0.0,2016-03-01,0.0,0.0,0.0
2016,3,U.N. SAN CRISTOBAL DE HUAMANGA,6144.35,0.0,0.0,0.0,6144.35,0.0,0.0,0.0,0.0,0.0,0.0,0.0,0.0,2016-03-01,0.0,0.0,0.0
2016,3,U.N. SAN LUIS GONZAGA DE ICA,171548.82,0.0,0.0,0.0,171548.82,0.0,0.0,0.0,0.0,0.0,0.0,0.0,0.0,2016-03-01,0.0,0.0,0.0
2016,3,U.N. SANTIAGO ANTUNEZ DE MAYOLO,278803.37,0.0,0.0,0.0,278803.37,0.0,0.0,0.0,0.0,0.0,0.0,0.0,0.0,2016-03-01,0.0,0.0,0.0
2016,3,U.N. TECNOLOGICA DEL CONO SUR DE LIMA,3616.15,0.0,0.0,0.0,3616.15,0.0,0.0,0.0,0.0,0.0,0.0,0.0,0.0,2016-03-01,0.0,0.0,0.0
2016,3,U.N. TORIBIO RODRIGUEZ DE MENDOZA DE AMAZONAS,1.4,0.0,0.0,0.0,1.4,0.0,0.0,0.0,0.0,0.0,0.0,0.0,0.0,2016-03-01,0.0,0.0,0.0
2016,4, ,122547149.58,380600960.29,0.0,26412805.34,529560915.21,116152269.89,26318826.23,142471096.12,1460558986.16,237230150.28,0.1624242173907053,0.3625741378664101,0.1624242173907053,2016-04-01,18.774649709872683,0.026381626394983097,0.058890820589061345
2016,4,GOBIERNO REGIONAL DE LA PROVINCIA CONSTITUCIONAL DEL CALLAO,150708.71999999997,0.0,0.0,0.0,150708.71999999997,0.0,0.0,0.0,0.0,0.0,0.0,0.0,0.0,2016-04-01,0.0,0.0,0.0
2016,4,GOBIERNO REGIONAL DEL DEPARTAMENTO DE AMAZONAS,362.51,0.0,0.0,0.0,362.51,0.0,0.0,0.0,0.0,0.0,0.0,0.0,0.0,2016-04-01,0.0,0.0,0.0
2016,4,GOBIERNO REGIONAL DEL DEPARTAMENTO DE ANCASH,974982.94,0.0,0.0,0.0,974982.94,0.0,0.0,0.0,0.0,0.0,0.0,0.0,0.0,2016-04-01,0.0,0.0,0.0
2016,4,GOBIERNO REGIONAL DEL DEPARTAMENTO DE APURIMAC,25.06,0.0,0.0,0.0,25.06,0.0,0.0,0.0,0.0,0.0,0.0,0.0,0.0,2016-04-01,0.0,0.0,0.0
2016,4,GOBIERNO REGIONAL DEL DEPARTAMENTO DE AREQUIPA,218415.69,0.0,0.0,0.0,218415.69,0.0,0.0,0.0,0.0,0.0,0.0,0.0,0.0,2016-04-01,0.0,0.0,0.0
2016,4,GOBIERNO REGIONAL DEL DEPARTAMENTO DE AYACUCHO,2003.26,0.0,0.0,0.0,2003.26,0.0,0.0,0.0,0.0,0.0,0.0,0.0,0.0,2016-04-01,0.0,0.0,0.0
2016,4,GOBIERNO REGIONAL DEL DEPARTAMENTO DE CAJAMARCA,780629.64,0.0,0.0,0.0,780629.64,0.0,0.0,0.0,0.0,0.0,0.0,0.0,0.0,2016-04-01,0.0,0.0,0.0
2016,4,GOBIERNO REGIONAL DEL DEPARTAMENTO DE CUSCO,26293132.47,0.0,0.0,0.0,26293132.47,0.0,0.0,0.0,0.0,0.0,0.0,0.0,0.0,2016-04-01,0.0,0.0,0.0
2016,4,GOBIERNO REGIONAL DEL DEPARTAMENTO DE HUANCAVELICA,1297776.02,0.0,0.0,0.0,1297776.02,0.0,0.0,0.0,0.0,0.0,0.0,0.0,0.0,2016-04-01,0.0,0.0,0.0
2016,4,GOBIERNO REGIONAL DEL DEPARTAMENTO DE HUANUCO,442.97,0.0,0.0,0.0,442.97,0.0,0.0,0.0,0.0,0.0,0.0,0.0,0.0,2016-04-01,0.0,0.0,0.0
2016,4,GOBIERNO REGIONAL DEL DEPARTAMENTO DE ICA,216853.44,0.0,0.0,0.0,216853.44,0.0,0.0,0.0,0.0,0.0,0.0,0.0,0.0,2016-04-01,0.0,0.0,0.0
2016,4,GOBIERNO REGIONAL DEL DEPARTAMENTO DE JUNIN,294857.18,0.0,0.0,0.0,294857.18,0.0,0.0,0.0,0.0,0.0,0.0,0.0,0.0,2016-04-01,0.0,0.0,0.0
2016,4,GOBIERNO REGIONAL DEL DEPARTAMENTO DE LA LIBERTAD,171163.84,0.0,0.0,0.0,171163.84,0.0,0.0,0.0,0.0,0.0,0.0,0.0,0.0,2016-04-01,0.0,0.0,0.0
2016,4,GOBIERNO REGIONAL DEL DEPARTAMENTO DE LAMBAYEQUE,112.87,0.0,0.0,0.0,112.87,0.0,0.0,0.0,0.0,0.0,0.0,0.0,0.0,2016-04-01,0.0,0.0,0.0
2016,4,GOBIERNO REGIONAL DEL DEPARTAMENTO DE LIMA,1071999.31,0.0,0.0,0.0,1071999.31,0.0,0.0,0.0,0.0,0.0,0.0,0.0,0.0,2016-04-01,0.0,0.0,0.0
2016,4,GOBIERNO REGIONAL DEL DEPARTAMENTO DE LORETO,1901661.41,0.0,0.0,1163430.4899999998,3065091.8999999994,0.0,0.0,0.0,0.0,0.0,0.0,0.0,0.0,2016-04-01,0.0,0.0,0.0
2016,4,GOBIERNO REGIONAL DEL DEPARTAMENTO DE MADRE DE DIOS,332.61,0.0,0.0,0.0,332.61,0.0,0.0,0.0,0.0,0.0,0.0,0.0,0.0,2016-04-01,0.0,0.0,0.0
2016,4,GOBIERNO REGIONAL DEL DEPARTAMENTO DE MOQUEGUA,85037.17,0.0,0.0,0.0,85037.17,0.0,0.0,0.0,0.0,0.0,0.0,0.0,0.0,2016-04-01,0.0,0.0,0.0
2016,4,GOBIERNO REGIONAL DEL DEPARTAMENTO DE PASCO,242189.65,0.0,0.0,0.0,242189.65,0.0,0.0,0.0,0.0,0.0,0.0,0.0,0.0,2016-04-01,0.0,0.0,0.0
2016,4,GOBIERNO REGIONAL DEL DEPARTAMENTO DE PIURA,11704.46,0.0,0.0,7885908.209999999,7897612.669999999,0.0,0.0,0.0,0.0,0.0,0.0,0.0,0.0,2016-04-01,0.0,0.0,0.0
2016,4,GOBIERNO REGIONAL DEL DEPARTAMENTO DE PUNO,160335.05000000002,0.0,0.0,0.0,160335.05000000002,0.0,0.0,0.0,0.0,0.0,0.0,0.0,0.0,2016-04-01,0.0,0.0,0.0
2016,4,GOBIERNO REGIONAL DEL DEPARTAMENTO DE SAN MARTIN,11810.16,0.0,0.0,0.0,11810.16,0.0,0.0,0.0,0.0,0.0,0.0,0.0,0.0,2016-04-01,0.0,0.0,0.0
2016,4,GOBIERNO REGIONAL DEL DEPARTAMENTO DE TACNA,34557.770000000004,0.0,0.0,0.0,34557.770000000004,0.0,0.0,0.0,0.0,0.0,0.0,0.0,0.0,2016-04-01,0.0,0.0,0.0
2016,4,GOBIERNO REGIONAL DEL DEPARTAMENTO DE TUMBES,94.11,0.0,0.0,2615424.49,2615518.6,0.0,0.0,0.0,0.0,0.0,0.0,0.0,0.0,2016-04-01,0.0,0.0,0.0
2016,4,GOBIERNO REGIONAL DEL DEPARTAMENTO DE UCAYALI,866.19,0.0,0.0,1028126.72,1028992.91,0.0,0.0,0.0,0.0,0.0,0.0,0.0,0.0,2016-04-01,0.0,0.0,0.0
2016,4,INSTITUTO DE INVESTIGACIONES DE LA AMAZONIA PERUANA,0.0,0.0,0.0,155456.33000000002,155456.33000000002,0.0,0.0,0.0,0.0,0.0,0.0,0.0,0.0,2016-04-01,0.0,0.0,0.0
2016,4,MUNICIPALIDAD METROPOLITANA DE LIMA,115055.99,0.0,0.0,0.0,115055.99,0.0,0.0,0.0,0.0,0.0,0.0,0.0,0.0,2016-04-01,0.0,0.0,0.0
2016,4,U. N. AUTÓNOMA ALTOANDINA DE TARMA,34771.0,0.0,0.0,0.0,34771.0,0.0,0.0,0.0,0.0,0.0,0.0,0.0,0.0,2016-04-01,0.0,0.0,0.0
2016,4,U.N. AGRARIA DE LA SELVA,381.41,0.0,0.0,0.0,381.41,0.0,0.0,0.0,0.0,0.0,0.0,0.0,0.0,2016-04-01,0.0,0.0,0.0
2016,4,U.N. AGRARIA LA MOLINA,3297.4,0.0,0.0,0.0,3297.4,0.0,0.0,0.0,0.0,0.0,0.0,0.0,0.0,2016-04-01,0.0,0.0,0.0
2016,4,U.N. AMAZONICA DE MADRE DE DIOS,486.99,0.0,0.0,0.0,486.99,0.0,0.0,0.0,0.0,0.0,0.0,0.0,0.0,2016-04-01,0.0,0.0,0.0
2016,4,U.N. AUTONOMA DE ALTO AMAZONAS,64.93,0.0,0.0,47052.04,47116.97,0.0,0.0,0.0,0.0,0.0,0.0,0.0,0.0,2016-04-01,0.0,0.0,0.0
2016,4,U.N. AUTONOMA DE CHOTA,51653.23,0.0,0.0,0.0,51653.23,0.0,0.0,0.0,0.0,0.0,0.0,0.0,0.0,2016-04-01,0.0,0.0,0.0
2016,4,U.N. AUTÓNOMA DE HUANTA,6570.38,0.0,0.0,0.0,6570.38,0.0,0.0,0.0,0.0,0.0,0.0,0.0,0.0,2016-04-01,0.0,0.0,0.0
2016,4,U.N. DANIEL ALCIDES CARRION,78317.95,0.0,0.0,0.0,78317.95,0.0,0.0,0.0,0.0,0.0,0.0,0.0,0.0,2016-04-01,0.0,0.0,0.0
2016,4,U.N. DE BARRANCA,83270.72,0.0,0.0,0.0,83270.72,0.0,0.0,0.0,0.0,0.0,0.0,0.0,0.0,2016-04-01,0.0,0.0,0.0
2016,4,U.N. DE CAJAMARCA,64927.69,0.0,0.0,0.0,64927.69,0.0,0.0,0.0,0.0,0.0,0.0,0.0,0.0,2016-04-01,0.0,0.0,0.0
2016,4,U.N. DE CAÑETE,81867.62999999999,0.0,0.0,0.0,81867.62999999999,0.0,0.0,0.0,0.0,0.0,0.0,0.0,0.0,2016-04-01,0.0,0.0,0.0
2016,4,U.N. DE EDUCACION ENRIQUE GUZMAN Y VALLE,3685.5,0.0,0.0,0.0,3685.5,0.0,0.0,0.0,0.0,0.0,0.0,0.0,0.0,2016-04-01,0.0,0.0,0.0
2016,4,U.N. DE FRONTERA,3367.89,0.0,0.0,796269.42,799637.31,0.0,0.0,0.0,0.0,0.0,0.0,0.0,0.0,2016-04-01,0.0,0.0,0.0
2016,4,U.N. DE HUANCAVELICA,172278.02,0.0,0.0,0.0,172278.02,0.0,0.0,0.0,0.0,0.0,0.0,0.0,0.0,2016-04-01,0.0,0.0,0.0
2016,4,U.N. DE INGENIERIA,3537.5,0.0,0.0,0.0,3537.5,0.0,0.0,0.0,0.0,0.0,0.0,0.0,0.0,2016-04-01,0.0,0.0,0.0
2016,4,U.N. DE JAEN,78996.79999999999,0.0,0.0,0.0,78996.79999999999,0.0,0.0,0.0,0.0,0.0,0.0,0.0,0.0,2016-04-01,0.0,0.0,0.0
2016,4,U.N. DE JULIACA,35786.7,0.0,0.0,0.0,35786.7,0.0,0.0,0.0,0.0,0.0,0.0,0.0,0.0,2016-04-01,0.0,0.0,0.0
2016,4,U.N. DE LA AMAZONIA PERUANA,67.96,0.0,0.0,95049.6,95117.56,0.0,0.0,0.0,0.0,0.0,0.0,0.0,0.0,2016-04-01,0.0,0.0,0.0
2016,4,U.N. DE MOQUEGUA,81924.11,0.0,0.0,0.0,81924.11,0.0,0.0,0.0,0.0,0.0,0.0,0.0,0.0,2016-04-01,0.0,0.0,0.0
2016,4,U.N. DE PIURA,3367.89,0.0,0.0,660441.89,663809.78,0.0,0.0,0.0,0.0,0.0,0.0,0.0,0.0,2016-04-01,0.0,0.0,0.0
2016,4,U.N. DE SAN AGUSTIN,256789.53,0.0,0.0,0.0,256789.53,0.0,0.0,0.0,0.0,0.0,0.0,0.0,0.0,2016-04-01,0.0,0.0,0.0
2016,4,U.N. DE SAN ANTONIO ABAD DEL CUSCO,3802270.73,0.0,0.0,0.0,3802270.73,0.0,0.0,0.0,0.0,0.0,0.0,0.0,0.0,2016-04-01,0.0,0.0,0.0
2016,4,U.N. DE SAN MARTIN,2834.53,0.0,0.0,0.0,2834.53,0.0,0.0,0.0,0.0,0.0,0.0,0.0,0.0,2016-04-01,0.0,0.0,0.0
2016,4,U.N. DE TRUJILLO,89191.48,0.0,0.0,0.0,89191.48,0.0,0.0,0.0,0.0,0.0,0.0,0.0,0.0,2016-04-01,0.0,0.0,0.0
2016,4,U.N. DE TUMBES,31.66,0.0,0.0,428909.92,428941.58,0.0,0.0,0.0,0.0,0.0,0.0,0.0,0.0,2016-04-01,0.0,0.0,0.0
2016,4,U.N. DE UCAYALI,23.96,0.0,0.0,96415.43,96439.39,0.0,0.0,0.0,0.0,0.0,0.0,0.0,0.0,2016-04-01,0.0,0.0,0.0
2016,4,U.N. DEL ALTIPLANO,26611.9,0.0,0.0,0.0,26611.9,0.0,0.0,0.0,0.0,0.0,0.0,0.0,0.0,2016-04-01,0.0,0.0,0.0
2016,4,U.N. DEL CALLAO,39045.64000000001,0.0,0.0,0.0,39045.64000000001,0.0,0.0,0.0,0.0,0.0,0.0,0.0,0.0,2016-04-01,0.0,0.0,0.0
2016,4,U.N. DEL CENTRO DEL PERU,35184.16,0.0,0.0,0.0,35184.16,0.0,0.0,0.0,0.0,0.0,0.0,0.0,0.0,2016-04-01,0.0,0.0,0.0
2016,4,U.N. DEL SANTA,274294.8,0.0,0.0,0.0,274294.8,0.0,0.0,0.0,0.0,0.0,0.0,0.0,0.0,2016-04-01,0.0,0.0,0.0
2016,4,U.N. FEDERICO VILLARREAL,3606.9,0.0,0.0,0.0,3606.9,0.0,0.0,0.0,0.0,0.0,0.0,0.0,0.0,2016-04-01,0.0,0.0,0.0
2016,4,U.N. HERMILIO VALDIZAN,80.24000000000001,0.0,0.0,0.0,80.24000000000001,0.0,0.0,0.0,0.0,0.0,0.0,0.0,0.0,2016-04-01,0.0,0.0,0.0
2016,4,U.N. INTERCULTURAL DE LA AMAZONIA,48.79,0.0,0.0,98853.03,98901.82,0.0,0.0,0.0,0.0,0.0,0.0,0.0,0.0,2016-04-01,0.0,0.0,0.0
2016,4,U.N. INTERCULTURAL DE LA SELVA CENTRAL JUAN SANTOS ATAHUALPA,32849.38,0.0,0.0,0.0,32849.38,0.0,0.0,0.0,0.0,0.0,0.0,0.0,0.0,2016-04-01,0.0,0.0,0.0
2016,4,U.N. INTERCULTURAL DE QUILLABAMBA,3913830.64,0.0,0.0,0.0,3913830.64,0.0,0.0,0.0,0.0,0.0,0.0,0.0,0.0,2016-04-01,0.0,0.0,0.0
2016,4,U.N. INTERCULTURAL FABIOLA SALAZAR LEGUIA DE BAGUA,2.43,0.0,0.0,0.0,2.43,0.0,0.0,0.0,0.0,0.0,0.0,0.0,0.0,2016-04-01,0.0,0.0,0.0
2016,4,U.N. JORGE BASADRE GROHMANN,152073.46000000002,0.0,0.0,0.0,152073.46000000002,0.0,0.0,0.0,0.0,0.0,0.0,0.0,0.0,2016-04-01,0.0,0.0,0.0
2016,4,U.N. JOSE FAUSTINO SANCHEZ CARRION,89985.12999999999,0.0,0.0,0.0,89985.12999999999,0.0,0.0,0.0,0.0,0.0,0.0,0.0,0.0,2016-04-01,0.0,0.0,0.0
2016,4,U.N. JOSE MARIA ARGUEDAS,272.68,0.0,0.0,0.0,272.68,0.0,0.0,0.0,0.0,0.0,0.0,0.0,0.0,2016-04-01,0.0,0.0,0.0
2016,4,U.N. MAYOR DE SAN MARCOS,3116.17,0.0,0.0,0.0,3116.17,0.0,0.0,0.0,0.0,0.0,0.0,0.0,0.0,2016-04-01,0.0,0.0,0.0
2016,4,U.N. MICAELA BASTIDAS DE APURIMAC,1147.11,0.0,0.0,0.0,1147.11,0.0,0.0,0.0,0.0,0.0,0.0,0.0,0.0,2016-04-01,0.0,0.0,0.0
2016,4,U.N. PEDRO RUIZ GALLO,76.97999999999999,0.0,0.0,0.0,76.97999999999999,0.0,0.0,0.0,0.0,0.0,0.0,0.0,0.0,2016-04-01,0.0,0.0,0.0
2016,4,U.N. SAN CRISTOBAL DE HUAMANGA,6967.42,0.0,0.0,0.0,6967.42,0.0,0.0,0.0,0.0,0.0,0.0,0.0,0.0,2016-04-01,0.0,0.0,0.0
2016,4,U.N. SAN LUIS GONZAGA DE ICA,48076.23,0.0,0.0,0.0,48076.23,0.0,0.0,0.0,0.0,0.0,0.0,0.0,0.0,2016-04-01,0.0,0.0,0.0
2016,4,U.N. SANTIAGO ANTUNEZ DE MAYOLO,253016.08,0.0,0.0,0.0,253016.08,0.0,0.0,0.0,0.0,0.0,0.0,0.0,0.0,2016-04-01,0.0,0.0,0.0
2016,4,U.N. TECNOLOGICA DEL CONO SUR DE LIMA,3685.5,0.0,0.0,0.0,3685.5,0.0,0.0,0.0,0.0,0.0,0.0,0.0,0.0,2016-04-01,0.0,0.0,0.0
2016,4,U.N. TORIBIO RODRIGUEZ DE MENDOZA DE AMAZONAS,0.98,0.0,0.0,0.0,0.98,0.0,0.0,0.0,0.0,0.0,0.0,0.0,0.0,2016-04-01,0.0,0.0,0.0
2016,5, ,106071665.87,279098202.59,0.0,28743517.6,413913386.06,159187218.83,33149150.69,192336369.52,1880550192.1,282437210.03,0.150188605024471,0.2201022805978846,0.150188605024471,2016-05-01,19.074756326944748,0.02255661707919656,0.033056854485700976
2016,5,GOBIERNO REGIONAL DE LA PROVINCIA CONSTITUCIONAL DEL CALLAO,151926.66,0.0,0.0,0.0,151926.66,0.0,0.0,0.0,0.0,0.0,0.0,0.0,0.0,2016-05-01,0.0,0.0,0.0
2016,5,GOBIERNO REGIONAL DEL DEPARTAMENTO DE AMAZONAS,356.28,0.0,0.0,0.0,356.28,0.0,0.0,0.0,0.0,0.0,0.0,0.0,0.0,2016-05-01,0.0,0.0,0.0
2016,5,GOBIERNO REGIONAL DEL DEPARTAMENTO DE ANCASH,2466706.11,0.0,0.0,0.0,2466706.11,0.0,0.0,0.0,0.0,0.0,0.0,0.0,0.0,2016-05-01,0.0,0.0,0.0
2016,5,GOBIERNO REGIONAL DEL DEPARTAMENTO DE APURIMAC,14.8,0.0,0.0,0.0,14.8,0.0,0.0,0.0,0.0,0.0,0.0,0.0,0.0,2016-05-01,0.0,0.0,0.0
2016,5,GOBIERNO REGIONAL DEL DEPARTAMENTO DE AREQUIPA,207805.22,0.0,0.0,0.0,207805.22,0.0,0.0,0.0,0.0,0.0,0.0,0.0,0.0,2016-05-01,0.0,0.0,0.0
2016,5,GOBIERNO REGIONAL DEL DEPARTAMENTO DE AYACUCHO,1938.25,0.0,0.0,0.0,1938.25,0.0,0.0,0.0,0.0,0.0,0.0,0.0,0.0,2016-05-01,0.0,0.0,0.0
2016,5,GOBIERNO REGIONAL DEL DEPARTAMENTO DE CAJAMARCA,1355580.07,0.0,0.0,0.0,1355580.07,0.0,0.0,0.0,0.0,0.0,0.0,0.0,0.0,2016-05-01,0.0,0.0,0.0
2016,5,GOBIERNO REGIONAL DEL DEPARTAMENTO DE CUSCO,37371451.44,0.0,0.0,0.0,37371451.44,0.0,0.0,0.0,0.0,0.0,0.0,0.0,0.0,2016-05-01,0.0,0.0,0.0
2016,5,GOBIERNO REGIONAL DEL DEPARTAMENTO DE HUANCAVELICA,875950.58,0.0,0.0,0.0,875950.58,0.0,0.0,0.0,0.0,0.0,0.0,0.0,0.0,2016-05-01,0.0,0.0,0.0
2016,5,GOBIERNO REGIONAL DEL DEPARTAMENTO DE HUANUCO,504.5,0.0,0.0,0.0,504.5,0.0,0.0,0.0,0.0,0.0,0.0,0.0,0.0,2016-05-01,0.0,0.0,0.0
2016,5,GOBIERNO REGIONAL DEL DEPARTAMENTO DE ICA,201966.96,0.0,0.0,0.0,201966.96,0.0,0.0,0.0,0.0,0.0,0.0,0.0,0.0,2016-05-01,0.0,0.0,0.0
2016,5,GOBIERNO REGIONAL DEL DEPARTAMENTO DE JUNIN,292937.66,0.0,0.0,0.0,292937.66,0.0,0.0,0.0,0.0,0.0,0.0,0.0,0.0,2016-05-01,0.0,0.0,0.0
2016,5,GOBIERNO REGIONAL DEL DEPARTAMENTO DE LA LIBERTAD,13120898.14,0.0,0.0,0.0,13120898.14,0.0,0.0,0.0,0.0,0.0,0.0,0.0,0.0,2016-05-01,0.0,0.0,0.0
2016,5,GOBIERNO REGIONAL DEL DEPARTAMENTO DE LAMBAYEQUE,37.75,0.0,0.0,0.0,37.75,0.0,0.0,0.0,0.0,0.0,0.0,0.0,0.0,2016-05-01,0.0,0.0,0.0
2016,5,GOBIERNO REGIONAL DEL DEPARTAMENTO DE LIMA,614256.83,0.0,0.0,0.0,614256.83,0.0,0.0,0.0,0.0,0.0,0.0,0.0,0.0,2016-05-01,0.0,0.0,0.0
2016,5,GOBIERNO REGIONAL DEL DEPARTAMENTO DE LORETO,1632.66,0.0,0.0,2158098.18,2159730.84,0.0,0.0,0.0,0.0,0.0,0.0,0.0,0.0,2016-05-01,0.0,0.0,0.0
2016,5,GOBIERNO REGIONAL DEL DEPARTAMENTO DE MADRE DE DIOS,177.2,0.0,0.0,0.0,177.2,0.0,0.0,0.0,0.0,0.0,0.0,0.0,0.0,2016-05-01,0.0,0.0,0.0
2016,5,GOBIERNO REGIONAL DEL DEPARTAMENTO DE MOQUEGUA,68721.87,0.0,0.0,0.0,68721.87,0.0,0.0,0.0,0.0,0.0,0.0,0.0,0.0,2016-05-01,0.0,0.0,0.0
2016,5,GOBIERNO REGIONAL DEL DEPARTAMENTO DE PASCO,240288.99,0.0,0.0,0.0,240288.99,0.0,0.0,0.0,0.0,0.0,0.0,0.0,0.0,2016-05-01,0.0,0.0,0.0
2016,5,GOBIERNO REGIONAL DEL DEPARTAMENTO DE PIURA,12231.61,0.0,0.0,9787794.83,9800026.44,0.0,0.0,0.0,0.0,0.0,0.0,0.0,0.0,2016-05-01,0.0,0.0,0.0
2016,5,GOBIERNO REGIONAL DEL DEPARTAMENTO DE PUNO,155433.25,0.0,0.0,0.0,155433.25,0.0,0.0,0.0,0.0,0.0,0.0,0.0,0.0,2016-05-01,0.0,0.0,0.0
2016,5,GOBIERNO REGIONAL DEL DEPARTAMENTO DE SAN MARTIN,11930.429999999998,0.0,0.0,0.0,11930.429999999998,0.0,0.0,0.0,0.0,0.0,0.0,0.0,0.0,2016-05-01,0.0,0.0,0.0
2016,5,GOBIERNO REGIONAL DEL DEPARTAMENTO DE TACNA,30384.91,0.0,0.0,0.0,30384.91,0.0,0.0,0.0,0.0,0.0,0.0,0.0,0.0,2016-05-01,0.0,0.0,0.0
2016,5,GOBIERNO REGIONAL DEL DEPARTAMENTO DE TUMBES,92.59,0.0,0.0,2709046.07,2709138.66,0.0,0.0,0.0,0.0,0.0,0.0,0.0,0.0,2016-05-01,0.0,0.0,0.0
2016,5,GOBIERNO REGIONAL DEL DEPARTAMENTO DE UCAYALI,851.25,0.0,0.0,1343759.71,1344610.96,0.0,0.0,0.0,0.0,0.0,0.0,0.0,0.0,2016-05-01,0.0,0.0,0.0
2016,5,INSTITUTO DE INVESTIGACIONES DE LA AMAZONIA PERUANA,0.0,0.0,0.0,208220.32,208220.32,0.0,0.0,0.0,0.0,0.0,0.0,0.0,0.0,2016-05-01,0.0,0.0,0.0
2016,5,MUNICIPALIDAD METROPOLITANA DE LIMA,116777.97,0.0,0.0,0.0,116777.97,0.0,0.0,0.0,0.0,0.0,0.0,0.0,0.0,2016-05-01,0.0,0.0,0.0
2016,5,U. N. AUTÓNOMA ALTOANDINA DE TARMA,34876.39,0.0,0.0,0.0,34876.39,0.0,0.0,0.0,0.0,0.0,0.0,0.0,0.0,2016-05-01,0.0,0.0,0.0
2016,5,U.N. AGRARIA DE LA SELVA,383.44,0.0,0.0,0.0,383.44,0.0,0.0,0.0,0.0,0.0,0.0,0.0,0.0,2016-05-01,0.0,0.0,0.0
2016,5,U.N. AGRARIA LA MOLINA,3265.21,0.0,0.0,0.0,3265.21,0.0,0.0,0.0,0.0,0.0,0.0,0.0,0.0,2016-05-01,0.0,0.0,0.0
2016,5,U.N. AMAZONICA DE MADRE DE DIOS,470.25,0.0,0.0,0.0,470.25,0.0,0.0,0.0,0.0,0.0,0.0,0.0,0.0,2016-05-01,0.0,0.0,0.0
2016,5,U.N. AUTONOMA DE ALTO AMAZONAS,63.78,0.0,0.0,47306.59,47370.37,0.0,0.0,0.0,0.0,0.0,0.0,0.0,0.0,2016-05-01,0.0,0.0,0.0
2016,5,U.N. AUTONOMA DE CHOTA,50850.64,0.0,0.0,0.0,50850.64,0.0,0.0,0.0,0.0,0.0,0.0,0.0,0.0,2016-05-01,0.0,0.0,0.0
2016,5,U.N. AUTÓNOMA DE HUANTA,6536.51,0.0,0.0,0.0,6536.51,0.0,0.0,0.0,0.0,0.0,0.0,0.0,0.0,2016-05-01,0.0,0.0,0.0
2016,5,U.N. DANIEL ALCIDES CARRION,72828.25,0.0,0.0,0.0,72828.25,0.0,0.0,0.0,0.0,0.0,0.0,0.0,0.0,2016-05-01,0.0,0.0,0.0
2016,5,U.N. DE BARRANCA,81672.40999999999,0.0,0.0,0.0,81672.40999999999,0.0,0.0,0.0,0.0,0.0,0.0,0.0,0.0,2016-05-01,0.0,0.0,0.0
2016,5,U.N. DE CAJAMARCA,63176.59,0.0,0.0,0.0,63176.59,0.0,0.0,0.0,0.0,0.0,0.0,0.0,0.0,2016-05-01,0.0,0.0,0.0
2016,5,U.N. DE CAÑETE,79478.65,0.0,0.0,0.0,79478.65,0.0,0.0,0.0,0.0,0.0,0.0,0.0,0.0,2016-05-01,0.0,0.0,0.0
2016,5,U.N. DE EDUCACION ENRIQUE GUZMAN Y VALLE,3735.53,0.0,0.0,0.0,3735.53,0.0,0.0,0.0,0.0,0.0,0.0,0.0,0.0,2016-05-01,0.0,0.0,0.0
2016,5,U.N. DE FRONTERA,3425.05,0.0,0.0,827417.24,830842.29,0.0,0.0,0.0,0.0,0.0,0.0,0.0,0.0,2016-05-01,0.0,0.0,0.0
2016,5,U.N. DE HUANCAVELICA,173227.13,0.0,0.0,0.0,173227.13,0.0,0.0,0.0,0.0,0.0,0.0,0.0,0.0,2016-05-01,0.0,0.0,0.0
2016,5,U.N. DE INGENIERIA,3590.0400000000004,0.0,0.0,0.0,3590.0400000000004,0.0,0.0,0.0,0.0,0.0,0.0,0.0,0.0,2016-05-01,0.0,0.0,0.0
2016,5,U.N. DE JAEN,79452.52,0.0,0.0,0.0,79452.52,0.0,0.0,0.0,0.0,0.0,0.0,0.0,0.0,2016-05-01,0.0,0.0,0.0
2016,5,U.N. DE JULIACA,35393.37,0.0,0.0,0.0,35393.37,0.0,0.0,0.0,0.0,0.0,0.0,0.0,0.0,2016-05-01,0.0,0.0,0.0
2016,5,U.N. DE LA AMAZONIA PERUANA,66.78,0.0,0.0,182756.78,182823.56,0.0,0.0,0.0,0.0,0.0,0.0,0.0,0.0,2016-05-01,0.0,0.0,0.0
2016,5,U.N. DE MOQUEGUA,74083.0,0.0,0.0,0.0,74083.0,0.0,0.0,0.0,0.0,0.0,0.0,0.0,0.0,2016-05-01,0.0,0.0,0.0
2016,5,U.N. DE PIURA,3425.07,0.0,0.0,686248.55,689673.62,0.0,0.0,0.0,0.0,0.0,0.0,0.0,0.0,2016-05-01,0.0,0.0,0.0
2016,5,U.N. DE SAN AGUSTIN,261018.51,0.0,0.0,0.0,261018.51,0.0,0.0,0.0,0.0,0.0,0.0,0.0,0.0,2016-05-01,0.0,0.0,0.0
2016,5,U.N. DE SAN ANTONIO ABAD DEL CUSCO,3354896.92,0.0,0.0,0.0,3354896.92,0.0,0.0,0.0,0.0,0.0,0.0,0.0,0.0,2016-05-01,0.0,0.0,0.0
2016,5,U.N. DE SAN MARTIN,2866.63,0.0,0.0,0.0,2866.63,0.0,0.0,0.0,0.0,0.0,0.0,0.0,0.0,2016-05-01,0.0,0.0,0.0
2016,5,U.N. DE TRUJILLO,86326.34999999999,0.0,0.0,0.0,86326.34999999999,0.0,0.0,0.0,0.0,0.0,0.0,0.0,0.0,2016-05-01,0.0,0.0,0.0
2016,5,U.N. DE TUMBES,31.16,0.0,0.0,462682.87,462714.03,0.0,0.0,0.0,0.0,0.0,0.0,0.0,0.0,2016-05-01,0.0,0.0,0.0
2016,5,U.N. DE UCAYALI,23.62,0.0,0.0,97449.84,97473.46,0.0,0.0,0.0,0.0,0.0,0.0,0.0,0.0,2016-05-01,0.0,0.0,0.0
2016,5,U.N. DEL ALTIPLANO,27988.75,0.0,0.0,0.0,27988.75,0.0,0.0,0.0,0.0,0.0,0.0,0.0,0.0,2016-05-01,0.0,0.0,0.0
2016,5,U.N. DEL CALLAO,39081.4,0.0,0.0,0.0,39081.4,0.0,0.0,0.0,0.0,0.0,0.0,0.0,0.0,2016-05-01,0.0,0.0,0.0
2016,5,U.N. DEL CENTRO DEL PERU,35291.12,0.0,0.0,0.0,35291.12,0.0,0.0,0.0,0.0,0.0,0.0,0.0,0.0,2016-05-01,0.0,0.0,0.0
2016,5,U.N. DEL SANTA,272937.99,0.0,0.0,0.0,272937.99,0.0,0.0,0.0,0.0,0.0,0.0,0.0,0.0,2016-05-01,0.0,0.0,0.0
2016,5,U.N. FEDERICO VILLARREAL,3621.28,0.0,0.0,0.0,3621.28,0.0,0.0,0.0,0.0,0.0,0.0,0.0,0.0,2016-05-01,0.0,0.0,0.0
2016,5,U.N. HERMILIO VALDIZAN,87.63,0.0,0.0,0.0,87.63,0.0,0.0,0.0,0.0,0.0,0.0,0.0,0.0,2016-05-01,0.0,0.0,0.0
2016,5,U.N. INTERCULTURAL DE LA AMAZONIA,47.92,0.0,0.0,98321.15,98369.07,0.0,0.0,0.0,0.0,0.0,0.0,0.0,0.0,2016-05-01,0.0,0.0,0.0
2016,5,U.N. INTERCULTURAL DE LA SELVA CENTRAL JUAN SANTOS ATAHUALPA,32687.5,0.0,0.0,0.0,32687.5,0.0,0.0,0.0,0.0,0.0,0.0,0.0,0.0,2016-05-01,0.0,0.0,0.0
2016,5,U.N. INTERCULTURAL DE QUILLABAMBA,3474201.32,0.0,0.0,0.0,3474201.32,0.0,0.0,0.0,0.0,0.0,0.0,0.0,0.0,2016-05-01,0.0,0.0,0.0
2016,5,U.N. INTERCULTURAL FABIOLA SALAZAR LEGUIA DE BAGUA,2.45,0.0,0.0,0.0,2.45,0.0,0.0,0.0,0.0,0.0,0.0,0.0,0.0,2016-05-01,0.0,0.0,0.0
2016,5,U.N. JORGE BASADRE GROHMANN,153897.2,0.0,0.0,0.0,153897.2,0.0,0.0,0.0,0.0,0.0,0.0,0.0,0.0,2016-05-01,0.0,0.0,0.0
2016,5,U.N. JOSE FAUSTINO SANCHEZ CARRION,90604.63,0.0,0.0,0.0,90604.63,0.0,0.0,0.0,0.0,0.0,0.0,0.0,0.0,2016-05-01,0.0,0.0,0.0
2016,5,U.N. JOSE MARIA ARGUEDAS,223.22,0.0,0.0,0.0,223.22,0.0,0.0,0.0,0.0,0.0,0.0,0.0,0.0,2016-05-01,0.0,0.0,0.0
2016,5,U.N. MAYOR DE SAN MARCOS,3045.12,0.0,0.0,0.0,3045.12,0.0,0.0,0.0,0.0,0.0,0.0,0.0,0.0,2016-05-01,0.0,0.0,0.0
2016,5,U.N. MICAELA BASTIDAS DE APURIMAC,1127.27,0.0,0.0,0.0,1127.27,0.0,0.0,0.0,0.0,0.0,0.0,0.0,0.0,2016-05-01,0.0,0.0,0.0
2016,5,U.N. PEDRO RUIZ GALLO,75.77000000000001,0.0,0.0,0.0,75.77000000000001,0.0,0.0,0.0,0.0,0.0,0.0,0.0,0.0,2016-05-01,0.0,0.0,0.0
2016,5,U.N. SAN CRISTOBAL DE HUAMANGA,6951.27,0.0,0.0,0.0,6951.27,0.0,0.0,0.0,0.0,0.0,0.0,0.0,0.0,2016-05-01,0.0,0.0,0.0
2016,5,U.N. SAN LUIS GONZAGA DE ICA,47334.61,0.0,0.0,0.0,47334.61,0.0,0.0,0.0,0.0,0.0,0.0,0.0,0.0,2016-05-01,0.0,0.0,0.0
2016,5,U.N. SANTIAGO ANTUNEZ DE MAYOLO,253798.27,0.0,0.0,0.0,253798.27,0.0,0.0,0.0,0.0,0.0,0.0,0.0,0.0,2016-05-01,0.0,0.0,0.0
2016,5,U.N. TECNOLOGICA DEL CONO SUR DE LIMA,3735.54,0.0,0.0,0.0,3735.54,0.0,0.0,0.0,0.0,0.0,0.0,0.0,0.0,2016-05-01,0.0,0.0,0.0
2016,5,U.N. TORIBIO RODRIGUEZ DE MENDOZA DE AMAZONAS,0.43,0.0,0.0,0.0,0.43,0.0,0.0,0.0,0.0,0.0,0.0,0.0,0.0,2016-05-01,0.0,0.0,0.0
2016,6, ,57691029.16,387629890.38,0.0,25836310.08,471157229.62,157760196.53,26592666.35,184352862.88,1315727902.59,222139653.29,0.168834036925659,0.3580962512784981,0.168834036925659,2016-06-01,19.03236221753868,0.028504932024614783,0.060458835711294005
2016,6,GOBIERNO REGIONAL DEL DEPARTAMENTO DE CAJAMARCA,764612.0,0.0,0.0,0.0,764612.0,0.0,0.0,0.0,0.0,0.0,0.0,0.0,0.0,2016-06-01,0.0,0.0,0.0
2016,6,GOBIERNO REGIONAL DEL DEPARTAMENTO DE CUSCO,5181571.890000001,0.0,0.0,0.0,5181571.890000001,0.0,0.0,0.0,0.0,0.0,0.0,0.0,0.0,2016-06-01,0.0,0.0,0.0
2016,6,GOBIERNO REGIONAL DEL DEPARTAMENTO DE HUANCAVELICA,420320.0,0.0,0.0,0.0,420320.0,0.0,0.0,0.0,0.0,0.0,0.0,0.0,0.0,2016-06-01,0.0,0.0,0.0
2016,6,GOBIERNO REGIONAL DEL DEPARTAMENTO DE LIMA,1911754.0,0.0,0.0,0.0,1911754.0,0.0,0.0,0.0,0.0,0.0,0.0,0.0,0.0,2016-06-01,0.0,0.0,0.0
2016,6,GOBIERNO REGIONAL DEL DEPARTAMENTO DE LORETO,50000.0,0.0,0.0,1208626.91,1258626.91,0.0,0.0,0.0,0.0,0.0,0.0,0.0,0.0,2016-06-01,0.0,0.0,0.0
2016,6,GOBIERNO REGIONAL DEL DEPARTAMENTO DE PIURA,0.0,0.0,0.0,10002104.46,10002104.46,0.0,0.0,0.0,0.0,0.0,0.0,0.0,0.0,2016-06-01,0.0,0.0,0.0
2016,6,GOBIERNO REGIONAL DEL DEPARTAMENTO DE TACNA,1580972.5,0.0,0.0,0.0,1580972.5,0.0,0.0,0.0,0.0,0.0,0.0,0.0,0.0,2016-06-01,0.0,0.0,0.0
2016,6,GOBIERNO REGIONAL DEL DEPARTAMENTO DE TUMBES,0.0,0.0,0.0,2532288.95,2532288.95,0.0,0.0,0.0,0.0,0.0,0.0,0.0,0.0,2016-06-01,0.0,0.0,0.0
2016,6,GOBIERNO REGIONAL DEL DEPARTAMENTO DE UCAYALI,0.0,0.0,0.0,1596853.22,1596853.22,0.0,0.0,0.0,0.0,0.0,0.0,0.0,0.0,2016-06-01,0.0,0.0,0.0
2016,6,INSTITUTO DE INVESTIGACIONES DE LA AMAZONIA PERUANA,0.0,0.0,0.0,157215.57,157215.57,0.0,0.0,0.0,0.0,0.0,0.0,0.0,0.0,2016-06-01,0.0,0.0,0.0
2016,6,U.N. DE FRONTERA,0.0,0.0,0.0,585695.15,585695.15,0.0,0.0,0.0,0.0,0.0,0.0,0.0,0.0,2016-06-01,0.0,0.0,0.0
2016,6,U.N. DE LA AMAZONIA PERUANA,0.0,0.0,0.0,165591.56,165591.56,0.0,0.0,0.0,0.0,0.0,0.0,0.0,0.0,2016-06-01,0.0,0.0,0.0
2016,6,U.N. DE PIURA,0.0,0.0,0.0,585695.15,585695.15,0.0,0.0,0.0,0.0,0.0,0.0,0.0,0.0,2016-06-01,0.0,0.0,0.0
2016,6,U.N. DE SAN ANTONIO ABAD DEL CUSCO,1921414.02,0.0,0.0,0.0,1921414.02,0.0,0.0,0.0,0.0,0.0,0.0,0.0,0.0,2016-06-01,0.0,0.0,0.0
2016,6,U.N. DE TUMBES,0.0,0.0,0.0,389833.59,389833.59,0.0,0.0,0.0,0.0,0.0,0.0,0.0,0.0,2016-06-01,0.0,0.0,0.0
2016,6,U.N. DE UCAYALI,0.0,0.0,0.0,63289.54,63289.54,0.0,0.0,0.0,0.0,0.0,0.0,0.0,0.0,2016-06-01,0.0,0.0,0.0
2016,6,U.N. INTERCULTURAL DE LA AMAZONIA,0.0,0.0,0.0,63289.54,63289.54,0.0,0.0,0.0,0.0,0.0,0.0,0.0,0.0,2016-06-01,0.0,0.0,0.0
2016,6,U.N. INTERCULTURAL DE QUILLABAMBA,1921414.02,0.0,0.0,0.0,1921414.02,0.0,0.0,0.0,0.0,0.0,0.0,0.0,0.0,2016-06-01,0.0,0.0,0.0
2016,7, ,1226912044.36,392862444.36,0.0,26767744.45,1646542233.1699998,169397741.68,36995981.89,206393723.57,2719256215.07,269263272.47,0.0990209274792697,0.6055119867134748,0.0990209274792697,2016-07-01,19.14529618689435,0.009805144078854789,0.05995835852418351
2016,7,GOBIERNO REGIONAL DE LA PROVINCIA CONSTITUCIONAL DEL CALLAO,25068.22,0.0,0.0,0.0,25068.22,0.0,0.0,0.0,0.0,0.0,0.0,0.0,0.0,2016-07-01,0.0,0.0,0.0
2016,7,GOBIERNO REGIONAL DEL DEPARTAMENTO DE AMAZONAS,786.36,0.0,0.0,0.0,786.36,0.0,0.0,0.0,0.0,0.0,0.0,0.0,0.0,2016-07-01,0.0,0.0,0.0
2016,7,GOBIERNO REGIONAL DEL DEPARTAMENTO DE ANCASH,51455404.86000001,0.0,0.0,0.0,51455404.86000001,0.0,0.0,0.0,0.0,0.0,0.0,0.0,0.0,2016-07-01,0.0,0.0,0.0
2016,7,GOBIERNO REGIONAL DEL DEPARTAMENTO DE APURIMAC,641433.7000000001,0.0,0.0,0.0,641433.7000000001,0.0,0.0,0.0,0.0,0.0,0.0,0.0,0.0,2016-07-01,0.0,0.0,0.0
2016,7,GOBIERNO REGIONAL DEL DEPARTAMENTO DE AREQUIPA,3493708.3799999994,0.0,0.0,0.0,3493708.3799999994,0.0,0.0,0.0,0.0,0.0,0.0,0.0,0.0,2016-07-01,0.0,0.0,0.0
2016,7,GOBIERNO REGIONAL DEL DEPARTAMENTO DE AYACUCHO,2993403.61,0.0,0.0,0.0,2993403.61,0.0,0.0,0.0,0.0,0.0,0.0,0.0,0.0,2016-07-01,0.0,0.0,0.0
2016,7,GOBIERNO REGIONAL DEL DEPARTAMENTO DE CAJAMARCA,72390549.13000001,0.0,0.0,0.0,72390549.13000001,0.0,0.0,0.0,0.0,0.0,0.0,0.0,0.0,2016-07-01,0.0,0.0,0.0
2016,7,GOBIERNO REGIONAL DEL DEPARTAMENTO DE CUSCO,37505880.96,0.0,0.0,0.0,37505880.96,0.0,0.0,0.0,0.0,0.0,0.0,0.0,0.0,2016-07-01,0.0,0.0,0.0
2016,7,GOBIERNO REGIONAL DEL DEPARTAMENTO DE HUANCAVELICA,23893.16,0.0,0.0,0.0,23893.16,0.0,0.0,0.0,0.0,0.0,0.0,0.0,0.0,2016-07-01,0.0,0.0,0.0
2016,7,GOBIERNO REGIONAL DEL DEPARTAMENTO DE HUANUCO,5658.89,0.0,0.0,0.0,5658.89,0.0,0.0,0.0,0.0,0.0,0.0,0.0,0.0,2016-07-01,0.0,0.0,0.0
2016,7,GOBIERNO REGIONAL DEL DEPARTAMENTO DE ICA,11340345.86,0.0,0.0,0.0,11340345.86,0.0,0.0,0.0,0.0,0.0,0.0,0.0,0.0,2016-07-01,0.0,0.0,0.0
2016,7,GOBIERNO REGIONAL DEL DEPARTAMENTO DE JUNIN,5091678.779999999,0.0,0.0,0.0,5091678.779999999,0.0,0.0,0.0,0.0,0.0,0.0,0.0,0.0,2016-07-01,0.0,0.0,0.0
2016,7,GOBIERNO REGIONAL DEL DEPARTAMENTO DE LA LIBERTAD,33459581.94,0.0,0.0,0.0,33459581.94,0.0,0.0,0.0,0.0,0.0,0.0,0.0,0.0,2016-07-01,0.0,0.0,0.0
2016,7,GOBIERNO REGIONAL DEL DEPARTAMENTO DE LAMBAYEQUE,882.4400000000002,0.0,0.0,0.0,882.4400000000002,0.0,0.0,0.0,0.0,0.0,0.0,0.0,0.0,2016-07-01,0.0,0.0,0.0
2016,7,GOBIERNO REGIONAL DEL DEPARTAMENTO DE LIMA,6971223.17,0.0,0.0,0.0,6971223.17,0.0,0.0,0.0,0.0,0.0,0.0,0.0,0.0,2016-07-01,0.0,0.0,0.0
2016,7,GOBIERNO REGIONAL DEL DEPARTAMENTO DE LORETO,283589.69,0.0,0.0,1847138.39,2130728.08,0.0,0.0,0.0,0.0,0.0,0.0,0.0,0.0,2016-07-01,0.0,0.0,0.0
2016,7,GOBIERNO REGIONAL DEL DEPARTAMENTO DE MADRE DE DIOS,116611.37,0.0,0.0,0.0,116611.37,0.0,0.0,0.0,0.0,0.0,0.0,0.0,0.0,2016-07-01,0.0,0.0,0.0
2016,7,GOBIERNO REGIONAL DEL DEPARTAMENTO DE MOQUEGUA,25427676.87,0.0,0.0,0.0,25427676.87,0.0,0.0,0.0,0.0,0.0,0.0,0.0,0.0,2016-07-01,0.0,0.0,0.0
2016,7,GOBIERNO REGIONAL DEL DEPARTAMENTO DE PASCO,7049890.03,0.0,0.0,0.0,7049890.03,0.0,0.0,0.0,0.0,0.0,0.0,0.0,0.0,2016-07-01,0.0,0.0,0.0
2016,7,GOBIERNO REGIONAL DEL DEPARTAMENTO DE PIURA,6329206.41,0.0,0.0,4908117.010000001,11237323.420000002,0.0,0.0,0.0,0.0,0.0,0.0,0.0,0.0,2016-07-01,0.0,0.0,0.0
2016,7,GOBIERNO REGIONAL DEL DEPARTAMENTO DE PUNO,14869077.229999997,0.0,0.0,0.0,14869077.229999997,0.0,0.0,0.0,0.0,0.0,0.0,0.0,0.0,2016-07-01,0.0,0.0,0.0
2016,7,GOBIERNO REGIONAL DEL DEPARTAMENTO DE SAN MARTIN,191298.93,0.0,0.0,0.0,191298.93,0.0,0.0,0.0,0.0,0.0,0.0,0.0,0.0,2016-07-01,0.0,0.0,0.0
2016,7,GOBIERNO REGIONAL DEL DEPARTAMENTO DE TACNA,31509026.92,0.0,0.0,0.0,31509026.92,0.0,0.0,0.0,0.0,0.0,0.0,0.0,0.0,2016-07-01,0.0,0.0,0.0
2016,7,GOBIERNO REGIONAL DEL DEPARTAMENTO DE TUMBES,203.59,0.0,0.0,1786891.0,1787094.59,0.0,0.0,0.0,0.0,0.0,0.0,0.0,0.0,2016-07-01,0.0,0.0,0.0
2016,7,GOBIERNO REGIONAL DEL DEPARTAMENTO DE UCAYALI,1871.54,0.0,0.0,1066201.07,1068072.61,0.0,0.0,0.0,0.0,0.0,0.0,0.0,0.0,2016-07-01,0.0,0.0,0.0
2016,7,INSTITUTO DE INVESTIGACIONES DE LA AMAZONIA PERUANA,0.0,0.0,0.0,148716.01,148716.01,0.0,0.0,0.0,0.0,0.0,0.0,0.0,0.0,2016-07-01,0.0,0.0,0.0
2016,7,MUNICIPALIDAD METROPOLITANA DE LIMA,420389.63,0.0,0.0,0.0,420389.63,0.0,0.0,0.0,0.0,0.0,0.0,0.0,0.0,2016-07-01,0.0,0.0,0.0
2016,7,U. N. AUTÓNOMA ALTOANDINA DE TARMA,448184.89,0.0,0.0,0.0,448184.89,0.0,0.0,0.0,0.0,0.0,0.0,0.0,0.0,2016-07-01,0.0,0.0,0.0
2016,7,U.N. AGRARIA DE LA SELVA,1411.77,0.0,0.0,0.0,1411.77,0.0,0.0,0.0,0.0,0.0,0.0,0.0,0.0,2016-07-01,0.0,0.0,0.0
2016,7,U.N. AGRARIA LA MOLINA,12185.54,0.0,0.0,0.0,12185.54,0.0,0.0,0.0,0.0,0.0,0.0,0.0,0.0,2016-07-01,0.0,0.0,0.0
2016,7,U.N. AMAZONICA DE MADRE DE DIOS,30166.87,0.0,0.0,0.0,30166.87,0.0,0.0,0.0,0.0,0.0,0.0,0.0,0.0,2016-07-01,0.0,0.0,0.0
2016,7,U.N. AUTONOMA DE ALTO AMAZONAS,139.93,0.0,0.0,13951.79,14091.72,0.0,0.0,0.0,0.0,0.0,0.0,0.0,0.0,2016-07-01,0.0,0.0,0.0
2016,7,U.N. AUTONOMA DE CHOTA,3677382.48,0.0,0.0,0.0,3677382.48,0.0,0.0,0.0,0.0,0.0,0.0,0.0,0.0,2016-07-01,0.0,0.0,0.0
2016,7,U.N. AUTÓNOMA DE HUANTA,388248.82,0.0,0.0,0.0,388248.82,0.0,0.0,0.0,0.0,0.0,0.0,0.0,0.0,2016-07-01,0.0,0.0,0.0
2016,7,U.N. DANIEL ALCIDES CARRION,680052.78,0.0,0.0,0.0,680052.78,0.0,0.0,0.0,0.0,0.0,0.0,0.0,0.0,2016-07-01,0.0,0.0,0.0
2016,7,U.N. DE BARRANCA,683518.69,0.0,0.0,0.0,683518.69,0.0,0.0,0.0,0.0,0.0,0.0,0.0,0.0,2016-07-01,0.0,0.0,0.0
2016,7,U.N. DE CAJAMARCA,3708051.21,0.0,0.0,0.0,3708051.21,0.0,0.0,0.0,0.0,0.0,0.0,0.0,0.0,2016-07-01,0.0,0.0,0.0
2016,7,U.N. DE CAÑETE,677947.5599999999,0.0,0.0,0.0,677947.5599999999,0.0,0.0,0.0,0.0,0.0,0.0,0.0,0.0,2016-07-01,0.0,0.0,0.0
2016,7,U.N. DE EDUCACION ENRIQUE GUZMAN Y VALLE,13323.52,0.0,0.0,0.0,13323.52,0.0,0.0,0.0,0.0,0.0,0.0,0.0,0.0,2016-07-01,0.0,0.0,0.0
2016,7,U.N. DE FRONTERA,795341.3099999999,0.0,0.0,983926.45,1779267.7599999998,0.0,0.0,0.0,0.0,0.0,0.0,0.0,0.0,2016-07-01,0.0,0.0,0.0
2016,7,U.N. DE HUANCAVELICA,30753.08,0.0,0.0,0.0,30753.08,0.0,0.0,0.0,0.0,0.0,0.0,0.0,0.0,2016-07-01,0.0,0.0,0.0
2016,7,U.N. DE INGENIERIA,12905.34,0.0,0.0,0.0,12905.34,0.0,0.0,0.0,0.0,0.0,0.0,0.0,0.0,2016-07-01,0.0,0.0,0.0
2016,7,U.N. DE JAEN,3751116.49,0.0,0.0,0.0,3751116.49,0.0,0.0,0.0,0.0,0.0,0.0,0.0,0.0,2016-07-01,0.0,0.0,0.0
2016,7,U.N. DE JULIACA,2213864.2,0.0,0.0,0.0,2213864.2,0.0,0.0,0.0,0.0,0.0,0.0,0.0,0.0,2016-07-01,0.0,0.0,0.0
2016,7,U.N. DE LA AMAZONIA PERUANA,146.68,0.0,0.0,152764.75,152911.43,0.0,0.0,0.0,0.0,0.0,0.0,0.0,0.0,2016-07-01,0.0,0.0,0.0
2016,7,U.N. DE MOQUEGUA,9604082.61,0.0,0.0,0.0,9604082.61,0.0,0.0,0.0,0.0,0.0,0.0,0.0,0.0,2016-07-01,0.0,0.0,0.0
2016,7,U.N. DE PIURA,795341.2999999999,0.0,0.0,658513.7899999999,1453855.09,0.0,0.0,0.0,0.0,0.0,0.0,0.0,0.0,2016-07-01,0.0,0.0,0.0
2016,7,U.N. DE SAN AGUSTIN,1585776.1,0.0,0.0,0.0,1585776.1,0.0,0.0,0.0,0.0,0.0,0.0,0.0,0.0,2016-07-01,0.0,0.0,0.0
2016,7,U.N. DE SAN ANTONIO ABAD DEL CUSCO,5566228.460000001,0.0,0.0,0.0,5566228.460000001,0.0,0.0,0.0,0.0,0.0,0.0,0.0,0.0,2016-07-01,0.0,0.0,0.0
2016,7,U.N. DE SAN MARTIN,47569.560000000005,0.0,0.0,0.0,47569.560000000005,0.0,0.0,0.0,0.0,0.0,0.0,0.0,0.0,2016-07-01,0.0,0.0,0.0
2016,7,U.N. DE TRUJILLO,6412015.41,0.0,0.0,0.0,6412015.41,0.0,0.0,0.0,0.0,0.0,0.0,0.0,0.0,2016-07-01,0.0,0.0,0.0
2016,7,U.N. DE TUMBES,68.46,0.0,0.0,335666.4,335734.86000000004,0.0,0.0,0.0,0.0,0.0,0.0,0.0,0.0,2016-07-01,0.0,0.0,0.0
2016,7,U.N. DE UCAYALI,51.69,0.0,0.0,95118.1,95169.79,0.0,0.0,0.0,0.0,0.0,0.0,0.0,0.0,2016-07-01,0.0,0.0,0.0
2016,7,U.N. DEL ALTIPLANO,2200670.6,0.0,0.0,0.0,2200670.6,0.0,0.0,0.0,0.0,0.0,0.0,0.0,0.0,2016-07-01,0.0,0.0,0.0
2016,7,U.N. DEL CALLAO,8372.99,0.0,0.0,0.0,8372.99,0.0,0.0,0.0,0.0,0.0,0.0,0.0,0.0,2016-07-01,0.0,0.0,0.0
2016,7,U.N. DEL CENTRO DEL PERU,449109.03,0.0,0.0,0.0,449109.03,0.0,0.0,0.0,0.0,0.0,0.0,0.0,0.0,2016-07-01,0.0,0.0,0.0
2016,7,U.N. DEL SANTA,8353164.3,0.0,0.0,0.0,8353164.3,0.0,0.0,0.0,0.0,0.0,0.0,0.0,0.0,2016-07-01,0.0,0.0,0.0
2016,7,U.N. FEDERICO VILLARREAL,12999.11,0.0,0.0,0.0,12999.11,0.0,0.0,0.0,0.0,0.0,0.0,0.0,0.0,2016-07-01,0.0,0.0,0.0
2016,7,U.N. HERMILIO VALDIZAN,761.6,0.0,0.0,0.0,761.6,0.0,0.0,0.0,0.0,0.0,0.0,0.0,0.0,2016-07-01,0.0,0.0,0.0
2016,7,U.N. INTERCULTURAL DE LA AMAZONIA,105.39,0.0,0.0,97481.15,97586.54,0.0,0.0,0.0,0.0,0.0,0.0,0.0,0.0,2016-07-01,0.0,0.0,0.0
2016,7,U.N. INTERCULTURAL DE LA SELVA CENTRAL JUAN SANTOS ATAHUALPA,442819.8599999999,0.0,0.0,0.0,442819.8599999999,0.0,0.0,0.0,0.0,0.0,0.0,0.0,0.0,2016-07-01,0.0,0.0,0.0
2016,7,U.N. INTERCULTURAL DE QUILLABAMBA,5863370.470000001,0.0,0.0,0.0,5863370.470000001,0.0,0.0,0.0,0.0,0.0,0.0,0.0,0.0,2016-07-01,0.0,0.0,0.0
2016,7,U.N. INTERCULTURAL FABIOLA SALAZAR LEGUIA DE BAGUA,5.6000000000000005,0.0,0.0,0.0,5.6000000000000005,0.0,0.0,0.0,0.0,0.0,0.0,0.0,0.0,2016-07-01,0.0,0.0,0.0
2016,7,U.N. JORGE BASADRE GROHMANN,9216497.86,0.0,0.0,0.0,9216497.86,0.0,0.0,0.0,0.0,0.0,0.0,0.0,0.0,2016-07-01,0.0,0.0,0.0
2016,7,U.N. JOSE FAUSTINO SANCHEZ CARRION,706963.53,0.0,0.0,0.0,706963.53,0.0,0.0,0.0,0.0,0.0,0.0,0.0,0.0,2016-07-01,0.0,0.0,0.0
2016,7,U.N. JOSE MARIA ARGUEDAS,80564.78,0.0,0.0,0.0,80564.78,0.0,0.0,0.0,0.0,0.0,0.0,0.0,0.0,2016-07-01,0.0,0.0,0.0
2016,7,U.N. MAYOR DE SAN MARCOS,11622.46,0.0,0.0,0.0,11622.46,0.0,0.0,0.0,0.0,0.0,0.0,0.0,0.0,2016-07-01,0.0,0.0,0.0
2016,7,U.N. MICAELA BASTIDAS DE APURIMAC,82655.18,0.0,0.0,0.0,82655.18,0.0,0.0,0.0,0.0,0.0,0.0,0.0,0.0,2016-07-01,0.0,0.0,0.0
2016,7,U.N. PEDRO RUIZ GALLO,382.0,0.0,0.0,0.0,382.0,0.0,0.0,0.0,0.0,0.0,0.0,0.0,0.0,2016-07-01,0.0,0.0,0.0
2016,7,U.N. SAN CRISTOBAL DE HUAMANGA,389209.09,0.0,0.0,0.0,389209.09,0.0,0.0,0.0,0.0,0.0,0.0,0.0,0.0,2016-07-01,0.0,0.0,0.0
2016,7,U.N. SAN LUIS GONZAGA DE ICA,2834612.6500000004,0.0,0.0,0.0,2834612.6500000004,0.0,0.0,0.0,0.0,0.0,0.0,0.0,0.0,2016-07-01,0.0,0.0,0.0
2016,7,U.N. SANTIAGO ANTUNEZ DE MAYOLO,8314011.46,0.0,0.0,0.0,8314011.46,0.0,0.0,0.0,0.0,0.0,0.0,0.0,0.0,2016-07-01,0.0,0.0,0.0
2016,7,U.N. TECNOLOGICA DEL CONO SUR DE LIMA,13323.52,0.0,0.0,0.0,13323.52,0.0,0.0,0.0,0.0,0.0,0.0,0.0,0.0,2016-07-01,0.0,0.0,0.0
2016,7,U.N. TORIBIO RODRIGUEZ DE MENDOZA DE AMAZONAS,0.4,0.0,0.0,0.0,0.4,0.0,0.0,0.0,0.0,0.0,0.0,0.0,0.0,2016-07-01,0.0,0.0,0.0
2016,8, ,107242697.84,331521482.71,41886855.97,25958341.33,506609377.85,127863980.32,26130659.01,153994639.33,1512682569.11,344618749.22,0.2278196075352144,0.3349079233114109,0.2278196075352144,2016-08-01,18.852428356720313,0.05190177357749912,0.07629859164923931
2016,8,GOBIERNO REGIONAL DEL DEPARTAMENTO DE ANCASH,1015583.94,0.0,0.0,0.0,1015583.94,0.0,0.0,0.0,0.0,0.0,0.0,0.0,0.0,2016-08-01,0.0,0.0,0.0
2016,8,GOBIERNO REGIONAL DEL DEPARTAMENTO DE APURIMAC,0.0,0.0,448562.4900000002,0.0,448562.4900000002,0.0,0.0,0.0,0.0,0.0,0.0,0.0,0.0,2016-08-01,0.0,0.0,0.0
2016,8,GOBIERNO REGIONAL DEL DEPARTAMENTO DE AREQUIPA,226271.58,0.0,0.0,0.0,226271.58,0.0,0.0,0.0,0.0,0.0,0.0,0.0,0.0,2016-08-01,0.0,0.0,0.0
2016,8,GOBIERNO REGIONAL DEL DEPARTAMENTO DE CAJAMARCA,7757271.83,0.0,0.0,0.0,7757271.83,0.0,0.0,0.0,0.0,0.0,0.0,0.0,0.0,2016-08-01,0.0,0.0,0.0
2016,8,GOBIERNO REGIONAL DEL DEPARTAMENTO DE CUSCO,23461257.68,0.0,0.0,0.0,23461257.68,0.0,0.0,0.0,0.0,0.0,0.0,0.0,0.0,2016-08-01,0.0,0.0,0.0
2016,8,GOBIERNO REGIONAL DEL DEPARTAMENTO DE HUANCAVELICA,3886612.41,0.0,0.0,0.0,3886612.41,0.0,0.0,0.0,0.0,0.0,0.0,0.0,0.0,2016-08-01,0.0,0.0,0.0
2016,8,GOBIERNO REGIONAL DEL DEPARTAMENTO DE JUNIN,625403.28,0.0,0.0,0.0,625403.28,0.0,0.0,0.0,0.0,0.0,0.0,0.0,0.0,2016-08-01,0.0,0.0,0.0
2016,8,GOBIERNO REGIONAL DEL DEPARTAMENTO DE LA LIBERTAD,15714368.0,0.0,0.0,0.0,15714368.0,0.0,0.0,0.0,0.0,0.0,0.0,0.0,0.0,2016-08-01,0.0,0.0,0.0
2016,8,GOBIERNO REGIONAL DEL DEPARTAMENTO DE LIMA,179015.89999999985,0.0,0.0,0.0,179015.89999999985,0.0,0.0,0.0,0.0,0.0,0.0,0.0,0.0,2016-08-01,0.0,0.0,0.0
2016,8,GOBIERNO REGIONAL DEL DEPARTAMENTO DE LORETO,900000.0,0.0,0.0,1168861.6,2068861.6,0.0,0.0,0.0,0.0,0.0,0.0,0.0,0.0,2016-08-01,0.0,0.0,0.0
2016,8,GOBIERNO REGIONAL DEL DEPARTAMENTO DE MOQUEGUA,1000000.0,0.0,0.0,0.0,1000000.0,0.0,0.0,0.0,0.0,0.0,0.0,0.0,0.0,2016-08-01,0.0,0.0,0.0
2016,8,GOBIERNO REGIONAL DEL DEPARTAMENTO DE PASCO,453127.62000000005,0.0,0.0,0.0,453127.62000000005,0.0,0.0,0.0,0.0,0.0,0.0,0.0,0.0,2016-08-01,0.0,0.0,0.0
2016,8,GOBIERNO REGIONAL DEL DEPARTAMENTO DE PIURA,0.0,0.0,0.0,6251489.58,6251489.58,0.0,0.0,0.0,0.0,0.0,0.0,0.0,0.0,2016-08-01,0.0,0.0,0.0
2016,8,GOBIERNO REGIONAL DEL DEPARTAMENTO DE PUNO,582390.46,0.0,0.0,0.0,582390.46,0.0,0.0,0.0,0.0,0.0,0.0,0.0,0.0,2016-08-01,0.0,0.0,0.0
2016,8,GOBIERNO REGIONAL DEL DEPARTAMENTO DE SAN MARTIN,49454.58,0.0,0.0,0.0,49454.58,0.0,0.0,0.0,0.0,0.0,0.0,0.0,0.0,2016-08-01,0.0,0.0,0.0
2016,8,GOBIERNO REGIONAL DEL DEPARTAMENTO DE TACNA,43111.740000000005,0.0,0.0,0.0,43111.740000000005,0.0,0.0,0.0,0.0,0.0,0.0,0.0,0.0,2016-08-01,0.0,0.0,0.0
2016,8,GOBIERNO REGIONAL DEL DEPARTAMENTO DE TUMBES,0.0,0.0,0.0,2697988.09,2697988.09,0.0,0.0,0.0,0.0,0.0,0.0,0.0,0.0,2016-08-01,0.0,0.0,0.0
2016,8,GOBIERNO REGIONAL DEL DEPARTAMENTO DE UCAYALI,0.0,0.0,0.0,1241240.78,1241240.78,0.0,0.0,0.0,0.0,0.0,0.0,0.0,0.0,2016-08-01,0.0,0.0,0.0
2016,8,INSTITUTO DE INVESTIGACIONES DE LA AMAZONIA PERUANA,0.0,0.0,0.0,111880.55,111880.55,0.0,0.0,0.0,0.0,0.0,0.0,0.0,0.0,2016-08-01,0.0,0.0,0.0
2016,8,MUNICIPALIDAD METROPOLITANA DE LIMA,279536.22,0.0,0.0,0.0,279536.22,0.0,0.0,0.0,0.0,0.0,0.0,0.0,0.0,2016-08-01,0.0,0.0,0.0
2016,8,U. N. AUTÓNOMA ALTOANDINA DE TARMA,52116.93,0.0,0.0,0.0,52116.93,0.0,0.0,0.0,0.0,0.0,0.0,0.0,0.0,2016-08-01,0.0,0.0,0.0
2016,8,U.N. AGRARIA LA MOLINA,8735.52,0.0,0.0,0.0,8735.52,0.0,0.0,0.0,0.0,0.0,0.0,0.0,0.0,2016-08-01,0.0,0.0,0.0
2016,8,U.N. AUTONOMA DE ALTO AMAZONAS,0.0,0.0,0.0,2518.0,2518.0,0.0,0.0,0.0,0.0,0.0,0.0,0.0,0.0,2016-08-01,0.0,0.0,0.0
2016,8,U.N. AUTONOMA DE CHOTA,28973.91,0.0,0.0,0.0,28973.91,0.0,0.0,0.0,0.0,0.0,0.0,0.0,0.0,2016-08-01,0.0,0.0,0.0
2016,8,U.N. DANIEL ALCIDES CARRION,113281.92,0.0,0.0,0.0,113281.92,0.0,0.0,0.0,0.0,0.0,0.0,0.0,0.0,2016-08-01,0.0,0.0,0.0
2016,8,U.N. DE BARRANCA,153977.82,0.0,0.0,0.0,153977.82,0.0,0.0,0.0,0.0,0.0,0.0,0.0,0.0,2016-08-01,0.0,0.0,0.0
2016,8,U.N. DE CAJAMARCA,28973.88,0.0,0.0,0.0,28973.88,0.0,0.0,0.0,0.0,0.0,0.0,0.0,0.0,2016-08-01,0.0,0.0,0.0
2016,8,U.N. DE CAÑETE,153977.82,0.0,0.0,0.0,153977.82,0.0,0.0,0.0,0.0,0.0,0.0,0.0,0.0,2016-08-01,0.0,0.0,0.0
2016,8,U.N. DE EDUCACION ENRIQUE GUZMAN Y VALLE,8735.52,0.0,0.0,0.0,8735.52,0.0,0.0,0.0,0.0,0.0,0.0,0.0,0.0,2016-08-01,0.0,0.0,0.0
2016,8,U.N. DE FRONTERA,0.0,0.0,0.0,593149.42,593149.42,0.0,0.0,0.0,0.0,0.0,0.0,0.0,0.0,2016-08-01,0.0,0.0,0.0
2016,8,U.N. DE HUANCAVELICA,502821.36,0.0,0.0,0.0,502821.36,0.0,0.0,0.0,0.0,0.0,0.0,0.0,0.0,2016-08-01,0.0,0.0,0.0
2016,8,U.N. DE INGENIERIA,8735.49,0.0,0.0,0.0,8735.49,0.0,0.0,0.0,0.0,0.0,0.0,0.0,0.0,2016-08-01,0.0,0.0,0.0
2016,8,U.N. DE JAEN,28973.91,0.0,0.0,0.0,28973.91,0.0,0.0,0.0,0.0,0.0,0.0,0.0,0.0,2016-08-01,0.0,0.0,0.0
2016,8,U.N. DE JULIACA,52536.33,0.0,0.0,0.0,52536.33,0.0,0.0,0.0,0.0,0.0,0.0,0.0,0.0,2016-08-01,0.0,0.0,0.0
2016,8,U.N. DE LA AMAZONIA PERUANA,0.0,0.0,0.0,107140.7,107140.7,0.0,0.0,0.0,0.0,0.0,0.0,0.0,0.0,2016-08-01,0.0,0.0,0.0
2016,8,U.N. DE PIURA,0.0,0.0,0.0,593149.42,593149.42,0.0,0.0,0.0,0.0,0.0,0.0,0.0,0.0,2016-08-01,0.0,0.0,0.0
2016,8,U.N. DE SAN AGUSTIN,56567.91,0.0,0.0,0.0,56567.91,0.0,0.0,0.0,0.0,0.0,0.0,0.0,0.0,2016-08-01,0.0,0.0,0.0
2016,8,U.N. DE SAN ANTONIO ABAD DEL CUSCO,2411612.1,0.0,0.0,0.0,2411612.1,0.0,0.0,0.0,0.0,0.0,0.0,0.0,0.0,2016-08-01,0.0,0.0,0.0
2016,8,U.N. DE SAN MARTIN,12363.63,0.0,0.0,0.0,12363.63,0.0,0.0,0.0,0.0,0.0,0.0,0.0,0.0,2016-08-01,0.0,0.0,0.0
2016,8,U.N. DE TUMBES,0.0,0.0,0.0,445608.1,445608.1,0.0,0.0,0.0,0.0,0.0,0.0,0.0,0.0,2016-08-01,0.0,0.0,0.0
2016,8,U.N. DE UCAYALI,0.0,0.0,0.0,48841.28,48841.28,0.0,0.0,0.0,0.0,0.0,0.0,0.0,0.0,2016-08-01,0.0,0.0,0.0
2016,8,U.N. DEL ALTIPLANO,52536.3,0.0,0.0,0.0,52536.3,0.0,0.0,0.0,0.0,0.0,0.0,0.0,0.0,2016-08-01,0.0,0.0,0.0
2016,8,U.N. DEL CENTRO DEL PERU,52116.93,0.0,0.0,0.0,52116.93,0.0,0.0,0.0,0.0,0.0,0.0,0.0,0.0,2016-08-01,0.0,0.0,0.0
2016,8,U.N. DEL SANTA,126948.0,0.0,0.0,0.0,126948.0,0.0,0.0,0.0,0.0,0.0,0.0,0.0,0.0,2016-08-01,0.0,0.0,0.0
2016,8,U.N. FEDERICO VILLARREAL,8735.49,0.0,0.0,0.0,8735.49,0.0,0.0,0.0,0.0,0.0,0.0,0.0,0.0,2016-08-01,0.0,0.0,0.0
2016,8,U.N. INTERCULTURAL DE LA AMAZONIA,0.0,0.0,0.0,48841.28,48841.28,0.0,0.0,0.0,0.0,0.0,0.0,0.0,0.0,2016-08-01,0.0,0.0,0.0
2016,8,U.N. INTERCULTURAL DE LA SELVA CENTRAL JUAN SANTOS ATAHUALPA,52116.96,0.0,0.0,0.0,52116.96,0.0,0.0,0.0,0.0,0.0,0.0,0.0,0.0,2016-08-01,0.0,0.0,0.0
2016,8,U.N. INTERCULTURAL DE QUILLABAMBA,2411612.11,0.0,0.0,0.0,2411612.11,0.0,0.0,0.0,0.0,0.0,0.0,0.0,0.0,2016-08-01,0.0,0.0,0.0
2016,8,U.N. JORGE BASADRE GROHMANN,10777.92,0.0,0.0,0.0,10777.92,0.0,0.0,0.0,0.0,0.0,0.0,0.0,0.0,2016-08-01,0.0,0.0,0.0
2016,8,U.N. JOSE FAUSTINO SANCHEZ CARRION,153977.82,0.0,0.0,0.0,153977.82,0.0,0.0,0.0,0.0,0.0,0.0,0.0,0.0,2016-08-01,0.0,0.0,0.0
2016,8,U.N. JOSE MARIA ARGUEDAS,0.0,0.0,1308964.25,0.0,1308964.25,0.0,0.0,0.0,0.0,0.0,0.0,0.0,0.0,2016-08-01,0.0,0.0,0.0
2016,8,U.N. MAYOR DE SAN MARCOS,8735.49,0.0,0.0,0.0,8735.49,0.0,0.0,0.0,0.0,0.0,0.0,0.0,0.0,2016-08-01,0.0,0.0,0.0
2016,8,U.N. MICAELA BASTIDAS DE APURIMAC,0.0,0.0,1308964.25,0.0,1308964.25,0.0,0.0,0.0,0.0,0.0,0.0,0.0,0.0,2016-08-01,0.0,0.0,0.0
2016,8,U.N. SANTIAGO ANTUNEZ DE MAYOLO,126948.0,0.0,0.0,0.0,126948.0,0.0,0.0,0.0,0.0,0.0,0.0,0.0,0.0,2016-08-01,0.0,0.0,0.0
2016,8,U.N. TECNOLOGICA DEL CONO SUR DE LIMA,8735.52,0.0,0.0,0.0,8735.52,0.0,0.0,0.0,0.0,0.0,0.0,0.0,0.0,2016-08-01,0.0,0.0,0.0
2016,9, ,213842011.47,438650873.23,0.0,28133703.24,680626587.94,184191702.72,30986331.12,215178033.84,1455446009.42,264829164.31,0.1819573949125981,0.4676412477926487,0.1819573949125981,2016-09-01,19.18697631245519,0.03310849356337918,0.08509078320202712
2016,9,GOBIERNO REGIONAL DE LA PROVINCIA CONSTITUCIONAL DEL CALLAO,173408.84000000003,0.0,0.0,0.0,173408.84000000003,0.0,0.0,0.0,0.0,0.0,0.0,0.0,0.0,2016-09-01,0.0,0.0,0.0
2016,9,GOBIERNO REGIONAL DEL DEPARTAMENTO DE AMAZONAS,399.42,0.0,0.0,0.0,399.42,0.0,0.0,0.0,0.0,0.0,0.0,0.0,0.0,2016-09-01,0.0,0.0,0.0
2016,9,GOBIERNO REGIONAL DEL DEPARTAMENTO DE ANCASH,9418060.21,0.0,0.0,0.0,9418060.21,0.0,0.0,0.0,0.0,0.0,0.0,0.0,0.0,2016-09-01,0.0,0.0,0.0
2016,9,GOBIERNO REGIONAL DEL DEPARTAMENTO DE APURIMAC,265.41,0.0,0.0,0.0,265.41,0.0,0.0,0.0,0.0,0.0,0.0,0.0,0.0,2016-09-01,0.0,0.0,0.0
2016,9,GOBIERNO REGIONAL DEL DEPARTAMENTO DE AREQUIPA,297932.56,0.0,0.0,0.0,297932.56,0.0,0.0,0.0,0.0,0.0,0.0,0.0,0.0,2016-09-01,0.0,0.0,0.0
2016,9,GOBIERNO REGIONAL DEL DEPARTAMENTO DE AYACUCHO,8607.46,0.0,0.0,0.0,8607.46,0.0,0.0,0.0,0.0,0.0,0.0,0.0,0.0,2016-09-01,0.0,0.0,0.0
2016,9,GOBIERNO REGIONAL DEL DEPARTAMENTO DE CAJAMARCA,258564.77,0.0,0.0,0.0,258564.77,0.0,0.0,0.0,0.0,0.0,0.0,0.0,0.0,2016-09-01,0.0,0.0,0.0
2016,9,GOBIERNO REGIONAL DEL DEPARTAMENTO DE CUSCO,19198683.46,0.0,0.0,0.0,19198683.46,0.0,0.0,0.0,0.0,0.0,0.0,0.0,0.0,2016-09-01,0.0,0.0,0.0
2016,9,GOBIERNO REGIONAL DEL DEPARTAMENTO DE HUANCAVELICA,642327.82,0.0,0.0,0.0,642327.82,0.0,0.0,0.0,0.0,0.0,0.0,0.0,0.0,2016-09-01,0.0,0.0,0.0
2016,9,GOBIERNO REGIONAL DEL DEPARTAMENTO DE HUANUCO,451.0,0.0,0.0,0.0,451.0,0.0,0.0,0.0,0.0,0.0,0.0,0.0,0.0,2016-09-01,0.0,0.0,0.0
2016,9,GOBIERNO REGIONAL DEL DEPARTAMENTO DE ICA,251873.15,0.0,0.0,0.0,251873.15,0.0,0.0,0.0,0.0,0.0,0.0,0.0,0.0,2016-09-01,0.0,0.0,0.0
2016,9,GOBIERNO REGIONAL DEL DEPARTAMENTO DE JUNIN,211547.04,0.0,0.0,0.0,211547.04,0.0,0.0,0.0,0.0,0.0,0.0,0.0,0.0,2016-09-01,0.0,0.0,0.0
2016,9,GOBIERNO REGIONAL DEL DEPARTAMENTO DE LA LIBERTAD,271685.86,0.0,0.0,0.0,271685.86,0.0,0.0,0.0,0.0,0.0,0.0,0.0,0.0,2016-09-01,0.0,0.0,0.0
2016,9,GOBIERNO REGIONAL DEL DEPARTAMENTO DE LAMBAYEQUE,7.439999999999999,0.0,0.0,0.0,7.439999999999999,0.0,0.0,0.0,0.0,0.0,0.0,0.0,0.0,2016-09-01,0.0,0.0,0.0
2016,9,GOBIERNO REGIONAL DEL DEPARTAMENTO DE LIMA,975329.21,0.0,0.0,0.0,975329.21,0.0,0.0,0.0,0.0,0.0,0.0,0.0,0.0,2016-09-01,0.0,0.0,0.0
2016,9,GOBIERNO REGIONAL DEL DEPARTAMENTO DE LORETO,1829.99,0.0,0.0,891404.2999999999,893234.2899999999,0.0,0.0,0.0,0.0,0.0,0.0,0.0,0.0,2016-09-01,0.0,0.0,0.0
2016,9,GOBIERNO REGIONAL DEL DEPARTAMENTO DE MADRE DE DIOS,316.06,0.0,0.0,0.0,316.06,0.0,0.0,0.0,0.0,0.0,0.0,0.0,0.0,2016-09-01,0.0,0.0,0.0
2016,9,GOBIERNO REGIONAL DEL DEPARTAMENTO DE MOQUEGUA,5316523.08,0.0,0.0,0.0,5316523.08,0.0,0.0,0.0,0.0,0.0,0.0,0.0,0.0,2016-09-01,0.0,0.0,0.0
2016,9,GOBIERNO REGIONAL DEL DEPARTAMENTO DE PASCO,182413.45,0.0,0.0,0.0,182413.45,0.0,0.0,0.0,0.0,0.0,0.0,0.0,0.0,2016-09-01,0.0,0.0,0.0
2016,9,GOBIERNO REGIONAL DEL DEPARTAMENTO DE PIURA,137648.21,0.0,0.0,9647407.41,9785055.62,0.0,0.0,0.0,0.0,0.0,0.0,0.0,0.0,2016-09-01,0.0,0.0,0.0
2016,9,GOBIERNO REGIONAL DEL DEPARTAMENTO DE PUNO,208550.31,0.0,0.0,0.0,208550.31,0.0,0.0,0.0,0.0,0.0,0.0,0.0,0.0,2016-09-01,0.0,0.0,0.0
2016,9,GOBIERNO REGIONAL DEL DEPARTAMENTO DE SAN MARTIN,19072.32,0.0,0.0,0.0,19072.32,0.0,0.0,0.0,0.0,0.0,0.0,0.0,0.0,2016-09-01,0.0,0.0,0.0
2016,9,GOBIERNO REGIONAL DEL DEPARTAMENTO DE TACNA,3117313.13,0.0,0.0,0.0,3117313.13,0.0,0.0,0.0,0.0,0.0,0.0,0.0,0.0,2016-09-01,0.0,0.0,0.0
2016,9,GOBIERNO REGIONAL DEL DEPARTAMENTO DE TUMBES,928.96,0.0,0.0,2640640.43,2641569.39,0.0,0.0,0.0,0.0,0.0,0.0,0.0,0.0,2016-09-01,0.0,0.0,0.0
2016,9,GOBIERNO REGIONAL DEL DEPARTAMENTO DE UCAYALI,954.11,0.0,0.0,841786.54,842740.65,0.0,0.0,0.0,0.0,0.0,0.0,0.0,0.0,2016-09-01,0.0,0.0,0.0
2016,9,INSTITUTO DE INVESTIGACIONES DE LA AMAZONIA PERUANA,0.0,0.0,0.0,121638.38,121638.38,0.0,0.0,0.0,0.0,0.0,0.0,0.0,0.0,2016-09-01,0.0,0.0,0.0
2016,9,MUNICIPALIDAD METROPOLITANA DE LIMA,121750.76,0.0,0.0,0.0,121750.76,0.0,0.0,0.0,0.0,0.0,0.0,0.0,0.0,2016-09-01,0.0,0.0,0.0
2016,9,U. N. AUTÓNOMA ALTOANDINA DE TARMA,30848.98,0.0,0.0,0.0,30848.98,0.0,0.0,0.0,0.0,0.0,0.0,0.0,0.0,2016-09-01,0.0,0.0,0.0
2016,9,U.N. AGRARIA DE LA SELVA,431.17,0.0,0.0,0.0,431.17,0.0,0.0,0.0,0.0,0.0,0.0,0.0,0.0,2016-09-01,0.0,0.0,0.0
2016,9,U.N. AGRARIA LA MOLINA,3319.84,0.0,0.0,0.0,3319.84,0.0,0.0,0.0,0.0,0.0,0.0,0.0,0.0,2016-09-01,0.0,0.0,0.0
2016,9,U.N. AMAZONICA DE MADRE DE DIOS,596.0,0.0,0.0,0.0,596.0,0.0,0.0,0.0,0.0,0.0,0.0,0.0,0.0,2016-09-01,0.0,0.0,0.0
2016,9,U.N. AUTONOMA DE ALTO AMAZONAS,71.43,0.0,0.0,6501.49,6572.92,0.0,0.0,0.0,0.0,0.0,0.0,0.0,0.0,2016-09-01,0.0,0.0,0.0
2016,9,U.N. AUTONOMA DE CHOTA,46600.85,0.0,0.0,0.0,46600.85,0.0,0.0,0.0,0.0,0.0,0.0,0.0,0.0,2016-09-01,0.0,0.0,0.0
2016,9,U.N. AUTÓNOMA DE HUANTA,8253.05,0.0,0.0,0.0,8253.05,0.0,0.0,0.0,0.0,0.0,0.0,0.0,0.0,2016-09-01,0.0,0.0,0.0
2016,9,U.N. DANIEL ALCIDES CARRION,54475.32,0.0,0.0,0.0,54475.32,0.0,0.0,0.0,0.0,0.0,0.0,0.0,0.0,2016-09-01,0.0,0.0,0.0
2016,9,U.N. DE BARRANCA,87897.12,0.0,0.0,0.0,87897.12,0.0,0.0,0.0,0.0,0.0,0.0,0.0,0.0,2016-09-01,0.0,0.0,0.0
2016,9,U.N. DE CAJAMARCA,65722.57,0.0,0.0,0.0,65722.57,0.0,0.0,0.0,0.0,0.0,0.0,0.0,0.0,2016-09-01,0.0,0.0,0.0
2016,9,U.N. DE CAÑETE,84946.44,0.0,0.0,0.0,84946.44,0.0,0.0,0.0,0.0,0.0,0.0,0.0,0.0,2016-09-01,0.0,0.0,0.0
2016,9,U.N. DE EDUCACION ENRIQUE GUZMAN Y VALLE,3899.87,0.0,0.0,0.0,3899.87,0.0,0.0,0.0,0.0,0.0,0.0,0.0,0.0,2016-09-01,0.0,0.0,0.0
2016,9,U.N. DE FRONTERA,20098.77,0.0,0.0,846576.78,866675.55,0.0,0.0,0.0,0.0,0.0,0.0,0.0,0.0,2016-09-01,0.0,0.0,0.0
2016,9,U.N. DE HUANCAVELICA,182199.52,0.0,0.0,0.0,182199.52,0.0,0.0,0.0,0.0,0.0,0.0,0.0,0.0,2016-09-01,0.0,0.0,0.0
2016,9,U.N. DE INGENIERIA,3282.03,0.0,0.0,0.0,3282.03,0.0,0.0,0.0,0.0,0.0,0.0,0.0,0.0,2016-09-01,0.0,0.0,0.0
2016,9,U.N. DE JAEN,88347.79,0.0,0.0,0.0,88347.79,0.0,0.0,0.0,0.0,0.0,0.0,0.0,0.0,2016-09-01,0.0,0.0,0.0
2016,9,U.N. DE JULIACA,43479.49,0.0,0.0,0.0,43479.49,0.0,0.0,0.0,0.0,0.0,0.0,0.0,0.0,2016-09-01,0.0,0.0,0.0
2016,9,U.N. DE LA AMAZONIA PERUANA,74.87,0.0,0.0,128337.89,128412.76,0.0,0.0,0.0,0.0,0.0,0.0,0.0,0.0,2016-09-01,0.0,0.0,0.0
2016,9,U.N. DE MOQUEGUA,115995.75,0.0,0.0,0.0,115995.75,0.0,0.0,0.0,0.0,0.0,0.0,0.0,0.0,2016-09-01,0.0,0.0,0.0
2016,9,U.N. DE PIURA,20098.77,0.0,0.0,677315.78,697414.55,0.0,0.0,0.0,0.0,0.0,0.0,0.0,0.0,2016-09-01,0.0,0.0,0.0
2016,9,U.N. DE SAN AGUSTIN,321647.72,0.0,0.0,0.0,321647.72,0.0,0.0,0.0,0.0,0.0,0.0,0.0,0.0,2016-09-01,0.0,0.0,0.0
2016,9,U.N. DE SAN ANTONIO ABAD DEL CUSCO,2945637.38,0.0,0.0,0.0,2945637.38,0.0,0.0,0.0,0.0,0.0,0.0,0.0,0.0,2016-09-01,0.0,0.0,0.0
2016,9,U.N. DE SAN MARTIN,4638.02,0.0,0.0,0.0,4638.02,0.0,0.0,0.0,0.0,0.0,0.0,0.0,0.0,2016-09-01,0.0,0.0,0.0
2016,9,U.N. DE TRUJILLO,114857.23,0.0,0.0,0.0,114857.23,0.0,0.0,0.0,0.0,0.0,0.0,0.0,0.0,2016-09-01,0.0,0.0,0.0
2016,9,U.N. DE TUMBES,241.39,0.0,0.0,441146.44,441387.83,0.0,0.0,0.0,0.0,0.0,0.0,0.0,0.0,2016-09-01,0.0,0.0,0.0
2016,9,U.N. DE UCAYALI,26.41,0.0,0.0,56727.92,56754.33,0.0,0.0,0.0,0.0,0.0,0.0,0.0,0.0,2016-09-01,0.0,0.0,0.0
2016,9,U.N. DEL ALTIPLANO,38492.05,0.0,0.0,0.0,38492.05,0.0,0.0,0.0,0.0,0.0,0.0,0.0,0.0,2016-09-01,0.0,0.0,0.0
2016,9,U.N. DEL CALLAO,44406.06999999999,0.0,0.0,0.0,44406.06999999999,0.0,0.0,0.0,0.0,0.0,0.0,0.0,0.0,2016-09-01,0.0,0.0,0.0
2016,9,U.N. DEL CENTRO DEL PERU,31320.13,0.0,0.0,0.0,31320.13,0.0,0.0,0.0,0.0,0.0,0.0,0.0,0.0,2016-09-01,0.0,0.0,0.0
2016,9,U.N. DEL SANTA,350970.98,0.0,0.0,0.0,350970.98,0.0,0.0,0.0,0.0,0.0,0.0,0.0,0.0,2016-09-01,0.0,0.0,0.0
2016,9,U.N. FEDERICO VILLARREAL,3734.53,0.0,0.0,0.0,3734.53,0.0,0.0,0.0,0.0,0.0,0.0,0.0,0.0,2016-09-01,0.0,0.0,0.0
2016,9,U.N. HERMILIO VALDIZAN,99.71,0.0,0.0,0.0,99.71,0.0,0.0,0.0,0.0,0.0,0.0,0.0,0.0,2016-09-01,0.0,0.0,0.0
2016,9,U.N. INTERCULTURAL DE LA AMAZONIA,53.77,0.0,0.0,57479.59,57533.35999999999,0.0,0.0,0.0,0.0,0.0,0.0,0.0,0.0,2016-09-01,0.0,0.0,0.0
2016,9,U.N. INTERCULTURAL DE LA SELVA CENTRAL JUAN SANTOS ATAHUALPA,28114.45,0.0,0.0,0.0,28114.45,0.0,0.0,0.0,0.0,0.0,0.0,0.0,0.0,2016-09-01,0.0,0.0,0.0
2016,9,U.N. INTERCULTURAL DE QUILLABAMBA,3107780.83,0.0,0.0,0.0,3107780.83,0.0,0.0,0.0,0.0,0.0,0.0,0.0,0.0,2016-09-01,0.0,0.0,0.0
2016,9,U.N. INTERCULTURAL FABIOLA SALAZAR LEGUIA DE BAGUA,2.69,0.0,0.0,0.0,2.69,0.0,0.0,0.0,0.0,0.0,0.0,0.0,0.0,2016-09-01,0.0,0.0,0.0
2016,9,U.N. JORGE BASADRE GROHMANN,195341.71,0.0,0.0,0.0,195341.71,0.0,0.0,0.0,0.0,0.0,0.0,0.0,0.0,2016-09-01,0.0,0.0,0.0
2016,9,U.N. JOSE FAUSTINO SANCHEZ CARRION,99846.39,0.0,0.0,0.0,99846.39,0.0,0.0,0.0,0.0,0.0,0.0,0.0,0.0,2016-09-01,0.0,0.0,0.0
2016,9,U.N. JOSE MARIA ARGUEDAS,402.37,0.0,0.0,0.0,402.37,0.0,0.0,0.0,0.0,0.0,0.0,0.0,0.0,2016-09-01,0.0,0.0,0.0
2016,9,U.N. MAYOR DE SAN MARCOS,3030.73,0.0,0.0,0.0,3030.73,0.0,0.0,0.0,0.0,0.0,0.0,0.0,0.0,2016-09-01,0.0,0.0,0.0
2016,9,U.N. MICAELA BASTIDAS DE APURIMAC,1467.91,0.0,0.0,0.0,1467.91,0.0,0.0,0.0,0.0,0.0,0.0,0.0,0.0,2016-09-01,0.0,0.0,0.0
2016,9,U.N. PEDRO RUIZ GALLO,85.37,0.0,0.0,0.0,85.37,0.0,0.0,0.0,0.0,0.0,0.0,0.0,0.0,2016-09-01,0.0,0.0,0.0
2016,9,U.N. SAN CRISTOBAL DE HUAMANGA,8742.45,0.0,0.0,0.0,8742.45,0.0,0.0,0.0,0.0,0.0,0.0,0.0,0.0,2016-09-01,0.0,0.0,0.0
2016,9,U.N. SAN LUIS GONZAGA DE ICA,66582.08,0.0,0.0,0.0,66582.08,0.0,0.0,0.0,0.0,0.0,0.0,0.0,0.0,2016-09-01,0.0,0.0,0.0
2016,9,U.N. SANTIAGO ANTUNEZ DE MAYOLO,331611.13,0.0,0.0,0.0,331611.13,0.0,0.0,0.0,0.0,0.0,0.0,0.0,0.0,2016-09-01,0.0,0.0,0.0
2016,9,U.N. TECNOLOGICA DEL CONO SUR DE LIMA,3899.88,0.0,0.0,0.0,3899.88,0.0,0.0,0.0,0.0,0.0,0.0,0.0,0.0,2016-09-01,0.0,0.0,0.0
2016,9,U.N. TORIBIO RODRIGUEZ DE MENDOZA DE AMAZONAS,0.04,0.0,0.0,0.0,0.04,0.0,0.0,0.0,0.0,0.0,0.0,0.0,0.0,2016-09-01,0.0,0.0,0.0
2016,10, ,84489773.08,433587205.92,5452555.16,25716862.96,549246397.12,126267291.27,23828333.57,150095624.84,1561367066.73,226849769.4,0.145289198314587,0.3517727565948326,0.145289198314587,2016-10-01,18.826783154540156,0.021108951146895392,0.05110878179457558
2016,10,GOBIERNO REGIONAL DE LA PROVINCIA CONSTITUCIONAL DEL CALLAO,217819.29,0.0,0.0,0.0,217819.29,0.0,0.0,0.0,0.0,0.0,0.0,0.0,0.0,2016-10-01,0.0,0.0,0.0
2016,10,GOBIERNO REGIONAL DEL DEPARTAMENTO DE AMAZONAS,788.31,0.0,0.0,0.0,788.31,0.0,0.0,0.0,0.0,0.0,0.0,0.0,0.0,2016-10-01,0.0,0.0,0.0
2016,10,GOBIERNO REGIONAL DEL DEPARTAMENTO DE ANCASH,1477937.6,0.0,0.0,0.0,1477937.6,0.0,0.0,0.0,0.0,0.0,0.0,0.0,0.0,2016-10-01,0.0,0.0,0.0
2016,10,GOBIERNO REGIONAL DEL DEPARTAMENTO DE APURIMAC,4.23,0.0,1023006.87,0.0,1023011.1,0.0,0.0,0.0,0.0,0.0,0.0,0.0,0.0,2016-10-01,0.0,0.0,0.0
2016,10,GOBIERNO REGIONAL DEL DEPARTAMENTO DE AREQUIPA,137236.0,0.0,0.0,0.0,137236.0,0.0,0.0,0.0,0.0,0.0,0.0,0.0,0.0,2016-10-01,0.0,0.0,0.0
2016,10,GOBIERNO REGIONAL DEL DEPARTAMENTO DE AYACUCHO,16914.84,0.0,0.0,0.0,16914.84,0.0,0.0,0.0,0.0,0.0,0.0,0.0,0.0,2016-10-01,0.0,0.0,0.0
2016,10,GOBIERNO REGIONAL DEL DEPARTAMENTO DE CAJAMARCA,1326142.61,0.0,0.0,0.0,1326142.61,0.0,0.0,0.0,0.0,0.0,0.0,0.0,0.0,2016-10-01,0.0,0.0,0.0
2016,10,GOBIERNO REGIONAL DEL DEPARTAMENTO DE CUSCO,21898520.57,0.0,0.0,0.0,21898520.57,0.0,0.0,0.0,0.0,0.0,0.0,0.0,0.0,2016-10-01,0.0,0.0,0.0
2016,10,GOBIERNO REGIONAL DEL DEPARTAMENTO DE HUANCAVELICA,2186127.84,0.0,0.0,0.0,2186127.84,0.0,0.0,0.0,0.0,0.0,0.0,0.0,0.0,2016-10-01,0.0,0.0,0.0
2016,10,GOBIERNO REGIONAL DEL DEPARTAMENTO DE HUANUCO,548.13,0.0,0.0,0.0,548.13,0.0,0.0,0.0,0.0,0.0,0.0,0.0,0.0,2016-10-01,0.0,0.0,0.0
2016,10,GOBIERNO REGIONAL DEL DEPARTAMENTO DE ICA,266080.32,0.0,0.0,0.0,266080.32,0.0,0.0,0.0,0.0,0.0,0.0,0.0,0.0,2016-10-01,0.0,0.0,0.0
2016,10,GOBIERNO REGIONAL DEL DEPARTAMENTO DE JUNIN,212946.05,0.0,0.0,0.0,212946.05,0.0,0.0,0.0,0.0,0.0,0.0,0.0,0.0,2016-10-01,0.0,0.0,0.0
2016,10,GOBIERNO REGIONAL DEL DEPARTAMENTO DE LA LIBERTAD,309311.81,0.0,0.0,0.0,309311.81,0.0,0.0,0.0,0.0,0.0,0.0,0.0,0.0,2016-10-01,0.0,0.0,0.0
2016,10,GOBIERNO REGIONAL DEL DEPARTAMENTO DE LAMBAYEQUE,9.89,0.0,0.0,0.0,9.89,0.0,0.0,0.0,0.0,0.0,0.0,0.0,0.0,2016-10-01,0.0,0.0,0.0
2016,10,GOBIERNO REGIONAL DEL DEPARTAMENTO DE LIMA,1094487.93,0.0,0.0,0.0,1094487.93,0.0,0.0,0.0,0.0,0.0,0.0,0.0,0.0,2016-10-01,0.0,0.0,0.0
2016,10,GOBIERNO REGIONAL DEL DEPARTAMENTO DE LORETO,903612.33,0.0,0.0,699041.54,1602653.87,0.0,0.0,0.0,0.0,0.0,0.0,0.0,0.0,2016-10-01,0.0,0.0,0.0
2016,10,GOBIERNO REGIONAL DEL DEPARTAMENTO DE MADRE DE DIOS,622.24,0.0,0.0,0.0,622.24,0.0,0.0,0.0,0.0,0.0,0.0,0.0,0.0,2016-10-01,0.0,0.0,0.0
2016,10,GOBIERNO REGIONAL DEL DEPARTAMENTO DE MOQUEGUA,1060648.93,0.0,0.0,0.0,1060648.93,0.0,0.0,0.0,0.0,0.0,0.0,0.0,0.0,2016-10-01,0.0,0.0,0.0
2016,10,GOBIERNO REGIONAL DEL DEPARTAMENTO DE PASCO,193487.98,0.0,0.0,0.0,193487.98,0.0,0.0,0.0,0.0,0.0,0.0,0.0,0.0,2016-10-01,0.0,0.0,0.0
2016,10,GOBIERNO REGIONAL DEL DEPARTAMENTO DE PIURA,36296.34,0.0,0.0,7138270.47,7174566.81,0.0,0.0,0.0,0.0,0.0,0.0,0.0,0.0,2016-10-01,0.0,0.0,0.0
2016,10,GOBIERNO REGIONAL DEL DEPARTAMENTO DE PUNO,795088.71,0.0,0.0,0.0,795088.71,0.0,0.0,0.0,0.0,0.0,0.0,0.0,0.0,2016-10-01,0.0,0.0,0.0
2016,10,GOBIERNO REGIONAL DEL DEPARTAMENTO DE SAN MARTIN,21806.91,0.0,0.0,0.0,21806.91,0.0,0.0,0.0,0.0,0.0,0.0,0.0,0.0,2016-10-01,0.0,0.0,0.0
2016,10,GOBIERNO REGIONAL DEL DEPARTAMENTO DE TACNA,200077.15,0.0,0.0,0.0,200077.15,0.0,0.0,0.0,0.0,0.0,0.0,0.0,0.0,2016-10-01,0.0,0.0,0.0
2016,10,GOBIERNO REGIONAL DEL DEPARTAMENTO DE TUMBES,205.3,0.0,0.0,2866494.1300000004,2866699.43,0.0,0.0,0.0,0.0,0.0,0.0,0.0,0.0,2016-10-01,0.0,0.0,0.0
2016,10,GOBIERNO REGIONAL DEL DEPARTAMENTO DE UCAYALI,1883.38,0.0,0.0,492793.57,494676.95,0.0,0.0,0.0,0.0,0.0,0.0,0.0,0.0,2016-10-01,0.0,0.0,0.0
2016,10,INSTITUTO DE INVESTIGACIONES DE LA AMAZONIA PERUANA,0.0,0.0,0.0,45805.67,45805.67,0.0,0.0,0.0,0.0,0.0,0.0,0.0,0.0,2016-10-01,0.0,0.0,0.0
2016,10,MUNICIPALIDAD METROPOLITANA DE LIMA,149283.58,0.0,0.0,0.0,149283.58,0.0,0.0,0.0,0.0,0.0,0.0,0.0,0.0,2016-10-01,0.0,0.0,0.0
2016,10,U. N. AUTONOMA DE TAYACAJA DANIEL HERNANDEZ MORILLO,9366936.4,0.0,0.0,0.0,9366936.4,0.0,0.0,0.0,0.0,0.0,0.0,0.0,0.0,2016-10-01,0.0,0.0,0.0
2016,10,U. N. AUTÓNOMA ALTOANDINA DE TARMA,44198.740000000005,0.0,0.0,0.0,44198.740000000005,0.0,0.0,0.0,0.0,0.0,0.0,0.0,0.0,2016-10-01,0.0,0.0,0.0
2016,10,U.N. AGRARIA DE LA SELVA,687.0899999999999,0.0,0.0,0.0,687.0899999999999,0.0,0.0,0.0,0.0,0.0,0.0,0.0,0.0,2016-10-01,0.0,0.0,0.0
2016,10,U.N. AGRARIA LA MOLINA,3692.83,0.0,0.0,0.0,3692.83,0.0,0.0,0.0,0.0,0.0,0.0,0.0,0.0,2016-10-01,0.0,0.0,0.0
2016,10,U.N. AMAZONICA DE MADRE DE DIOS,1176.06,0.0,0.0,0.0,1176.06,0.0,0.0,0.0,0.0,0.0,0.0,0.0,0.0,2016-10-01,0.0,0.0,0.0
2016,10,U.N. AUTONOMA DE ALTO AMAZONAS,141.0,0.0,0.0,9728.24,9869.24,0.0,0.0,0.0,0.0,0.0,0.0,0.0,0.0,2016-10-01,0.0,0.0,0.0
2016,10,U.N. AUTONOMA DE CHOTA,79822.23,0.0,0.0,0.0,79822.23,0.0,0.0,0.0,0.0,0.0,0.0,0.0,0.0,2016-10-01,0.0,0.0,0.0
2016,10,U.N. AUTÓNOMA DE HUANTA,16285.99,0.0,0.0,0.0,16285.99,0.0,0.0,0.0,0.0,0.0,0.0,0.0,0.0,2016-10-01,0.0,0.0,0.0
2016,10,U.N. DANIEL ALCIDES CARRION,66601.39,0.0,0.0,0.0,66601.39,0.0,0.0,0.0,0.0,0.0,0.0,0.0,0.0,2016-10-01,0.0,0.0,0.0
2016,10,U.N. DE BARRANCA,110028.61,0.0,0.0,0.0,110028.61,0.0,0.0,0.0,0.0,0.0,0.0,0.0,0.0,2016-10-01,0.0,0.0,0.0
2016,10,U.N. DE CAJAMARCA,118400.11,0.0,0.0,0.0,118400.11,0.0,0.0,0.0,0.0,0.0,0.0,0.0,0.0,2016-10-01,0.0,0.0,0.0
2016,10,U.N. DE CAÑETE,102274.89,0.0,0.0,0.0,102274.89,0.0,0.0,0.0,0.0,0.0,0.0,0.0,0.0,2016-10-01,0.0,0.0,0.0
2016,10,U.N. DE EDUCACION ENRIQUE GUZMAN Y VALLE,4853.25,0.0,0.0,0.0,4853.25,0.0,0.0,0.0,0.0,0.0,0.0,0.0,0.0,2016-10-01,0.0,0.0,0.0
2016,10,U.N. DE FRONTERA,10242.17,0.0,0.0,963337.07,973579.24,0.0,0.0,0.0,0.0,0.0,0.0,0.0,0.0,2016-10-01,0.0,0.0,0.0
2016,10,U.N. DE HUANCAVELICA,198615.8,0.0,0.0,0.0,198615.8,0.0,0.0,0.0,0.0,0.0,0.0,0.0,0.0,2016-10-01,0.0,0.0,0.0
2016,10,U.N. DE INGENIERIA,3531.1200000000003,0.0,0.0,0.0,3531.1200000000003,0.0,0.0,0.0,0.0,0.0,0.0,0.0,0.0,2016-10-01,0.0,0.0,0.0
2016,10,U.N. DE JAEN,165004.62,0.0,0.0,0.0,165004.62,0.0,0.0,0.0,0.0,0.0,0.0,0.0,0.0,2016-10-01,0.0,0.0,0.0
2016,10,U.N. DE JULIACA,66917.67,0.0,0.0,0.0,66917.67,0.0,0.0,0.0,0.0,0.0,0.0,0.0,0.0,2016-10-01,0.0,0.0,0.0
2016,10,U.N. DE LA AMAZONIA PERUANA,147.79,0.0,0.0,38558.28,38706.07,0.0,0.0,0.0,0.0,0.0,0.0,0.0,0.0,2016-10-01,0.0,0.0,0.0
2016,10,U.N. DE MOQUEGUA,158649.07,0.0,0.0,0.0,158649.07,0.0,0.0,0.0,0.0,0.0,0.0,0.0,0.0,2016-10-01,0.0,0.0,0.0
2016,10,U.N. DE PIURA,10242.17,0.0,0.0,621692.48,631934.65,0.0,0.0,0.0,0.0,0.0,0.0,0.0,0.0,2016-10-01,0.0,0.0,0.0
2016,10,U.N. DE SAN AGUSTIN,524012.48,0.0,0.0,0.0,524012.48,0.0,0.0,0.0,0.0,0.0,0.0,0.0,0.0,2016-10-01,0.0,0.0,0.0
2016,10,U.N. DE SAN ANTONIO ABAD DEL CUSCO,3357473.0500000003,0.0,0.0,0.0,3357473.0500000003,0.0,0.0,0.0,0.0,0.0,0.0,0.0,0.0,2016-10-01,0.0,0.0,0.0
2016,10,U.N. DE SAN MARTIN,5195.26,0.0,0.0,0.0,5195.26,0.0,0.0,0.0,0.0,0.0,0.0,0.0,0.0,2016-10-01,0.0,0.0,0.0
2016,10,U.N. DE TRUJILLO,204325.78,0.0,0.0,0.0,204325.78,0.0,0.0,0.0,0.0,0.0,0.0,0.0,0.0,2016-10-01,0.0,0.0,0.0
2016,10,U.N. DE TUMBES,69.35,0.0,0.0,411840.69,411910.04,0.0,0.0,0.0,0.0,0.0,0.0,0.0,0.0,2016-10-01,0.0,0.0,0.0
2016,10,U.N. DE UCAYALI,52.12,0.0,0.0,44992.75,45044.87,0.0,0.0,0.0,0.0,0.0,0.0,0.0,0.0,2016-10-01,0.0,0.0,0.0
2016,10,U.N. DEL ALTIPLANO,59127.16,0.0,0.0,0.0,59127.16,0.0,0.0,0.0,0.0,0.0,0.0,0.0,0.0,2016-10-01,0.0,0.0,0.0
2016,10,U.N. DEL CALLAO,56532.57,0.0,0.0,0.0,56532.57,0.0,0.0,0.0,0.0,0.0,0.0,0.0,0.0,2016-10-01,0.0,0.0,0.0
2016,10,U.N. DEL CENTRO DEL PERU,45128.76,0.0,0.0,0.0,45128.76,0.0,0.0,0.0,0.0,0.0,0.0,0.0,0.0,2016-10-01,0.0,0.0,0.0
2016,10,U.N. DEL SANTA,528924.4,0.0,0.0,0.0,528924.4,0.0,0.0,0.0,0.0,0.0,0.0,0.0,0.0,2016-10-01,0.0,0.0,0.0
2016,10,U.N. FEDERICO VILLARREAL,4526.84,0.0,0.0,0.0,4526.84,0.0,0.0,0.0,0.0,0.0,0.0,0.0,0.0,2016-10-01,0.0,0.0,0.0
2016,10,U.N. HERMILIO VALDIZAN,196.81,0.0,0.0,0.0,196.81,0.0,0.0,0.0,0.0,0.0,0.0,0.0,0.0,2016-10-01,0.0,0.0,0.0
2016,10,U.N. INTERCULTURAL DE LA AMAZONIA,106.14,0.0,0.0,46499.57,46605.71,0.0,0.0,0.0,0.0,0.0,0.0,0.0,0.0,2016-10-01,0.0,0.0,0.0
2016,10,U.N. INTERCULTURAL DE LA SELVA CENTRAL JUAN SANTOS ATAHUALPA,38442.01,0.0,0.0,0.0,38442.01,0.0,0.0,0.0,0.0,0.0,0.0,0.0,0.0,2016-10-01,0.0,0.0,0.0
2016,10,U.N. INTERCULTURAL DE QUILLABAMBA,3703577.83,0.0,0.0,0.0,3703577.83,0.0,0.0,0.0,0.0,0.0,0.0,0.0,0.0,2016-10-01,0.0,0.0,0.0
2016,10,U.N. INTERCULTURAL FABIOLA SALAZAR LEGUIA DE BAGUA,5.31,0.0,0.0,0.0,5.31,0.0,0.0,0.0,0.0,0.0,0.0,0.0,0.0,2016-10-01,0.0,0.0,0.0
2016,10,U.N. JORGE BASADRE GROHMANN,380902.84,0.0,0.0,0.0,380902.84,0.0,0.0,0.0,0.0,0.0,0.0,0.0,0.0,2016-10-01,0.0,0.0,0.0
2016,10,U.N. JOSE FAUSTINO SANCHEZ CARRION,133529.38999999998,0.0,0.0,0.0,133529.38999999998,0.0,0.0,0.0,0.0,0.0,0.0,0.0,0.0,2016-10-01,0.0,0.0,0.0
2016,10,U.N. JOSE MARIA ARGUEDAS,785.62,0.0,170505.37,0.0,171290.99,0.0,0.0,0.0,0.0,0.0,0.0,0.0,0.0,2016-10-01,0.0,0.0,0.0
2016,10,U.N. MAYOR DE SAN MARCOS,3137.57,0.0,0.0,0.0,3137.57,0.0,0.0,0.0,0.0,0.0,0.0,0.0,0.0,2016-10-01,0.0,0.0,0.0
2016,10,U.N. MICAELA BASTIDAS DE APURIMAC,2896.5,0.0,170505.37,0.0,173401.87,0.0,0.0,0.0,0.0,0.0,0.0,0.0,0.0,2016-10-01,0.0,0.0,0.0
2016,10,U.N. PEDRO RUIZ GALLO,168.53,0.0,0.0,0.0,168.53,0.0,0.0,0.0,0.0,0.0,0.0,0.0,0.0,2016-10-01,0.0,0.0,0.0
2016,10,U.N. SAN CRISTOBAL DE HUAMANGA,17252.03,0.0,0.0,0.0,17252.03,0.0,0.0,0.0,0.0,0.0,0.0,0.0,0.0,2016-10-01,0.0,0.0,0.0
2016,10,U.N. SAN LUIS GONZAGA DE ICA,80105.35,0.0,0.0,0.0,80105.35,0.0,0.0,0.0,0.0,0.0,0.0,0.0,0.0,2016-10-01,0.0,0.0,0.0
2016,10,U.N. SANTIAGO ANTUNEZ DE MAYOLO,491129.13,0.0,0.0,0.0,491129.13,0.0,0.0,0.0,0.0,0.0,0.0,0.0,0.0,2016-10-01,0.0,0.0,0.0
2016,10,U.N. TECNOLOGICA DEL CONO SUR DE LIMA,4758.16,0.0,0.0,0.0,4758.16,0.0,0.0,0.0,0.0,0.0,0.0,0.0,0.0,2016-10-01,0.0,0.0,0.0
2016,10,U.N. TORIBIO RODRIGUEZ DE MENDOZA DE AMAZONAS,0.08,0.0,0.0,0.0,0.08,0.0,0.0,0.0,0.0,0.0,0.0,0.0,0.0,2016-10-01,0.0,0.0,0.0
2016,11, ,83921934.11,412445010.19,10128057.67,28391234.43,534886236.4,147289716.72,35779679.84,183069396.56,2073964439.45,216096997.09,0.1041951313048102,0.2579052110179131,0.1041951313048102,2016-11-01,19.025375860558686,0.010856625387626639,0.026872467326206236
2016,11,GOBIERNO REGIONAL DE LA PROVINCIA CONSTITUCIONAL DEL CALLAO,206440.95000000004,0.0,0.0,0.0,206440.95000000004,0.0,0.0,0.0,0.0,0.0,0.0,0.0,0.0,2016-11-01,0.0,0.0,0.0
2016,11,GOBIERNO REGIONAL DEL DEPARTAMENTO DE AMAZONAS,402.8200000000001,0.0,0.0,0.0,402.8200000000001,0.0,0.0,0.0,0.0,0.0,0.0,0.0,0.0,2016-11-01,0.0,0.0,0.0
2016,11,GOBIERNO REGIONAL DEL DEPARTAMENTO DE ANCASH,1013637.84,0.0,0.0,0.0,1013637.84,0.0,0.0,0.0,0.0,0.0,0.0,0.0,0.0,2016-11-01,0.0,0.0,0.0
2016,11,GOBIERNO REGIONAL DEL DEPARTAMENTO DE APURIMAC,2.72,0.0,1900089.54,0.0,1900092.26,0.0,0.0,0.0,0.0,0.0,0.0,0.0,0.0,2016-11-01,0.0,0.0,0.0
2016,11,GOBIERNO REGIONAL DEL DEPARTAMENTO DE AREQUIPA,435642.98,0.0,0.0,0.0,435642.98,0.0,0.0,0.0,0.0,0.0,0.0,0.0,0.0,2016-11-01,0.0,0.0,0.0
2016,11,GOBIERNO REGIONAL DEL DEPARTAMENTO DE AYACUCHO,8586.490000000002,0.0,0.0,0.0,8586.490000000002,0.0,0.0,0.0,0.0,0.0,0.0,0.0,0.0,2016-11-01,0.0,0.0,0.0
2016,11,GOBIERNO REGIONAL DEL DEPARTAMENTO DE CAJAMARCA,486751.52,0.0,0.0,0.0,486751.52,0.0,0.0,0.0,0.0,0.0,0.0,0.0,0.0,2016-11-01,0.0,0.0,0.0
2016,11,GOBIERNO REGIONAL DEL DEPARTAMENTO DE CUSCO,15037219.96,0.0,0.0,0.0,15037219.96,0.0,0.0,0.0,0.0,0.0,0.0,0.0,0.0,2016-11-01,0.0,0.0,0.0
2016,11,GOBIERNO REGIONAL DEL DEPARTAMENTO DE HUANCAVELICA,744612.4800000001,0.0,0.0,0.0,744612.4800000001,0.0,0.0,0.0,0.0,0.0,0.0,0.0,0.0,2016-11-01,0.0,0.0,0.0
2016,11,GOBIERNO REGIONAL DEL DEPARTAMENTO DE HUANUCO,173.84,0.0,0.0,0.0,173.84,0.0,0.0,0.0,0.0,0.0,0.0,0.0,0.0,2016-11-01,0.0,0.0,0.0
2016,11,GOBIERNO REGIONAL DEL DEPARTAMENTO DE ICA,256912.02,0.0,0.0,0.0,256912.02,0.0,0.0,0.0,0.0,0.0,0.0,0.0,0.0,2016-11-01,0.0,0.0,0.0
2016,11,GOBIERNO REGIONAL DEL DEPARTAMENTO DE JUNIN,210778.72,0.0,0.0,0.0,210778.72,0.0,0.0,0.0,0.0,0.0,0.0,0.0,0.0,2016-11-01,0.0,0.0,0.0
2016,11,GOBIERNO REGIONAL DEL DEPARTAMENTO DE LA LIBERTAD,156613.78999999998,0.0,0.0,0.0,156613.78999999998,0.0,0.0,0.0,0.0,0.0,0.0,0.0,0.0,2016-11-01,0.0,0.0,0.0
2016,11,GOBIERNO REGIONAL DEL DEPARTAMENTO DE LAMBAYEQUE,4.33,0.0,0.0,0.0,4.33,0.0,0.0,0.0,0.0,0.0,0.0,0.0,0.0,2016-11-01,0.0,0.0,0.0
2016,11,GOBIERNO REGIONAL DEL DEPARTAMENTO DE LIMA,1719201.22,0.0,0.0,0.0,1719201.22,0.0,0.0,0.0,0.0,0.0,0.0,0.0,0.0,2016-11-01,0.0,0.0,0.0
2016,11,GOBIERNO REGIONAL DEL DEPARTAMENTO DE LORETO,51845.86,0.0,0.0,227149.78,278995.64,0.0,0.0,0.0,0.0,0.0,0.0,0.0,0.0,2016-11-01,0.0,0.0,0.0
2016,11,GOBIERNO REGIONAL DEL DEPARTAMENTO DE MADRE DE DIOS,73.38,0.0,0.0,0.0,73.38,0.0,0.0,0.0,0.0,0.0,0.0,0.0,0.0,2016-11-01,0.0,0.0,0.0
2016,11,GOBIERNO REGIONAL DEL DEPARTAMENTO DE MOQUEGUA,133198.09,0.0,0.0,0.0,133198.09,0.0,0.0,0.0,0.0,0.0,0.0,0.0,0.0,2016-11-01,0.0,0.0,0.0
2016,11,GOBIERNO REGIONAL DEL DEPARTAMENTO DE PASCO,167857.88,0.0,0.0,0.0,167857.88,0.0,0.0,0.0,0.0,0.0,0.0,0.0,0.0,2016-11-01,0.0,0.0,0.0
2016,11,GOBIERNO REGIONAL DEL DEPARTAMENTO DE PIURA,24628.960000000003,0.0,0.0,8559099.59,8583728.55,0.0,0.0,0.0,0.0,0.0,0.0,0.0,0.0,2016-11-01,0.0,0.0,0.0
2016,11,GOBIERNO REGIONAL DEL DEPARTAMENTO DE PUNO,252935.74,0.0,0.0,0.0,252935.74,0.0,0.0,0.0,0.0,0.0,0.0,0.0,0.0,2016-11-01,0.0,0.0,0.0
2016,11,GOBIERNO REGIONAL DEL DEPARTAMENTO DE SAN MARTIN,19277.53,0.0,0.0,0.0,19277.53,0.0,0.0,0.0,0.0,0.0,0.0,0.0,0.0,2016-11-01,0.0,0.0,0.0
2016,11,GOBIERNO REGIONAL DEL DEPARTAMENTO DE TACNA,100545.88,0.0,0.0,0.0,100545.88,0.0,0.0,0.0,0.0,0.0,0.0,0.0,0.0,2016-11-01,0.0,0.0,0.0
2016,11,GOBIERNO REGIONAL DEL DEPARTAMENTO DE TUMBES,106.9,0.0,0.0,2674522.38,2674629.28,0.0,0.0,0.0,0.0,0.0,0.0,0.0,0.0,2016-11-01,0.0,0.0,0.0
2016,11,GOBIERNO REGIONAL DEL DEPARTAMENTO DE UCAYALI,962.39,0.0,0.0,559837.21,560799.6,0.0,0.0,0.0,0.0,0.0,0.0,0.0,0.0,2016-11-01,0.0,0.0,0.0
2016,11,INSTITUTO DE INVESTIGACIONES DE LA AMAZONIA PERUANA,0.0,0.0,0.0,62941.88,62941.88,0.0,0.0,0.0,0.0,0.0,0.0,0.0,0.0,2016-11-01,0.0,0.0,0.0
2016,11,MUNICIPALIDAD METROPOLITANA DE LIMA,122242.49,0.0,0.0,0.0,122242.49,0.0,0.0,0.0,0.0,0.0,0.0,0.0,0.0,2016-11-01,0.0,0.0,0.0
2016,11,U. N. AUTONOMA DE TAYACAJA DANIEL HERNANDEZ MORILLO,176096.72999999998,0.0,0.0,0.0,176096.72999999998,0.0,0.0,0.0,0.0,0.0,0.0,0.0,0.0,2016-11-01,0.0,0.0,0.0
2016,11,U. N. AUTÓNOMA ALTOANDINA DE TARMA,31157.46,0.0,0.0,0.0,31157.46,0.0,0.0,0.0,0.0,0.0,0.0,0.0,0.0,2016-11-01,0.0,0.0,0.0
2016,11,U.N. AGRARIA DE LA SELVA,267.58,0.0,0.0,0.0,267.58,0.0,0.0,0.0,0.0,0.0,0.0,0.0,0.0,2016-11-01,0.0,0.0,0.0
2016,11,U.N. AGRARIA LA MOLINA,3301.2000000000003,0.0,0.0,0.0,3301.2000000000003,0.0,0.0,0.0,0.0,0.0,0.0,0.0,0.0,2016-11-01,0.0,0.0,0.0
2016,11,U.N. AMAZONICA DE MADRE DE DIOS,600.96,0.0,0.0,0.0,600.96,0.0,0.0,0.0,0.0,0.0,0.0,0.0,0.0,2016-11-01,0.0,0.0,0.0
2016,11,U.N. AUTONOMA DE ALTO AMAZONAS,72.05,0.0,0.0,5826.26,5898.31,0.0,0.0,0.0,0.0,0.0,0.0,0.0,0.0,2016-11-01,0.0,0.0,0.0
2016,11,U.N. AUTONOMA DE CHOTA,44575.87999999999,0.0,0.0,0.0,44575.87999999999,0.0,0.0,0.0,0.0,0.0,0.0,0.0,0.0,2016-11-01,0.0,0.0,0.0
2016,11,U.N. AUTÓNOMA DE HUANTA,8322.0,0.0,0.0,0.0,8322.0,0.0,0.0,0.0,0.0,0.0,0.0,0.0,0.0,2016-11-01,0.0,0.0,0.0
2016,11,U.N. DANIEL ALCIDES CARRION,52174.94,0.0,0.0,0.0,52174.94,0.0,0.0,0.0,0.0,0.0,0.0,0.0,0.0,2016-11-01,0.0,0.0,0.0
2016,11,U.N. DE BARRANCA,94079.89,0.0,0.0,0.0,94079.89,0.0,0.0,0.0,0.0,0.0,0.0,0.0,0.0,2016-11-01,0.0,0.0,0.0
2016,11,U.N. DE CAJAMARCA,64805.0,0.0,0.0,0.0,64805.0,0.0,0.0,0.0,0.0,0.0,0.0,0.0,0.0,2016-11-01,0.0,0.0,0.0
2016,11,U.N. DE CAÑETE,89769.74,0.0,0.0,0.0,89769.74,0.0,0.0,0.0,0.0,0.0,0.0,0.0,0.0,2016-11-01,0.0,0.0,0.0
2016,11,U.N. DE EDUCACION ENRIQUE GUZMAN Y VALLE,3916.85,0.0,0.0,0.0,3916.85,0.0,0.0,0.0,0.0,0.0,0.0,0.0,0.0,2016-11-01,0.0,0.0,0.0
2016,11,U.N. DE FRONTERA,5993.889999999999,0.0,0.0,869144.1599999999,875138.0499999999,0.0,0.0,0.0,0.0,0.0,0.0,0.0,0.0,2016-11-01,0.0,0.0,0.0
2016,11,U.N. DE HUANCAVELICA,184182.34,0.0,0.0,0.0,184182.34,0.0,0.0,0.0,0.0,0.0,0.0,0.0,0.0,2016-11-01,0.0,0.0,0.0
2016,11,U.N. DE INGENIERIA,3131.34,0.0,0.0,0.0,3131.34,0.0,0.0,0.0,0.0,0.0,0.0,0.0,0.0,2016-11-01,0.0,0.0,0.0
2016,11,U.N. DE JAEN,89031.63999999998,0.0,0.0,0.0,89031.63999999998,0.0,0.0,0.0,0.0,0.0,0.0,0.0,0.0,2016-11-01,0.0,0.0,0.0
2016,11,U.N. DE JULIACA,42458.63,0.0,0.0,0.0,42458.63,0.0,0.0,0.0,0.0,0.0,0.0,0.0,0.0,2016-11-01,0.0,0.0,0.0
2016,11,U.N. DE LA AMAZONIA PERUANA,75.52,0.0,0.0,36023.95,36099.47,0.0,0.0,0.0,0.0,0.0,0.0,0.0,0.0,2016-11-01,0.0,0.0,0.0
2016,11,U.N. DE MOQUEGUA,86485.52,0.0,0.0,0.0,86485.52,0.0,0.0,0.0,0.0,0.0,0.0,0.0,0.0,2016-11-01,0.0,0.0,0.0
2016,11,U.N. DE PIURA,5993.889999999999,0.0,0.0,688768.74,694762.63,0.0,0.0,0.0,0.0,0.0,0.0,0.0,0.0,2016-11-01,0.0,0.0,0.0
2016,11,U.N. DE SAN AGUSTIN,281275.14,0.0,0.0,0.0,281275.14,0.0,0.0,0.0,0.0,0.0,0.0,0.0,0.0,2016-11-01,0.0,0.0,0.0
2016,11,U.N. DE SAN ANTONIO ABAD DEL CUSCO,3077741.8000000003,0.0,0.0,0.0,3077741.8000000003,0.0,0.0,0.0,0.0,0.0,0.0,0.0,0.0,2016-11-01,0.0,0.0,0.0
2016,11,U.N. DE SAN MARTIN,4688.33,0.0,0.0,0.0,4688.33,0.0,0.0,0.0,0.0,0.0,0.0,0.0,0.0,2016-11-01,0.0,0.0,0.0
2016,11,U.N. DE TRUJILLO,105609.80000000002,0.0,0.0,0.0,105609.80000000002,0.0,0.0,0.0,0.0,0.0,0.0,0.0,0.0,2016-11-01,0.0,0.0,0.0
2016,11,U.N. DE TUMBES,35.93,0.0,0.0,453251.39,453287.32,0.0,0.0,0.0,0.0,0.0,0.0,0.0,0.0,2016-11-01,0.0,0.0,0.0
2016,11,U.N. DE UCAYALI,26.64,0.0,0.0,56609.96,56636.6,0.0,0.0,0.0,0.0,0.0,0.0,0.0,0.0,2016-11-01,0.0,0.0,0.0
2016,11,U.N. DEL ALTIPLANO,38854.74,0.0,0.0,0.0,38854.74,0.0,0.0,0.0,0.0,0.0,0.0,0.0,0.0,2016-11-01,0.0,0.0,0.0
2016,11,U.N. DEL CALLAO,52671.96,0.0,0.0,0.0,52671.96,0.0,0.0,0.0,0.0,0.0,0.0,0.0,0.0,2016-11-01,0.0,0.0,0.0
2016,11,U.N. DEL CENTRO DEL PERU,31632.69,0.0,0.0,0.0,31632.69,0.0,0.0,0.0,0.0,0.0,0.0,0.0,0.0,2016-11-01,0.0,0.0,0.0
2016,11,U.N. DEL SANTA,303011.57,0.0,0.0,0.0,303011.57,0.0,0.0,0.0,0.0,0.0,0.0,0.0,0.0,2016-11-01,0.0,0.0,0.0
2016,11,U.N. FEDERICO VILLARREAL,3745.85,0.0,0.0,0.0,3745.85,0.0,0.0,0.0,0.0,0.0,0.0,0.0,0.0,2016-11-01,0.0,0.0,0.0
2016,11,U.N. HERMILIO VALDIZAN,99.29,0.0,0.0,0.0,99.29,0.0,0.0,0.0,0.0,0.0,0.0,0.0,0.0,2016-11-01,0.0,0.0,0.0
2016,11,U.N. INTERCULTURAL DE LA AMAZONIA,54.23,0.0,0.0,57746.35,57800.58,0.0,0.0,0.0,0.0,0.0,0.0,0.0,0.0,2016-11-01,0.0,0.0,0.0
2016,11,U.N. INTERCULTURAL DE LA SELVA CENTRAL JUAN SANTOS ATAHUALPA,27763.87,0.0,0.0,0.0,27763.87,0.0,0.0,0.0,0.0,0.0,0.0,0.0,0.0,2016-11-01,0.0,0.0,0.0
2016,11,U.N. INTERCULTURAL DE QUILLABAMBA,3265184.81,0.0,0.0,0.0,3265184.81,0.0,0.0,0.0,0.0,0.0,0.0,0.0,0.0,2016-11-01,0.0,0.0,0.0
2016,11,U.N. INTERCULTURAL FABIOLA SALAZAR LEGUIA DE BAGUA,2.71,0.0,0.0,0.0,2.71,0.0,0.0,0.0,0.0,0.0,0.0,0.0,0.0,2016-11-01,0.0,0.0,0.0
2016,11,U.N. JORGE BASADRE GROHMANN,196325.09,0.0,0.0,0.0,196325.09,0.0,0.0,0.0,0.0,0.0,0.0,0.0,0.0,2016-11-01,0.0,0.0,0.0
2016,11,U.N. JOSE FAUSTINO SANCHEZ CARRION,105996.8,0.0,0.0,0.0,105996.8,0.0,0.0,0.0,0.0,0.0,0.0,0.0,0.0,2016-11-01,0.0,0.0,0.0
2016,11,U.N. JOSE MARIA ARGUEDAS,393.0,0.0,316744.99,0.0,317137.99,0.0,0.0,0.0,0.0,0.0,0.0,0.0,0.0,2016-11-01,0.0,0.0,0.0
2016,11,U.N. MAYOR DE SAN MARCOS,3040.16,0.0,0.0,0.0,3040.16,0.0,0.0,0.0,0.0,0.0,0.0,0.0,0.0,2016-11-01,0.0,0.0,0.0
2016,11,U.N. MICAELA BASTIDAS DE APURIMAC,1480.08,0.0,316744.99,0.0,318225.07,0.0,0.0,0.0,0.0,0.0,0.0,0.0,0.0,2016-11-01,0.0,0.0,0.0
2016,11,U.N. PEDRO RUIZ GALLO,86.12,0.0,0.0,0.0,86.12,0.0,0.0,0.0,0.0,0.0,0.0,0.0,0.0,2016-11-01,0.0,0.0,0.0
2016,11,U.N. SAN CRISTOBAL DE HUAMANGA,8815.63,0.0,0.0,0.0,8815.63,0.0,0.0,0.0,0.0,0.0,0.0,0.0,0.0,2016-11-01,0.0,0.0,0.0
2016,11,U.N. SAN LUIS GONZAGA DE ICA,71970.24,0.0,0.0,0.0,71970.24,0.0,0.0,0.0,0.0,0.0,0.0,0.0,0.0,2016-11-01,0.0,0.0,0.0
2016,11,U.N. SANTIAGO ANTUNEZ DE MAYOLO,284680.35,0.0,0.0,0.0,284680.35,0.0,0.0,0.0,0.0,0.0,0.0,0.0,0.0,2016-11-01,0.0,0.0,0.0
2016,11,U.N. TECNOLOGICA DEL CONO SUR DE LIMA,3701.4,0.0,0.0,0.0,3701.4,0.0,0.0,0.0,0.0,0.0,0.0,0.0,0.0,2016-11-01,0.0,0.0,0.0
2016,11,U.N. TORIBIO RODRIGUEZ DE MENDOZA DE AMAZONAS,0.04,0.0,0.0,0.0,0.04,0.0,0.0,0.0,0.0,0.0,0.0,0.0,0.0,2016-11-01,0.0,0.0,0.0
2016,12, ,136220513.15,426417839.07,16132892.51,24546953.49,603318198.22,457041769.4,94221437.43,551263206.8299999,2088508411.83,301188808.68,0.1442123991332605,0.2888751583678605,0.1442123991332605,2016-12-01,20.12772294422061,0.020797216063770836,0.041659379638229736
2016,12,GOBIERNO REGIONAL DE LA PROVINCIA CONSTITUCIONAL DEL CALLAO,193363.14,0.0,0.0,0.0,193363.14,0.0,0.0,0.0,0.0,0.0,0.0,0.0,0.0,2016-12-01,0.0,0.0,0.0
2016,12,GOBIERNO REGIONAL DEL DEPARTAMENTO DE ANCASH,552253.64,0.0,0.0,0.0,552253.64,0.0,0.0,0.0,0.0,0.0,0.0,0.0,0.0,2016-12-01,0.0,0.0,0.0
2016,12,GOBIERNO REGIONAL DEL DEPARTAMENTO DE APURIMAC,0.0,0.0,3670140.34,0.0,3670140.34,0.0,0.0,0.0,0.0,0.0,0.0,0.0,0.0,2016-12-01,0.0,0.0,0.0
2016,12,GOBIERNO REGIONAL DEL DEPARTAMENTO DE AREQUIPA,143064.51,0.0,0.0,0.0,143064.51,0.0,0.0,0.0,0.0,0.0,0.0,0.0,0.0,2016-12-01,0.0,0.0,0.0
2016,12,GOBIERNO REGIONAL DEL DEPARTAMENTO DE CAJAMARCA,155895.61000000002,0.0,0.0,0.0,155895.61000000002,0.0,0.0,0.0,0.0,0.0,0.0,0.0,0.0,2016-12-01,0.0,0.0,0.0
2016,12,GOBIERNO REGIONAL DEL DEPARTAMENTO DE CUSCO,32016758.65,0.0,0.0,0.0,32016758.65,0.0,0.0,0.0,0.0,0.0,0.0,0.0,0.0,2016-12-01,0.0,0.0,0.0
2016,12,GOBIERNO REGIONAL DEL DEPARTAMENTO DE HUANCAVELICA,1940856.95,0.0,0.0,0.0,1940856.95,0.0,0.0,0.0,0.0,0.0,0.0,0.0,0.0,2016-12-01,0.0,0.0,0.0
2016,12,GOBIERNO REGIONAL DEL DEPARTAMENTO DE ICA,1072498.55,0.0,0.0,0.0,1072498.55,0.0,0.0,0.0,0.0,0.0,0.0,0.0,0.0,2016-12-01,0.0,0.0,0.0
2016,12,GOBIERNO REGIONAL DEL DEPARTAMENTO DE JUNIN,208467.76,0.0,0.0,0.0,208467.76,0.0,0.0,0.0,0.0,0.0,0.0,0.0,0.0,2016-12-01,0.0,0.0,0.0
2016,12,GOBIERNO REGIONAL DEL DEPARTAMENTO DE LA LIBERTAD,62800.39000000001,0.0,0.0,0.0,62800.39000000001,0.0,0.0,0.0,0.0,0.0,0.0,0.0,0.0,2016-12-01,0.0,0.0,0.0
2016,12,GOBIERNO REGIONAL DEL DEPARTAMENTO DE LIMA,2289278.7800000003,0.0,0.0,0.0,2289278.7800000003,0.0,0.0,0.0,0.0,0.0,0.0,0.0,0.0,2016-12-01,0.0,0.0,0.0
2016,12,GOBIERNO REGIONAL DEL DEPARTAMENTO DE LORETO,0.0,0.0,0.0,184715.34,184715.34,0.0,0.0,0.0,0.0,0.0,0.0,0.0,0.0,2016-12-01,0.0,0.0,0.0
2016,12,GOBIERNO REGIONAL DEL DEPARTAMENTO DE MOQUEGUA,588705.58,0.0,0.0,0.0,588705.58,0.0,0.0,0.0,0.0,0.0,0.0,0.0,0.0,2016-12-01,0.0,0.0,0.0
2016,12,GOBIERNO REGIONAL DEL DEPARTAMENTO DE PASCO,151042.53999999998,0.0,0.0,0.0,151042.53999999998,0.0,0.0,0.0,0.0,0.0,0.0,0.0,0.0,2016-12-01,0.0,0.0,0.0
2016,12,GOBIERNO REGIONAL DEL DEPARTAMENTO DE PIURA,11792.95,0.0,0.0,8714336.97,8726129.92,0.0,0.0,0.0,0.0,0.0,0.0,0.0,0.0,2016-12-01,0.0,0.0,0.0
2016,12,GOBIERNO REGIONAL DEL DEPARTAMENTO DE PUNO,974571.82,0.0,0.0,0.0,974571.82,0.0,0.0,0.0,0.0,0.0,0.0,0.0,0.0,2016-12-01,0.0,0.0,0.0
2016,12,GOBIERNO REGIONAL DEL DEPARTAMENTO DE SAN MARTIN,16484.86,0.0,0.0,0.0,16484.86,0.0,0.0,0.0,0.0,0.0,0.0,0.0,0.0,2016-12-01,0.0,0.0,0.0
2016,12,GOBIERNO REGIONAL DEL DEPARTAMENTO DE TACNA,1059918.58,0.0,0.0,0.0,1059918.58,0.0,0.0,0.0,0.0,0.0,0.0,0.0,0.0,2016-12-01,0.0,0.0,0.0
2016,12,GOBIERNO REGIONAL DEL DEPARTAMENTO DE TUMBES,0.0,0.0,0.0,939909.21,939909.21,0.0,0.0,0.0,0.0,0.0,0.0,0.0,0.0,2016-12-01,0.0,0.0,0.0
2016,12,GOBIERNO REGIONAL DEL DEPARTAMENTO DE UCAYALI,0.0,0.0,0.0,280026.14,280026.14,0.0,0.0,0.0,0.0,0.0,0.0,0.0,0.0,2016-12-01,0.0,0.0,0.0
2016,12,INSTITUTO DE INVESTIGACIONES DE LA AMAZONIA PERUANA,0.0,0.0,0.0,28886.13,28886.13,0.0,0.0,0.0,0.0,0.0,0.0,0.0,0.0,2016-12-01,0.0,0.0,0.0
2016,12,MUNICIPALIDAD METROPOLITANA DE LIMA,93178.74,0.0,0.0,0.0,93178.74,0.0,0.0,0.0,0.0,0.0,0.0,0.0,0.0,2016-12-01,0.0,0.0,0.0
2016,12,U. N. AUTONOMA DE TAYACAJA DANIEL HERNANDEZ MORILLO,167607.12,0.0,0.0,0.0,167607.12,0.0,0.0,0.0,0.0,0.0,0.0,0.0,0.0,2016-12-01,0.0,0.0,0.0
2016,12,U. N. AUTÓNOMA ALTOANDINA DE TARMA,17372.31,0.0,0.0,0.0,17372.31,0.0,0.0,0.0,0.0,0.0,0.0,0.0,0.0,2016-12-01,0.0,0.0,0.0
2016,12,U.N. AGRARIA LA MOLINA,2911.84,0.0,0.0,0.0,2911.84,0.0,0.0,0.0,0.0,0.0,0.0,0.0,0.0,2016-12-01,0.0,0.0,0.0
2016,12,U.N. AUTONOMA DE ALTO AMAZONAS,0.0,0.0,0.0,2518.0,2518.0,0.0,0.0,0.0,0.0,0.0,0.0,0.0,0.0,2016-12-01,0.0,0.0,0.0
2016,12,U.N. AUTONOMA DE CHOTA,9657.97,0.0,0.0,0.0,9657.97,0.0,0.0,0.0,0.0,0.0,0.0,0.0,0.0,2016-12-01,0.0,0.0,0.0
2016,12,U.N. DANIEL ALCIDES CARRION,37760.64,0.0,0.0,0.0,37760.64,0.0,0.0,0.0,0.0,0.0,0.0,0.0,0.0,2016-12-01,0.0,0.0,0.0
2016,12,U.N. DE BARRANCA,76797.64,0.0,0.0,0.0,76797.64,0.0,0.0,0.0,0.0,0.0,0.0,0.0,0.0,2016-12-01,0.0,0.0,0.0
2016,12,U.N. DE CAJAMARCA,9657.96,0.0,0.0,0.0,9657.96,0.0,0.0,0.0,0.0,0.0,0.0,0.0,0.0,2016-12-01,0.0,0.0,0.0
2016,12,U.N. DE CAÑETE,76797.65,0.0,0.0,0.0,76797.65,0.0,0.0,0.0,0.0,0.0,0.0,0.0,0.0,2016-12-01,0.0,0.0,0.0
2016,12,U.N. DE EDUCACION ENRIQUE GUZMAN Y VALLE,2911.83,0.0,0.0,0.0,2911.83,0.0,0.0,0.0,0.0,0.0,0.0,0.0,0.0,2016-12-01,0.0,0.0,0.0
2016,12,U.N. DE FRONTERA,1474.12,0.0,0.0,601474.46,602948.58,0.0,0.0,0.0,0.0,0.0,0.0,0.0,0.0,2016-12-01,0.0,0.0,0.0
2016,12,U.N. DE HUANCAVELICA,167607.12,0.0,0.0,0.0,167607.12,0.0,0.0,0.0,0.0,0.0,0.0,0.0,0.0,2016-12-01,0.0,0.0,0.0
2016,12,U.N. DE INGENIERIA,2911.84,0.0,0.0,0.0,2911.84,0.0,0.0,0.0,0.0,0.0,0.0,0.0,0.0,2016-12-01,0.0,0.0,0.0
2016,12,U.N. DE JAEN,9657.97,0.0,0.0,0.0,9657.97,0.0,0.0,0.0,0.0,0.0,0.0,0.0,0.0,2016-12-01,0.0,0.0,0.0
2016,12,U.N. DE JULIACA,17512.11,0.0,0.0,0.0,17512.11,0.0,0.0,0.0,0.0,0.0,0.0,0.0,0.0,2016-12-01,0.0,0.0,0.0
2016,12,U.N. DE LA AMAZONIA PERUANA,0.0,0.0,0.0,5627.12,5627.12,0.0,0.0,0.0,0.0,0.0,0.0,0.0,0.0,2016-12-01,0.0,0.0,0.0
2016,12,U.N. DE MOQUEGUA,15284.89,0.0,0.0,0.0,15284.89,0.0,0.0,0.0,0.0,0.0,0.0,0.0,0.0,2016-12-01,0.0,0.0,0.0
2016,12,U.N. DE PIURA,1474.12,0.0,0.0,601474.46,602948.58,0.0,0.0,0.0,0.0,0.0,0.0,0.0,0.0,2016-12-01,0.0,0.0,0.0
2016,12,U.N. DE SAN AGUSTIN,33066.630000000005,0.0,0.0,0.0,33066.630000000005,0.0,0.0,0.0,0.0,0.0,0.0,0.0,0.0,2016-12-01,0.0,0.0,0.0
2016,12,U.N. DE SAN ANTONIO ABAD DEL CUSCO,2850525.52,0.0,0.0,0.0,2850525.52,0.0,0.0,0.0,0.0,0.0,0.0,0.0,0.0,2016-12-01,0.0,0.0,0.0
2016,12,U.N. DE SAN MARTIN,4121.21,0.0,0.0,0.0,4121.21,0.0,0.0,0.0,0.0,0.0,0.0,0.0,0.0,2016-12-01,0.0,0.0,0.0
2016,12,U.N. DE TRUJILLO,7850.05,0.0,0.0,0.0,7850.05,0.0,0.0,0.0,0.0,0.0,0.0,0.0,0.0,2016-12-01,0.0,0.0,0.0
2016,12,U.N. DE TUMBES,0.0,0.0,0.0,390653.73,390653.73,0.0,0.0,0.0,0.0,0.0,0.0,0.0,0.0,2016-12-01,0.0,0.0,0.0
2016,12,U.N. DE UCAYALI,0.0,0.0,0.0,29480.56,29480.56,0.0,0.0,0.0,0.0,0.0,0.0,0.0,0.0,2016-12-01,0.0,0.0,0.0
2016,12,U.N. DEL ALTIPLANO,17512.1,0.0,0.0,0.0,17512.1,0.0,0.0,0.0,0.0,0.0,0.0,0.0,0.0,2016-12-01,0.0,0.0,0.0
2016,12,U.N. DEL CALLAO,48340.78,0.0,0.0,0.0,48340.78,0.0,0.0,0.0,0.0,0.0,0.0,0.0,0.0,2016-12-01,0.0,0.0,0.0
2016,12,U.N. DEL CENTRO DEL PERU,17372.31,0.0,0.0,0.0,17372.31,0.0,0.0,0.0,0.0,0.0,0.0,0.0,0.0,2016-12-01,0.0,0.0,0.0
2016,12,U.N. DEL SANTA,69031.70999999999,0.0,0.0,0.0,69031.70999999999,0.0,0.0,0.0,0.0,0.0,0.0,0.0,0.0,2016-12-01,0.0,0.0,0.0
2016,12,U.N. FEDERICO VILLARREAL,2911.84,0.0,0.0,0.0,2911.84,0.0,0.0,0.0,0.0,0.0,0.0,0.0,0.0,2016-12-01,0.0,0.0,0.0
2016,12,U.N. INTERCULTURAL DE LA AMAZONIA,0.0,0.0,0.0,29480.56,29480.56,0.0,0.0,0.0,0.0,0.0,0.0,0.0,0.0,2016-12-01,0.0,0.0,0.0
2016,12,U.N. INTERCULTURAL DE LA SELVA CENTRAL JUAN SANTOS ATAHUALPA,17372.32,0.0,0.0,0.0,17372.32,0.0,0.0,0.0,0.0,0.0,0.0,0.0,0.0,2016-12-01,0.0,0.0,0.0
2016,12,U.N. INTERCULTURAL DE QUILLABAMBA,2850525.53,0.0,0.0,0.0,2850525.53,0.0,0.0,0.0,0.0,0.0,0.0,0.0,0.0,2016-12-01,0.0,0.0,0.0
2016,12,U.N. JORGE BASADRE GROHMANN,3592.64,0.0,0.0,0.0,3592.64,0.0,0.0,0.0,0.0,0.0,0.0,0.0,0.0,2016-12-01,0.0,0.0,0.0
2016,12,U.N. JOSE FAUSTINO SANCHEZ CARRION,76797.65,0.0,0.0,0.0,76797.65,0.0,0.0,0.0,0.0,0.0,0.0,0.0,0.0,2016-12-01,0.0,0.0,0.0
2016,12,U.N. JOSE MARIA ARGUEDAS,0.0,0.0,504152.89,0.0,504152.89,0.0,0.0,0.0,0.0,0.0,0.0,0.0,0.0,2016-12-01,0.0,0.0,0.0
2016,12,U.N. MAYOR DE SAN MARCOS,2911.83,0.0,0.0,0.0,2911.83,0.0,0.0,0.0,0.0,0.0,0.0,0.0,0.0,2016-12-01,0.0,0.0,0.0
2016,12,U.N. MICAELA BASTIDAS DE APURIMAC,0.0,0.0,504152.89,0.0,504152.89,0.0,0.0,0.0,0.0,0.0,0.0,0.0,0.0,2016-12-01,0.0,0.0,0.0
2016,12,U.N. SAN LUIS GONZAGA DE ICA,63124.64,0.0,0.0,0.0,63124.64,0.0,0.0,0.0,0.0,0.0,0.0,0.0,0.0,2016-12-01,0.0,0.0,0.0
2016,12,U.N. SANTIAGO ANTUNEZ DE MAYOLO,69031.7,0.0,0.0,0.0,69031.7,0.0,0.0,0.0,0.0,0.0,0.0,0.0,0.0,2016-12-01,0.0,0.0,0.0
2016,12,U.N. TECNOLOGICA DEL CONO SUR DE LIMA,2911.83,0.0,0.0,0.0,2911.83,0.0,0.0,0.0,0.0,0.0,0.0,0.0,0.0,2016-12-01,0.0,0.0,0.0
2017,1, ,118175814.88,425427334.57,21255034.25,29313241.8,594171425.5,17234335.33,5780721.96,23015057.29,3808600899.88,380584659.17,0.0999276818902162,0.1560077942319241,0.0999276818902162,2017-01-01,16.95165926792634,0.009985541607952241,0.015589497234402016
2017,1,GOBIERNO REGIONAL DE LA PROVINCIA CONSTITUCIONAL DEL CALLAO,206478.54,0.0,0.0,0.0,206478.54,0.0,0.0,0.0,0.0,0.0,0.0,0.0,0.0,2017-01-01,0.0,0.0,0.0
2017,1,GOBIERNO REGIONAL DEL DEPARTAMENTO DE AMAZONAS,390.48,0.0,0.0,0.0,390.48,0.0,0.0,0.0,0.0,0.0,0.0,0.0,0.0,2017-01-01,0.0,0.0,0.0
2017,1,GOBIERNO REGIONAL DEL DEPARTAMENTO DE ANCASH,1497090.68,0.0,0.0,0.0,1497090.68,0.0,0.0,0.0,0.0,0.0,0.0,0.0,0.0,2017-01-01,0.0,0.0,0.0
2017,1,GOBIERNO REGIONAL DEL DEPARTAMENTO DE APURIMAC,2.64,0.0,3986960.9,0.0,3986963.54,0.0,0.0,0.0,0.0,0.0,0.0,0.0,0.0,2017-01-01,0.0,0.0,0.0
2017,1,GOBIERNO REGIONAL DEL DEPARTAMENTO DE AREQUIPA,135965.81,0.0,0.0,0.0,135965.81,0.0,0.0,0.0,0.0,0.0,0.0,0.0,0.0,2017-01-01,0.0,0.0,0.0
2017,1,GOBIERNO REGIONAL DEL DEPARTAMENTO DE AYACUCHO,8234.019999999999,0.0,0.0,0.0,8234.019999999999,0.0,0.0,0.0,0.0,0.0,0.0,0.0,0.0,2017-01-01,0.0,0.0,0.0
2017,1,GOBIERNO REGIONAL DEL DEPARTAMENTO DE CAJAMARCA,824660.58,0.0,0.0,0.0,824660.58,0.0,0.0,0.0,0.0,0.0,0.0,0.0,0.0,2017-01-01,0.0,0.0,0.0
2017,1,GOBIERNO REGIONAL DEL DEPARTAMENTO DE CUSCO,18101933.65,0.0,0.0,0.0,18101933.65,0.0,0.0,0.0,0.0,0.0,0.0,0.0,0.0,2017-01-01,0.0,0.0,0.0
2017,1,GOBIERNO REGIONAL DEL DEPARTAMENTO DE HUANCAVELICA,1344114.81,0.0,0.0,0.0,1344114.81,0.0,0.0,0.0,0.0,0.0,0.0,0.0,0.0,2017-01-01,0.0,0.0,0.0
2017,1,GOBIERNO REGIONAL DEL DEPARTAMENTO DE HUANUCO,89.58,0.0,0.0,0.0,89.58,0.0,0.0,0.0,0.0,0.0,0.0,0.0,0.0,2017-01-01,0.0,0.0,0.0
2017,1,GOBIERNO REGIONAL DEL DEPARTAMENTO DE ICA,256470.79,0.0,0.0,0.0,256470.79,0.0,0.0,0.0,0.0,0.0,0.0,0.0,0.0,2017-01-01,0.0,0.0,0.0
2017,1,GOBIERNO REGIONAL DEL DEPARTAMENTO DE JUNIN,210828.03000000003,0.0,0.0,0.0,210828.03000000003,0.0,0.0,0.0,0.0,0.0,0.0,0.0,0.0,2017-01-01,0.0,0.0,0.0
2017,1,GOBIERNO REGIONAL DEL DEPARTAMENTO DE LA LIBERTAD,148257.15,0.0,0.0,0.0,148257.15,0.0,0.0,0.0,0.0,0.0,0.0,0.0,0.0,2017-01-01,0.0,0.0,0.0
2017,1,GOBIERNO REGIONAL DEL DEPARTAMENTO DE LAMBAYEQUE,4.19,0.0,0.0,0.0,4.19,0.0,0.0,0.0,0.0,0.0,0.0,0.0,0.0,2017-01-01,0.0,0.0,0.0
2017,1,GOBIERNO REGIONAL DEL DEPARTAMENTO DE LIMA,1314372.03,0.0,0.0,0.0,1314372.03,0.0,0.0,0.0,0.0,0.0,0.0,0.0,0.0,2017-01-01,0.0,0.0,0.0
2017,1,GOBIERNO REGIONAL DEL DEPARTAMENTO DE LORETO,1789.31,0.0,0.0,818427.33,820216.64,0.0,0.0,0.0,0.0,0.0,0.0,0.0,0.0,2017-01-01,0.0,0.0,0.0
2017,1,GOBIERNO REGIONAL DEL DEPARTAMENTO DE MADRE DE DIOS,14.77,0.0,0.0,0.0,14.77,0.0,0.0,0.0,0.0,0.0,0.0,0.0,0.0,2017-01-01,0.0,0.0,0.0
2017,1,GOBIERNO REGIONAL DEL DEPARTAMENTO DE MOQUEGUA,120951.34,0.0,0.0,0.0,120951.34,0.0,0.0,0.0,0.0,0.0,0.0,0.0,0.0,2017-01-01,0.0,0.0,0.0
2017,1,GOBIERNO REGIONAL DEL DEPARTAMENTO DE PASCO,164545.03999999998,0.0,0.0,0.0,164545.03999999998,0.0,0.0,0.0,0.0,0.0,0.0,0.0,0.0,2017-01-01,0.0,0.0,0.0
2017,1,GOBIERNO REGIONAL DEL DEPARTAMENTO DE PIURA,24261.97,0.0,0.0,6761779.779999999,6786041.749999999,0.0,0.0,0.0,0.0,0.0,0.0,0.0,0.0,2017-01-01,0.0,0.0,0.0
2017,1,GOBIERNO REGIONAL DEL DEPARTAMENTO DE PUNO,187349.43,0.0,0.0,0.0,187349.43,0.0,0.0,0.0,0.0,0.0,0.0,0.0,0.0,2017-01-01,0.0,0.0,0.0
2017,1,GOBIERNO REGIONAL DEL DEPARTAMENTO DE SAN MARTIN,19229.31,0.0,0.0,0.0,19229.31,0.0,0.0,0.0,0.0,0.0,0.0,0.0,0.0,2017-01-01,0.0,0.0,0.0
2017,1,GOBIERNO REGIONAL DEL DEPARTAMENTO DE TACNA,89486.51000000001,0.0,0.0,0.0,89486.51000000001,0.0,0.0,0.0,0.0,0.0,0.0,0.0,0.0,2017-01-01,0.0,0.0,0.0
2017,1,GOBIERNO REGIONAL DEL DEPARTAMENTO DE TUMBES,103.62,0.0,0.0,2882930.36,2883033.98,0.0,0.0,0.0,0.0,0.0,0.0,0.0,0.0,2017-01-01,0.0,0.0,0.0
2017,1,GOBIERNO REGIONAL DEL DEPARTAMENTO DE UCAYALI,932.9,0.0,0.0,455860.93,456793.83,0.0,0.0,0.0,0.0,0.0,0.0,0.0,0.0,2017-01-01,0.0,0.0,0.0
2017,1,INSTITUTO DE INVESTIGACIONES DE LA AMAZONIA PERUANA,0.0,0.0,0.0,86986.0,86986.0,0.0,0.0,0.0,0.0,0.0,0.0,0.0,0.0,2017-01-01,0.0,0.0,0.0
2017,1,MUNICIPALIDAD METROPOLITANA DE LIMA,121487.63,0.0,0.0,0.0,121487.63,0.0,0.0,0.0,0.0,0.0,0.0,0.0,0.0,2017-01-01,0.0,0.0,0.0
2017,1,U. N. AUTONOMA DE TAYACAJA DANIEL HERNANDEZ MORILLO,190814.36,0.0,0.0,0.0,190814.36,0.0,0.0,0.0,0.0,0.0,0.0,0.0,0.0,2017-01-01,0.0,0.0,0.0
2017,1,U. N. AUTÓNOMA ALTOANDINA DE TARMA,30772.640000000003,0.0,0.0,0.0,30772.640000000003,0.0,0.0,0.0,0.0,0.0,0.0,0.0,0.0,2017-01-01,0.0,0.0,0.0
2017,1,U.N. AGRARIA DE LA SELVA,257.48,0.0,0.0,0.0,257.48,0.0,0.0,0.0,0.0,0.0,0.0,0.0,0.0,2017-01-01,0.0,0.0,0.0
2017,1,U.N. AGRARIA LA MOLINA,3277.74,0.0,0.0,0.0,3277.74,0.0,0.0,0.0,0.0,0.0,0.0,0.0,0.0,2017-01-01,0.0,0.0,0.0
2017,1,U.N. AMAZONICA DE MADRE DE DIOS,582.5500000000001,0.0,0.0,0.0,582.5500000000001,0.0,0.0,0.0,0.0,0.0,0.0,0.0,0.0,2017-01-01,0.0,0.0,0.0
2017,1,U.N. AUTONOMA DE ALTO AMAZONAS,69.85,0.0,0.0,5296.09,5365.9400000000005,0.0,0.0,0.0,0.0,0.0,0.0,0.0,0.0,2017-01-01,0.0,0.0,0.0
2017,1,U.N. AUTONOMA DE CHOTA,42283.78,0.0,0.0,0.0,42283.78,0.0,0.0,0.0,0.0,0.0,0.0,0.0,0.0,2017-01-01,0.0,0.0,0.0
2017,1,U.N. AUTÓNOMA DE HUANTA,8067.0,0.0,0.0,0.0,8067.0,0.0,0.0,0.0,0.0,0.0,0.0,0.0,0.0,2017-01-01,0.0,0.0,0.0
2017,1,U.N. DANIEL ALCIDES CARRION,51815.39,0.0,0.0,0.0,51815.39,0.0,0.0,0.0,0.0,0.0,0.0,0.0,0.0,2017-01-01,0.0,0.0,0.0
2017,1,U.N. DE BARRANCA,93716.49,0.0,0.0,0.0,93716.49,0.0,0.0,0.0,0.0,0.0,0.0,0.0,0.0,2017-01-01,0.0,0.0,0.0
2017,1,U.N. DE CAJAMARCA,63027.69,0.0,0.0,0.0,63027.69,0.0,0.0,0.0,0.0,0.0,0.0,0.0,0.0,2017-01-01,0.0,0.0,0.0
2017,1,U.N. DE CAÑETE,88991.37,0.0,0.0,0.0,88991.37,0.0,0.0,0.0,0.0,0.0,0.0,0.0,0.0,2017-01-01,0.0,0.0,0.0
2017,1,U.N. DE EDUCACION ENRIQUE GUZMAN Y VALLE,3892.37,0.0,0.0,0.0,3892.37,0.0,0.0,0.0,0.0,0.0,0.0,0.0,0.0,2017-01-01,0.0,0.0,0.0
2017,1,U.N. DE FRONTERA,5858.549999999999,0.0,0.0,900802.64,906661.19,0.0,0.0,0.0,0.0,0.0,0.0,0.0,0.0,2017-01-01,0.0,0.0,0.0
2017,1,U.N. DE HUANCAVELICA,181892.06,0.0,0.0,0.0,181892.06,0.0,0.0,0.0,0.0,0.0,0.0,0.0,0.0,2017-01-01,0.0,0.0,0.0
2017,1,U.N. DE INGENIERIA,3049.01,0.0,0.0,0.0,3049.01,0.0,0.0,0.0,0.0,0.0,0.0,0.0,0.0,2017-01-01,0.0,0.0,0.0
2017,1,U.N. DE JAEN,86588.97,0.0,0.0,0.0,86588.97,0.0,0.0,0.0,0.0,0.0,0.0,0.0,0.0,2017-01-01,0.0,0.0,0.0
2017,1,U.N. DE JULIACA,41704.740000000005,0.0,0.0,0.0,41704.740000000005,0.0,0.0,0.0,0.0,0.0,0.0,0.0,0.0,2017-01-01,0.0,0.0,0.0
2017,1,U.N. DE LA AMAZONIA PERUANA,73.21,0.0,0.0,91451.05,91524.26,0.0,0.0,0.0,0.0,0.0,0.0,0.0,0.0,2017-01-01,0.0,0.0,0.0
2017,1,U.N. DE MOQUEGUA,81842.93000000001,0.0,0.0,0.0,81842.93000000001,0.0,0.0,0.0,0.0,0.0,0.0,0.0,0.0,2017-01-01,0.0,0.0,0.0
2017,1,U.N. DE PIURA,5858.549999999999,0.0,0.0,725391.2199999999,731249.7699999999,0.0,0.0,0.0,0.0,0.0,0.0,0.0,0.0,2017-01-01,0.0,0.0,0.0
2017,1,U.N. DE SAN AGUSTIN,271490.46,0.0,0.0,0.0,271490.46,0.0,0.0,0.0,0.0,0.0,0.0,0.0,0.0,2017-01-01,0.0,0.0,0.0
2017,1,U.N. DE SAN ANTONIO ABAD DEL CUSCO,3815394.69,0.0,0.0,0.0,3815394.69,0.0,0.0,0.0,0.0,0.0,0.0,0.0,0.0,2017-01-01,0.0,0.0,0.0
2017,1,U.N. DE SAN MARTIN,4679.87,0.0,0.0,0.0,4679.87,0.0,0.0,0.0,0.0,0.0,0.0,0.0,0.0,2017-01-01,0.0,0.0,0.0
2017,1,U.N. DE TRUJILLO,102046.79,0.0,0.0,0.0,102046.79,0.0,0.0,0.0,0.0,0.0,0.0,0.0,0.0,2017-01-01,0.0,0.0,0.0
2017,1,U.N. DE TUMBES,34.83,0.0,0.0,457867.23,457902.06000000006,0.0,0.0,0.0,0.0,0.0,0.0,0.0,0.0,2017-01-01,0.0,0.0,0.0
2017,1,U.N. DE UCAYALI,22.83,0.0,0.0,34528.08,34550.91,0.0,0.0,0.0,0.0,0.0,0.0,0.0,0.0,2017-01-01,0.0,0.0,0.0
2017,1,U.N. DEL ALTIPLANO,38238.67,0.0,0.0,0.0,38238.67,0.0,0.0,0.0,0.0,0.0,0.0,0.0,0.0,2017-01-01,0.0,0.0,0.0
2017,1,U.N. DEL CALLAO,52643.85,0.0,0.0,0.0,52643.85,0.0,0.0,0.0,0.0,0.0,0.0,0.0,0.0,2017-01-01,0.0,0.0,0.0
2017,1,U.N. DEL CENTRO DEL PERU,31233.32,0.0,0.0,0.0,31233.32,0.0,0.0,0.0,0.0,0.0,0.0,0.0,0.0,2017-01-01,0.0,0.0,0.0
2017,1,U.N. DEL SANTA,295445.23,0.0,0.0,0.0,295445.23,0.0,0.0,0.0,0.0,0.0,0.0,0.0,0.0,2017-01-01,0.0,0.0,0.0
2017,1,U.N. FEDERICO VILLARREAL,3696.19,0.0,0.0,0.0,3696.19,0.0,0.0,0.0,0.0,0.0,0.0,0.0,0.0,2017-01-01,0.0,0.0,0.0
2017,1,U.N. HERMILIO VALDIZAN,90.03,0.0,0.0,0.0,90.03,0.0,0.0,0.0,0.0,0.0,0.0,0.0,0.0,2017-01-01,0.0,0.0,0.0
2017,1,U.N. INTERCULTURAL DE LA AMAZONIA,52.57,0.0,0.0,36876.71,36929.28,0.0,0.0,0.0,0.0,0.0,0.0,0.0,0.0,2017-01-01,0.0,0.0,0.0
2017,1,U.N. INTERCULTURAL DE LA SELVA CENTRAL JUAN SANTOS ATAHUALPA,27289.83,0.0,0.0,0.0,27289.83,0.0,0.0,0.0,0.0,0.0,0.0,0.0,0.0,2017-01-01,0.0,0.0,0.0
2017,1,U.N. INTERCULTURAL DE QUILLABAMBA,4000892.91,0.0,0.0,0.0,4000892.91,0.0,0.0,0.0,0.0,0.0,0.0,0.0,0.0,2017-01-01,0.0,0.0,0.0
2017,1,U.N. INTERCULTURAL FABIOLA SALAZAR LEGUIA DE BAGUA,2.63,0.0,0.0,0.0,2.63,0.0,0.0,0.0,0.0,0.0,0.0,0.0,0.0,2017-01-01,0.0,0.0,0.0
2017,1,U.N. JORGE BASADRE GROHMANN,187306.8,0.0,0.0,0.0,187306.8,0.0,0.0,0.0,0.0,0.0,0.0,0.0,0.0,2017-01-01,0.0,0.0,0.0
2017,1,U.N. JOSE FAUSTINO SANCHEZ CARRION,105141.56,0.0,0.0,0.0,105141.56,0.0,0.0,0.0,0.0,0.0,0.0,0.0,0.0,2017-01-01,0.0,0.0,0.0
2017,1,U.N. JOSE MARIA ARGUEDAS,320.89000000000004,0.0,664690.81,0.0,665011.7000000001,0.0,0.0,0.0,0.0,0.0,0.0,0.0,0.0,2017-01-01,0.0,0.0,0.0
2017,1,U.N. MAYOR DE SAN MARCOS,3042.53,0.0,0.0,0.0,3042.53,0.0,0.0,0.0,0.0,0.0,0.0,0.0,0.0,2017-01-01,0.0,0.0,0.0
2017,1,U.N. MICAELA BASTIDAS DE APURIMAC,1434.73,0.0,664690.81,0.0,666125.54,0.0,0.0,0.0,0.0,0.0,0.0,0.0,0.0,2017-01-01,0.0,0.0,0.0
2017,1,U.N. PEDRO RUIZ GALLO,83.47,0.0,0.0,0.0,83.47,0.0,0.0,0.0,0.0,0.0,0.0,0.0,0.0,2017-01-01,0.0,0.0,0.0
2017,1,U.N. SAN CRISTOBAL DE HUAMANGA,8545.51,0.0,0.0,0.0,8545.51,0.0,0.0,0.0,0.0,0.0,0.0,0.0,0.0,2017-01-01,0.0,0.0,0.0
2017,1,U.N. SAN LUIS GONZAGA DE ICA,71779.0,0.0,0.0,0.0,71779.0,0.0,0.0,0.0,0.0,0.0,0.0,0.0,0.0,2017-01-01,0.0,0.0,0.0
2017,1,U.N. SANTIAGO ANTUNEZ DE MAYOLO,277952.19,0.0,0.0,0.0,277952.19,0.0,0.0,0.0,0.0,0.0,0.0,0.0,0.0,2017-01-01,0.0,0.0,0.0
2017,1,U.N. TECNOLOGICA DEL CONO SUR DE LIMA,3557.01,0.0,0.0,0.0,3557.01,0.0,0.0,0.0,0.0,0.0,0.0,0.0,0.0,2017-01-01,0.0,0.0,0.0
2017,1,U.N. TORIBIO RODRIGUEZ DE MENDOZA DE AMAZONAS,0.04,0.0,0.0,0.0,0.04,0.0,0.0,0.0,0.0,0.0,0.0,0.0,0.0,2017-01-01,0.0,0.0,0.0
2017,2, ,104784049.27,6351500.08,29108404.18,1379359.36,141623312.89000002,108790408.82,15917432.78,124707841.6,3819156095.38,766171494.19,0.2006127728366041,0.0370823578175609,0.2006127728366041,2017-02-01,18.641484300412838,0.04024548462519091,0.007439194625100014
2017,2,GOBIERNO REGIONAL DE LA PROVINCIA CONSTITUCIONAL DEL CALLAO,222112.79,0.0,0.0,0.0,222112.79,0.0,0.0,0.0,0.0,0.0,0.0,0.0,0.0,2017-02-01,0.0,0.0,0.0
2017,2,GOBIERNO REGIONAL DEL DEPARTAMENTO DE AMAZONAS,809.6600000000001,0.0,0.0,0.0,809.6600000000001,0.0,0.0,0.0,0.0,0.0,0.0,0.0,0.0,2017-02-01,0.0,0.0,0.0
2017,2,GOBIERNO REGIONAL DEL DEPARTAMENTO DE ANCASH,1442805.56,0.0,0.0,0.0,1442805.56,0.0,0.0,0.0,0.0,0.0,0.0,0.0,0.0,2017-02-01,0.0,0.0,0.0
2017,2,GOBIERNO REGIONAL DEL DEPARTAMENTO DE APURIMAC,5.59,0.0,236113.86,0.0,236119.45,0.0,0.0,0.0,0.0,0.0,0.0,0.0,0.0,2017-02-01,0.0,0.0,0.0
2017,2,GOBIERNO REGIONAL DEL DEPARTAMENTO DE AREQUIPA,140405.58,0.0,0.0,0.0,140405.58,0.0,0.0,0.0,0.0,0.0,0.0,0.0,0.0,2017-02-01,0.0,0.0,0.0
2017,2,GOBIERNO REGIONAL DEL DEPARTAMENTO DE AYACUCHO,17017.890000000003,0.0,0.0,0.0,17017.890000000003,0.0,0.0,0.0,0.0,0.0,0.0,0.0,0.0,2017-02-01,0.0,0.0,0.0
2017,2,GOBIERNO REGIONAL DEL DEPARTAMENTO DE CAJAMARCA,305597.63,0.0,0.0,0.0,305597.63,0.0,0.0,0.0,0.0,0.0,0.0,0.0,0.0,2017-02-01,0.0,0.0,0.0
2017,2,GOBIERNO REGIONAL DEL DEPARTAMENTO DE CUSCO,26903118.33,0.0,0.0,0.0,26903118.33,0.0,0.0,0.0,0.0,0.0,0.0,0.0,0.0,2017-02-01,0.0,0.0,0.0
2017,2,GOBIERNO REGIONAL DEL DEPARTAMENTO DE HUANCAVELICA,1350504.13,0.0,0.0,0.0,1350504.13,0.0,0.0,0.0,0.0,0.0,0.0,0.0,0.0,2017-02-01,0.0,0.0,0.0
2017,2,GOBIERNO REGIONAL DEL DEPARTAMENTO DE HUANUCO,128.4,0.0,0.0,0.0,128.4,0.0,0.0,0.0,0.0,0.0,0.0,0.0,0.0,2017-02-01,0.0,0.0,0.0
2017,2,GOBIERNO REGIONAL DEL DEPARTAMENTO DE ICA,261850.28000000003,0.0,0.0,0.0,261850.28000000003,0.0,0.0,0.0,0.0,0.0,0.0,0.0,0.0,2017-02-01,0.0,0.0,0.0
2017,2,GOBIERNO REGIONAL DEL DEPARTAMENTO DE JUNIN,213696.78000000003,0.0,0.0,0.0,213696.78000000003,0.0,0.0,0.0,0.0,0.0,0.0,0.0,0.0,2017-02-01,0.0,0.0,0.0
2017,2,GOBIERNO REGIONAL DEL DEPARTAMENTO DE LA LIBERTAD,220387.27,0.0,0.0,0.0,220387.27,0.0,0.0,0.0,0.0,0.0,0.0,0.0,0.0,2017-02-01,0.0,0.0,0.0
2017,2,GOBIERNO REGIONAL DEL DEPARTAMENTO DE LAMBAYEQUE,8.7,0.0,0.0,0.0,8.7,0.0,0.0,0.0,0.0,0.0,0.0,0.0,0.0,2017-02-01,0.0,0.0,0.0
2017,2,GOBIERNO REGIONAL DEL DEPARTAMENTO DE LIMA,1047609.65,0.0,0.0,0.0,1047609.65,0.0,0.0,0.0,0.0,0.0,0.0,0.0,0.0,2017-02-01,0.0,0.0,0.0
2017,2,GOBIERNO REGIONAL DEL DEPARTAMENTO DE LORETO,1103710.22,0.0,0.0,173293.45,1277003.67,0.0,0.0,0.0,0.0,0.0,0.0,0.0,0.0,2017-02-01,0.0,0.0,0.0
2017,2,GOBIERNO REGIONAL DEL DEPARTAMENTO DE MADRE DE DIOS,30.9,0.0,0.0,0.0,30.9,0.0,0.0,0.0,0.0,0.0,0.0,0.0,0.0,2017-02-01,0.0,0.0,0.0
2017,2,GOBIERNO REGIONAL DEL DEPARTAMENTO DE MOQUEGUA,141130.81,0.0,0.0,0.0,141130.81,0.0,0.0,0.0,0.0,0.0,0.0,0.0,0.0,2017-02-01,0.0,0.0,0.0
2017,2,GOBIERNO REGIONAL DEL DEPARTAMENTO DE PASCO,166127.33,0.0,0.0,0.0,166127.33,0.0,0.0,0.0,0.0,0.0,0.0,0.0,0.0,2017-02-01,0.0,0.0,0.0
2017,2,GOBIERNO REGIONAL DEL DEPARTAMENTO DE PIURA,37410.66,0.0,0.0,905345.15,942755.81,0.0,0.0,0.0,0.0,0.0,0.0,0.0,0.0,2017-02-01,0.0,0.0,0.0
2017,2,GOBIERNO REGIONAL DEL DEPARTAMENTO DE PUNO,217324.1,0.0,0.0,0.0,217324.1,0.0,0.0,0.0,0.0,0.0,0.0,0.0,0.0,2017-02-01,0.0,0.0,0.0
2017,2,GOBIERNO REGIONAL DEL DEPARTAMENTO DE SAN MARTIN,21659.2,0.0,0.0,0.0,21659.2,0.0,0.0,0.0,0.0,0.0,0.0,0.0,0.0,2017-02-01,0.0,0.0,0.0
2017,2,GOBIERNO REGIONAL DEL DEPARTAMENTO DE TACNA,144642.56999999998,0.0,0.0,0.0,144642.56999999998,0.0,0.0,0.0,0.0,0.0,0.0,0.0,0.0,2017-02-01,0.0,0.0,0.0
2017,2,GOBIERNO REGIONAL DEL DEPARTAMENTO DE TUMBES,214.88,0.0,0.0,606285.6200000001,606500.5000000001,0.0,0.0,0.0,0.0,0.0,0.0,0.0,0.0,2017-02-01,0.0,0.0,0.0
2017,2,GOBIERNO REGIONAL DEL DEPARTAMENTO DE UCAYALI,1934.41,0.0,0.0,8820.71,10755.12,0.0,0.0,0.0,0.0,0.0,0.0,0.0,0.0,2017-02-01,0.0,0.0,0.0
2017,2,INSTITUTO DE INVESTIGACIONES DE LA AMAZONIA PERUANA,0.0,0.0,0.0,11245.54,11245.54,0.0,0.0,0.0,0.0,0.0,0.0,0.0,0.0,2017-02-01,0.0,0.0,0.0
2017,2,MUNICIPALIDAD METROPOLITANA DE LIMA,152411.11,0.0,0.0,0.0,152411.11,0.0,0.0,0.0,0.0,0.0,0.0,0.0,0.0,2017-02-01,0.0,0.0,0.0
2017,2,U. N. AUTONOMA DE TAYACAJA DANIEL HERNANDEZ MORILLO,217039.67,0.0,0.0,0.0,217039.67,0.0,0.0,0.0,0.0,0.0,0.0,0.0,0.0,2017-02-01,0.0,0.0,0.0
2017,2,U. N. AUTÓNOMA ALTOANDINA DE TARMA,45301.94,0.0,0.0,0.0,45301.94,0.0,0.0,0.0,0.0,0.0,0.0,0.0,0.0,2017-02-01,0.0,0.0,0.0
2017,2,U.N. AGRARIA DE LA SELVA,533.9300000000001,0.0,0.0,0.0,533.9300000000001,0.0,0.0,0.0,0.0,0.0,0.0,0.0,0.0,2017-02-01,0.0,0.0,0.0
2017,2,U.N. AGRARIA LA MOLINA,3562.29,0.0,0.0,0.0,3562.29,0.0,0.0,0.0,0.0,0.0,0.0,0.0,0.0,2017-02-01,0.0,0.0,0.0
2017,2,U.N. AMAZONICA DE MADRE DE DIOS,1188.5,0.0,0.0,0.0,1188.5,0.0,0.0,0.0,0.0,0.0,0.0,0.0,0.0,2017-02-01,0.0,0.0,0.0
2017,2,U.N. AUTONOMA DE ALTO AMAZONAS,144.83,0.0,0.0,5401.67,5546.5,0.0,0.0,0.0,0.0,0.0,0.0,0.0,0.0,2017-02-01,0.0,0.0,0.0
2017,2,U.N. AUTONOMA DE CHOTA,64442.94,0.0,0.0,0.0,64442.94,0.0,0.0,0.0,0.0,0.0,0.0,0.0,0.0,2017-02-01,0.0,0.0,0.0
2017,2,U.N. AUTÓNOMA DE HUANTA,16727.33,0.0,0.0,0.0,16727.33,0.0,0.0,0.0,0.0,0.0,0.0,0.0,0.0,2017-02-01,0.0,0.0,0.0
2017,2,U.N. DANIEL ALCIDES CARRION,67215.43000000001,0.0,0.0,0.0,67215.43000000001,0.0,0.0,0.0,0.0,0.0,0.0,0.0,0.0,2017-02-01,0.0,0.0,0.0
2017,2,U.N. DE BARRANCA,112513.39,0.0,0.0,0.0,112513.39,0.0,0.0,0.0,0.0,0.0,0.0,0.0,0.0,2017-02-01,0.0,0.0,0.0
2017,2,U.N. DE CAJAMARCA,119684.81,0.0,0.0,0.0,119684.81,0.0,0.0,0.0,0.0,0.0,0.0,0.0,0.0,2017-02-01,0.0,0.0,0.0
2017,2,U.N. DE CAÑETE,102181.65,0.0,0.0,0.0,102181.65,0.0,0.0,0.0,0.0,0.0,0.0,0.0,0.0,2017-02-01,0.0,0.0,0.0
2017,2,U.N. DE EDUCACION ENRIQUE GUZMAN Y VALLE,4969.03,0.0,0.0,0.0,4969.03,0.0,0.0,0.0,0.0,0.0,0.0,0.0,0.0,2017-02-01,0.0,0.0,0.0
2017,2,U.N. DE FRONTERA,10577.61,0.0,0.0,427115.27,437692.88,0.0,0.0,0.0,0.0,0.0,0.0,0.0,0.0,2017-02-01,0.0,0.0,0.0
2017,2,U.N. DE HUANCAVELICA,185655.93,0.0,0.0,0.0,185655.93,0.0,0.0,0.0,0.0,0.0,0.0,0.0,0.0,2017-02-01,0.0,0.0,0.0
2017,2,U.N. DE INGENIERIA,3215.74,0.0,0.0,0.0,3215.74,0.0,0.0,0.0,0.0,0.0,0.0,0.0,0.0,2017-02-01,0.0,0.0,0.0
2017,2,U.N. DE JAEN,168932.49,0.0,0.0,0.0,168932.49,0.0,0.0,0.0,0.0,0.0,0.0,0.0,0.0,2017-02-01,0.0,0.0,0.0
2017,2,U.N. DE JULIACA,67103.65000000001,0.0,0.0,0.0,67103.65000000001,0.0,0.0,0.0,0.0,0.0,0.0,0.0,0.0,2017-02-01,0.0,0.0,0.0
2017,2,U.N. DE LA AMAZONIA PERUANA,151.8,0.0,0.0,11863.490000000002,12015.29,0.0,0.0,0.0,0.0,0.0,0.0,0.0,0.0,2017-02-01,0.0,0.0,0.0
2017,2,U.N. DE MOQUEGUA,150752.24,0.0,0.0,0.0,150752.24,0.0,0.0,0.0,0.0,0.0,0.0,0.0,0.0,2017-02-01,0.0,0.0,0.0
2017,2,U.N. DE PIURA,10577.61,0.0,0.0,55162.5,65740.11,0.0,0.0,0.0,0.0,0.0,0.0,0.0,0.0,2017-02-01,0.0,0.0,0.0
2017,2,U.N. DE SAN AGUSTIN,518780.34,0.0,0.0,0.0,518780.34,0.0,0.0,0.0,0.0,0.0,0.0,0.0,0.0,2017-02-01,0.0,0.0,0.0
2017,2,U.N. DE SAN ANTONIO ABAD DEL CUSCO,3839314.65,0.0,0.0,0.0,3839314.65,0.0,0.0,0.0,0.0,0.0,0.0,0.0,0.0,2017-02-01,0.0,0.0,0.0
2017,2,U.N. DE SAN MARTIN,5313.63,0.0,0.0,0.0,5313.63,0.0,0.0,0.0,0.0,0.0,0.0,0.0,0.0,2017-02-01,0.0,0.0,0.0
2017,2,U.N. DE TRUJILLO,199764.64,0.0,0.0,0.0,199764.64,0.0,0.0,0.0,0.0,0.0,0.0,0.0,0.0,2017-02-01,0.0,0.0,0.0
2017,2,U.N. DE TUMBES,72.22999999999999,0.0,0.0,45817.08,45889.310000000005,0.0,0.0,0.0,0.0,0.0,0.0,0.0,0.0,2017-02-01,0.0,0.0,0.0
2017,2,U.N. DE UCAYALI,35.01,0.0,0.0,7481.23,7516.24,0.0,0.0,0.0,0.0,0.0,0.0,0.0,0.0,2017-02-01,0.0,0.0,0.0
2017,2,U.N. DEL ALTIPLANO,60634.18,0.0,0.0,0.0,60634.18,0.0,0.0,0.0,0.0,0.0,0.0,0.0,0.0,2017-02-01,0.0,0.0,0.0
2017,2,U.N. DEL CALLAO,56764.13,0.0,0.0,0.0,56764.13,0.0,0.0,0.0,0.0,0.0,0.0,0.0,0.0,2017-02-01,0.0,0.0,0.0
2017,2,U.N. DEL CENTRO DEL PERU,46257.16,0.0,0.0,0.0,46257.16,0.0,0.0,0.0,0.0,0.0,0.0,0.0,0.0,2017-02-01,0.0,0.0,0.0
2017,2,U.N. DEL SANTA,534059.02,0.0,0.0,0.0,534059.02,0.0,0.0,0.0,0.0,0.0,0.0,0.0,0.0,2017-02-01,0.0,0.0,0.0
2017,2,U.N. FEDERICO VILLARREAL,4429.34,0.0,0.0,0.0,4429.34,0.0,0.0,0.0,0.0,0.0,0.0,0.0,0.0,2017-02-01,0.0,0.0,0.0
2017,2,U.N. HERMILIO VALDIZAN,27.14,0.0,0.0,0.0,27.14,0.0,0.0,0.0,0.0,0.0,0.0,0.0,0.0,2017-02-01,0.0,0.0,0.0
2017,2,U.N. INTERCULTURAL DE LA AMAZONIA,109.01,0.0,0.0,10608.93,10717.94,0.0,0.0,0.0,0.0,0.0,0.0,0.0,0.0,2017-02-01,0.0,0.0,0.0
2017,2,U.N. INTERCULTURAL DE LA SELVA CENTRAL JUAN SANTOS ATAHUALPA,36640.91,0.0,0.0,0.0,36640.91,0.0,0.0,0.0,0.0,0.0,0.0,0.0,0.0,2017-02-01,0.0,0.0,0.0
2017,2,U.N. INTERCULTURAL DE QUILLABAMBA,4237075.11,0.0,0.0,0.0,4237075.11,0.0,0.0,0.0,0.0,0.0,0.0,0.0,0.0,2017-02-01,0.0,0.0,0.0
2017,2,U.N. INTERCULTURAL FABIOLA SALAZAR LEGUIA DE BAGUA,5.449999999999999,0.0,0.0,0.0,5.449999999999999,0.0,0.0,0.0,0.0,0.0,0.0,0.0,0.0,2017-02-01,0.0,0.0,0.0
2017,2,U.N. JORGE BASADRE GROHMANN,379389.91,0.0,0.0,0.0,379389.91,0.0,0.0,0.0,0.0,0.0,0.0,0.0,0.0,2017-02-01,0.0,0.0,0.0
2017,2,U.N. JOSE FAUSTINO SANCHEZ CARRION,133152.18,0.0,0.0,0.0,133152.18,0.0,0.0,0.0,0.0,0.0,0.0,0.0,0.0,2017-02-01,0.0,0.0,0.0
2017,2,U.N. JOSE MARIA ARGUEDAS,523.59,0.0,912208.85,0.0,912732.44,0.0,0.0,0.0,0.0,0.0,0.0,0.0,0.0,2017-02-01,0.0,0.0,0.0
2017,2,U.N. MAYOR DE SAN MARCOS,3201.39,0.0,0.0,0.0,3201.39,0.0,0.0,0.0,0.0,0.0,0.0,0.0,0.0,2017-02-01,0.0,0.0,0.0
2017,2,U.N. MICAELA BASTIDAS DE APURIMAC,2974.99,0.0,912208.85,0.0,915183.84,0.0,0.0,0.0,0.0,0.0,0.0,0.0,0.0,2017-02-01,0.0,0.0,0.0
2017,2,U.N. PEDRO RUIZ GALLO,173.1,0.0,0.0,0.0,173.1,0.0,0.0,0.0,0.0,0.0,0.0,0.0,0.0,2017-02-01,0.0,0.0,0.0
2017,2,U.N. SAN CRISTOBAL DE HUAMANGA,17719.559999999998,0.0,0.0,0.0,17719.559999999998,0.0,0.0,0.0,0.0,0.0,0.0,0.0,0.0,2017-02-01,0.0,0.0,0.0
2017,2,U.N. SAN LUIS GONZAGA DE ICA,80903.26,0.0,0.0,0.0,80903.26,0.0,0.0,0.0,0.0,0.0,0.0,0.0,0.0,2017-02-01,0.0,0.0,0.0
2017,2,U.N. SANTIAGO ANTUNEZ DE MAYOLO,500196.14,0.0,0.0,0.0,500196.14,0.0,0.0,0.0,0.0,0.0,0.0,0.0,0.0,2017-02-01,0.0,0.0,0.0
2017,2,U.N. TECNOLOGICA DEL CONO SUR DE LIMA,4179.94,0.0,0.0,0.0,4179.94,0.0,0.0,0.0,0.0,0.0,0.0,0.0,0.0,2017-02-01,0.0,0.0,0.0
2017,2,U.N. TORIBIO RODRIGUEZ DE MENDOZA DE AMAZONAS,0.08,0.0,0.0,0.0,0.08,0.0,0.0,0.0,0.0,0.0,0.0,0.0,0.0,2017-02-01,0.0,0.0,0.0
2017,3, ,97366957.93,763690509.75,20139648.63,53637328.1,934834444.41,155520134.91,28722405.54,184242540.45,2788111155.63,353058121.92,0.1266298587870407,0.3352931042660547,0.1266298587870407,2017-03-01,19.031763607617343,0.016035121136425867,0.04245811844547902
2017,3,GOBIERNO REGIONAL DE LA PROVINCIA CONSTITUCIONAL DEL CALLAO,207025.94,0.0,0.0,0.0,207025.94,0.0,0.0,0.0,0.0,0.0,0.0,0.0,0.0,2017-03-01,0.0,0.0,0.0
2017,3,GOBIERNO REGIONAL DEL DEPARTAMENTO DE AMAZONAS,367.22,0.0,0.0,0.0,367.22,0.0,0.0,0.0,0.0,0.0,0.0,0.0,0.0,2017-03-01,0.0,0.0,0.0
2017,3,GOBIERNO REGIONAL DEL DEPARTAMENTO DE ANCASH,2775141.59,0.0,0.0,0.0,2775141.59,0.0,0.0,0.0,0.0,0.0,0.0,0.0,0.0,2017-03-01,0.0,0.0,0.0
2017,3,GOBIERNO REGIONAL DEL DEPARTAMENTO DE APURIMAC,2.6100000000000003,0.0,6772172.140000001,0.0,6772174.750000001,0.0,0.0,0.0,0.0,0.0,0.0,0.0,0.0,2017-03-01,0.0,0.0,0.0
2017,3,GOBIERNO REGIONAL DEL DEPARTAMENTO DE AREQUIPA,609453.16,0.0,0.0,0.0,609453.16,0.0,0.0,0.0,0.0,0.0,0.0,0.0,0.0,2017-03-01,0.0,0.0,0.0
2017,3,GOBIERNO REGIONAL DEL DEPARTAMENTO DE AYACUCHO,7711.360000000001,0.0,0.0,0.0,7711.360000000001,0.0,0.0,0.0,0.0,0.0,0.0,0.0,0.0,2017-03-01,0.0,0.0,0.0
2017,3,GOBIERNO REGIONAL DEL DEPARTAMENTO DE CAJAMARCA,191869.53000000003,0.0,0.0,0.0,191869.53000000003,0.0,0.0,0.0,0.0,0.0,0.0,0.0,0.0,2017-03-01,0.0,0.0,0.0
2017,3,GOBIERNO REGIONAL DEL DEPARTAMENTO DE CUSCO,16217212.45,0.0,0.0,0.0,16217212.45,0.0,0.0,0.0,0.0,0.0,0.0,0.0,0.0,2017-03-01,0.0,0.0,0.0
2017,3,GOBIERNO REGIONAL DEL DEPARTAMENTO DE HUANCAVELICA,846668.52,0.0,0.0,0.0,846668.52,0.0,0.0,0.0,0.0,0.0,0.0,0.0,0.0,2017-03-01,0.0,0.0,0.0
2017,3,GOBIERNO REGIONAL DEL DEPARTAMENTO DE HUANUCO,55.400000000000006,0.0,0.0,0.0,55.400000000000006,0.0,0.0,0.0,0.0,0.0,0.0,0.0,0.0,2017-03-01,0.0,0.0,0.0
2017,3,GOBIERNO REGIONAL DEL DEPARTAMENTO DE ICA,257366.17,0.0,0.0,0.0,257366.17,0.0,0.0,0.0,0.0,0.0,0.0,0.0,0.0,2017-03-01,0.0,0.0,0.0
2017,3,GOBIERNO REGIONAL DEL DEPARTAMENTO DE JUNIN,211018.54,0.0,0.0,0.0,211018.54,0.0,0.0,0.0,0.0,0.0,0.0,0.0,0.0,2017-03-01,0.0,0.0,0.0
2017,3,GOBIERNO REGIONAL DEL DEPARTAMENTO DE LA LIBERTAD,1128253.05,0.0,0.0,0.0,1128253.05,0.0,0.0,0.0,0.0,0.0,0.0,0.0,0.0,2017-03-01,0.0,0.0,0.0
2017,3,GOBIERNO REGIONAL DEL DEPARTAMENTO DE LAMBAYEQUE,3.95,0.0,0.0,0.0,3.95,0.0,0.0,0.0,0.0,0.0,0.0,0.0,0.0,2017-03-01,0.0,0.0,0.0
2017,3,GOBIERNO REGIONAL DEL DEPARTAMENTO DE LIMA,970780.8,0.0,0.0,0.0,970780.8,0.0,0.0,0.0,0.0,0.0,0.0,0.0,0.0,2017-03-01,0.0,0.0,0.0
2017,3,GOBIERNO REGIONAL DEL DEPARTAMENTO DE LORETO,2051682.73,0.0,0.0,3009931.26,5061613.99,0.0,0.0,0.0,0.0,0.0,0.0,0.0,0.0,2017-03-01,0.0,0.0,0.0
2017,3,GOBIERNO REGIONAL DEL DEPARTAMENTO DE MADRE DE DIOS,14.02,0.0,0.0,0.0,14.02,0.0,0.0,0.0,0.0,0.0,0.0,0.0,0.0,2017-03-01,0.0,0.0,0.0
2017,3,GOBIERNO REGIONAL DEL DEPARTAMENTO DE MOQUEGUA,1587889.29,0.0,0.0,0.0,1587889.29,0.0,0.0,0.0,0.0,0.0,0.0,0.0,0.0,2017-03-01,0.0,0.0,0.0
2017,3,GOBIERNO REGIONAL DEL DEPARTAMENTO DE PASCO,154870.76,0.0,0.0,0.0,154870.76,0.0,0.0,0.0,0.0,0.0,0.0,0.0,0.0,2017-03-01,0.0,0.0,0.0
2017,3,GOBIERNO REGIONAL DEL DEPARTAMENTO DE PIURA,23175.22,0.0,0.0,8895249.38,8918424.600000001,0.0,0.0,0.0,0.0,0.0,0.0,0.0,0.0,2017-03-01,0.0,0.0,0.0
2017,3,GOBIERNO REGIONAL DEL DEPARTAMENTO DE PUNO,645913.98,0.0,0.0,0.0,645913.98,0.0,0.0,0.0,0.0,0.0,0.0,0.0,0.0,2017-03-01,0.0,0.0,0.0
2017,3,GOBIERNO REGIONAL DEL DEPARTAMENTO DE SAN MARTIN,18784.93,0.0,0.0,0.0,18784.93,0.0,0.0,0.0,0.0,0.0,0.0,0.0,0.0,2017-03-01,0.0,0.0,0.0
2017,3,GOBIERNO REGIONAL DEL DEPARTAMENTO DE TACNA,309048.12,0.0,0.0,0.0,309048.12,0.0,0.0,0.0,0.0,0.0,0.0,0.0,0.0,2017-03-01,0.0,0.0,0.0
2017,3,GOBIERNO REGIONAL DEL DEPARTAMENTO DE TUMBES,97.45,0.0,0.0,3589860.81,3589958.26,0.0,0.0,0.0,0.0,0.0,0.0,0.0,0.0,2017-03-01,0.0,0.0,0.0
2017,3,GOBIERNO REGIONAL DEL DEPARTAMENTO DE UCAYALI,877.33,0.0,0.0,1126214.89,1127092.2200000002,0.0,0.0,0.0,0.0,0.0,0.0,0.0,0.0,2017-03-01,0.0,0.0,0.0
2017,3,INSTITUTO DE INVESTIGACIONES DE LA AMAZONIA PERUANA,0.0,0.0,0.0,279368.92,279368.92,0.0,0.0,0.0,0.0,0.0,0.0,0.0,0.0,2017-03-01,0.0,0.0,0.0
2017,3,MUNICIPALIDAD METROPOLITANA DE LIMA,119105.95,0.0,0.0,0.0,119105.95,0.0,0.0,0.0,0.0,0.0,0.0,0.0,0.0,2017-03-01,0.0,0.0,0.0
2017,3,U. N. AUTONOMA DE TAYACAJA DANIEL HERNANDEZ MORILLO,190563.92,0.0,0.0,0.0,190563.92,0.0,0.0,0.0,0.0,0.0,0.0,0.0,0.0,2017-03-01,0.0,0.0,0.0
2017,3,U. N. AUTÓNOMA ALTOANDINA DE TARMA,30095.18,0.0,0.0,0.0,30095.18,0.0,0.0,0.0,0.0,0.0,0.0,0.0,0.0,2017-03-01,0.0,0.0,0.0
2017,3,U.N. AGRARIA DE LA SELVA,242.16,0.0,0.0,0.0,242.16,0.0,0.0,0.0,0.0,0.0,0.0,0.0,0.0,2017-03-01,0.0,0.0,0.0
2017,3,U.N. AGRARIA LA MOLINA,3187.56,0.0,0.0,0.0,3187.56,0.0,0.0,0.0,0.0,0.0,0.0,0.0,0.0,2017-03-01,0.0,0.0,0.0
2017,3,U.N. AMAZONICA DE MADRE DE DIOS,509.3,0.0,0.0,0.0,509.3,0.0,0.0,0.0,0.0,0.0,0.0,0.0,0.0,2017-03-01,0.0,0.0,0.0
2017,3,U.N. AUTONOMA DE ALTO AMAZONAS,65.68,0.0,0.0,3443.67,3509.35,0.0,0.0,0.0,0.0,0.0,0.0,0.0,0.0,2017-03-01,0.0,0.0,0.0
2017,3,U.N. AUTONOMA DE CHOTA,29810.06,0.0,0.0,0.0,29810.06,0.0,0.0,0.0,0.0,0.0,0.0,0.0,0.0,2017-03-01,0.0,0.0,0.0
2017,3,U.N. AUTÓNOMA DE HUANTA,7586.5,0.0,0.0,0.0,7586.5,0.0,0.0,0.0,0.0,0.0,0.0,0.0,0.0,2017-03-01,0.0,0.0,0.0
2017,3,U.N. DANIEL ALCIDES CARRION,51240.57,0.0,0.0,0.0,51240.57,0.0,0.0,0.0,0.0,0.0,0.0,0.0,0.0,2017-03-01,0.0,0.0,0.0
2017,3,U.N. DE BARRANCA,93242.25,0.0,0.0,0.0,93242.25,0.0,0.0,0.0,0.0,0.0,0.0,0.0,0.0,2017-03-01,0.0,0.0,0.0
2017,3,U.N. DE CAJAMARCA,58904.13,0.0,0.0,0.0,58904.13,0.0,0.0,0.0,0.0,0.0,0.0,0.0,0.0,2017-03-01,0.0,0.0,0.0
2017,3,U.N. DE CAÑETE,87955.76,0.0,0.0,0.0,87955.76,0.0,0.0,0.0,0.0,0.0,0.0,0.0,0.0,2017-03-01,0.0,0.0,0.0
2017,3,U.N. DE EDUCACION ENRIQUE GUZMAN Y VALLE,3854.18,0.0,0.0,0.0,3854.18,0.0,0.0,0.0,0.0,0.0,0.0,0.0,0.0,2017-03-01,0.0,0.0,0.0
2017,3,U.N. DE FRONTERA,5607.63,0.0,0.0,1442307.98,1447915.61,0.0,0.0,0.0,0.0,0.0,0.0,0.0,0.0,2017-03-01,0.0,0.0,0.0
2017,3,U.N. DE HUANCAVELICA,173571.31,0.0,0.0,0.0,173571.31,0.0,0.0,0.0,0.0,0.0,0.0,0.0,0.0,2017-03-01,0.0,0.0,0.0
2017,3,U.N. DE INGENIERIA,3059.01,0.0,0.0,0.0,3059.01,0.0,0.0,0.0,0.0,0.0,0.0,0.0,0.0,2017-03-01,0.0,0.0,0.0
2017,3,U.N. DE JAEN,81871.87999999999,0.0,0.0,0.0,81871.87999999999,0.0,0.0,0.0,0.0,0.0,0.0,0.0,0.0,2017-03-01,0.0,0.0,0.0
2017,3,U.N. DE JULIACA,39105.24,0.0,0.0,0.0,39105.24,0.0,0.0,0.0,0.0,0.0,0.0,0.0,0.0,2017-03-01,0.0,0.0,0.0
2017,3,U.N. DE LA AMAZONIA PERUANA,68.85,0.0,0.0,298506.54,298575.39,0.0,0.0,0.0,0.0,0.0,0.0,0.0,0.0,2017-03-01,0.0,0.0,0.0
2017,3,U.N. DE MOQUEGUA,76226.22,0.0,0.0,0.0,76226.22,0.0,0.0,0.0,0.0,0.0,0.0,0.0,0.0,2017-03-01,0.0,0.0,0.0
2017,3,U.N. DE PIURA,5607.63,0.0,0.0,1267790.26,1273397.89,0.0,0.0,0.0,0.0,0.0,0.0,0.0,0.0,2017-03-01,0.0,0.0,0.0
2017,3,U.N. DE SAN AGUSTIN,252280.7,0.0,0.0,0.0,252280.7,0.0,0.0,0.0,0.0,0.0,0.0,0.0,0.0,2017-03-01,0.0,0.0,0.0
2017,3,U.N. DE SAN ANTONIO ABAD DEL CUSCO,3119013.6700000004,0.0,0.0,0.0,3119013.6700000004,0.0,0.0,0.0,0.0,0.0,0.0,0.0,0.0,2017-03-01,0.0,0.0,0.0
2017,3,U.N. DE SAN MARTIN,4675.23,0.0,0.0,0.0,4675.23,0.0,0.0,0.0,0.0,0.0,0.0,0.0,0.0,2017-03-01,0.0,0.0,0.0
2017,3,U.N. DE TRUJILLO,93923.32,0.0,0.0,0.0,93923.32,0.0,0.0,0.0,0.0,0.0,0.0,0.0,0.0,2017-03-01,0.0,0.0,0.0
2017,3,U.N. DE TUMBES,32.75,0.0,0.0,725961.91,725994.66,0.0,0.0,0.0,0.0,0.0,0.0,0.0,0.0,2017-03-01,0.0,0.0,0.0
2017,3,U.N. DE UCAYALI,15.89,0.0,0.0,102747.91,102763.8,0.0,0.0,0.0,0.0,0.0,0.0,0.0,0.0,2017-03-01,0.0,0.0,0.0
2017,3,U.N. DEL ALTIPLANO,37125.78999999999,0.0,0.0,0.0,37125.78999999999,0.0,0.0,0.0,0.0,0.0,0.0,0.0,0.0,2017-03-01,0.0,0.0,0.0
2017,3,U.N. DEL CALLAO,52137.97,0.0,0.0,0.0,52137.97,0.0,0.0,0.0,0.0,0.0,0.0,0.0,0.0,2017-03-01,0.0,0.0,0.0
2017,3,U.N. DEL CENTRO DEL PERU,30528.4,0.0,0.0,0.0,30528.4,0.0,0.0,0.0,0.0,0.0,0.0,0.0,0.0,2017-03-01,0.0,0.0,0.0
2017,3,U.N. DEL SANTA,275603.28,0.0,0.0,0.0,275603.28,0.0,0.0,0.0,0.0,0.0,0.0,0.0,0.0,2017-03-01,0.0,0.0,0.0
2017,3,U.N. FEDERICO VILLARREAL,3602.87,0.0,0.0,0.0,3602.87,0.0,0.0,0.0,0.0,0.0,0.0,0.0,0.0,2017-03-01,0.0,0.0,0.0
2017,3,U.N. HERMILIO VALDIZAN,8.84,0.0,0.0,0.0,8.84,0.0,0.0,0.0,0.0,0.0,0.0,0.0,0.0,2017-03-01,0.0,0.0,0.0
2017,3,U.N. INTERCULTURAL DE LA AMAZONIA,49.44,0.0,0.0,103438.88,103488.32,0.0,0.0,0.0,0.0,0.0,0.0,0.0,0.0,2017-03-01,0.0,0.0,0.0
2017,3,U.N. INTERCULTURAL DE LA SELVA CENTRAL JUAN SANTOS ATAHUALPA,25656.69,0.0,0.0,0.0,25656.69,0.0,0.0,0.0,0.0,0.0,0.0,0.0,0.0,2017-03-01,0.0,0.0,0.0
2017,3,U.N. INTERCULTURAL DE QUILLABAMBA,3301466.83,0.0,0.0,0.0,3301466.83,0.0,0.0,0.0,0.0,0.0,0.0,0.0,0.0,2017-03-01,0.0,0.0,0.0
2017,3,U.N. INTERCULTURAL FABIOLA SALAZAR LEGUIA DE BAGUA,2.47,0.0,0.0,0.0,2.47,0.0,0.0,0.0,0.0,0.0,0.0,0.0,0.0,2017-03-01,0.0,0.0,0.0
2017,3,U.N. JORGE BASADRE GROHMANN,170475.02,0.0,0.0,0.0,170475.02,0.0,0.0,0.0,0.0,0.0,0.0,0.0,0.0,2017-03-01,0.0,0.0,0.0
2017,3,U.N. JOSE FAUSTINO SANCHEZ CARRION,98867.82,0.0,0.0,0.0,98867.82,0.0,0.0,0.0,0.0,0.0,0.0,0.0,0.0,2017-03-01,0.0,0.0,0.0
2017,3,U.N. JOSE MARIA ARGUEDAS,154.5,0.0,631055.3400000001,0.0,631209.8400000001,0.0,0.0,0.0,0.0,0.0,0.0,0.0,0.0,2017-03-01,0.0,0.0,0.0
2017,3,U.N. MAYOR DE SAN MARCOS,2970.78,0.0,0.0,0.0,2970.78,0.0,0.0,0.0,0.0,0.0,0.0,0.0,0.0,2017-03-01,0.0,0.0,0.0
2017,3,U.N. MICAELA BASTIDAS DE APURIMAC,1349.27,0.0,631055.3400000001,0.0,632404.6100000001,0.0,0.0,0.0,0.0,0.0,0.0,0.0,0.0,2017-03-01,0.0,0.0,0.0
2017,3,U.N. PEDRO RUIZ GALLO,78.5,0.0,0.0,0.0,78.5,0.0,0.0,0.0,0.0,0.0,0.0,0.0,0.0,2017-03-01,0.0,0.0,0.0
2017,3,U.N. SAN CRISTOBAL DE HUAMANGA,8036.519999999999,0.0,0.0,0.0,8036.519999999999,0.0,0.0,0.0,0.0,0.0,0.0,0.0,0.0,2017-03-01,0.0,0.0,0.0
2017,3,U.N. SAN LUIS GONZAGA DE ICA,69550.84,0.0,0.0,0.0,69550.84,0.0,0.0,0.0,0.0,0.0,0.0,0.0,0.0,2017-03-01,0.0,0.0,0.0
2017,3,U.N. SANTIAGO ANTUNEZ DE MAYOLO,262276.67,0.0,0.0,0.0,262276.67,0.0,0.0,0.0,0.0,0.0,0.0,0.0,0.0,2017-03-01,0.0,0.0,0.0
2017,3,U.N. TECNOLOGICA DEL CONO SUR DE LIMA,3488.01,0.0,0.0,0.0,3488.01,0.0,0.0,0.0,0.0,0.0,0.0,0.0,0.0,2017-03-01,0.0,0.0,0.0
2017,3,U.N. TORIBIO RODRIGUEZ DE MENDOZA DE AMAZONAS,0.03,0.0,0.0,0.0,0.03,0.0,0.0,0.0,0.0,0.0,0.0,0.0,0.0,2017-03-01,0.0,0.0,0.0
2017,4, ,101660867.81,355437213.12,22655948.5,27060325.48,506814354.91,107148908.57,23267342.82,130416251.39000002,1712228782.95,212261706.7,0.1239680753025855,0.2959968667486183,0.1239680753025855,2017-04-01,18.686241834583182,0.015368083694227508,0.036694161866422076
2017,4,GOBIERNO REGIONAL DE LA PROVINCIA CONSTITUCIONAL DEL CALLAO,433997.58,0.0,0.0,0.0,433997.58,0.0,0.0,0.0,0.0,0.0,0.0,0.0,0.0,2017-04-01,0.0,0.0,0.0
2017,4,GOBIERNO REGIONAL DEL DEPARTAMENTO DE AMAZONAS,384.13,0.0,0.0,0.0,384.13,0.0,0.0,0.0,0.0,0.0,0.0,0.0,0.0,2017-04-01,0.0,0.0,0.0
2017,4,GOBIERNO REGIONAL DEL DEPARTAMENTO DE ANCASH,1735670.95,0.0,0.0,0.0,1735670.95,0.0,0.0,0.0,0.0,0.0,0.0,0.0,0.0,2017-04-01,0.0,0.0,0.0
2017,4,GOBIERNO REGIONAL DEL DEPARTAMENTO DE APURIMAC,2.74,0.0,9545930.43,0.0,9545933.17,0.0,0.0,0.0,0.0,0.0,0.0,0.0,0.0,2017-04-01,0.0,0.0,0.0
2017,4,GOBIERNO REGIONAL DEL DEPARTAMENTO DE AREQUIPA,170967.18,0.0,0.0,0.0,170967.18,0.0,0.0,0.0,0.0,0.0,0.0,0.0,0.0,2017-04-01,0.0,0.0,0.0
2017,4,GOBIERNO REGIONAL DEL DEPARTAMENTO DE AYACUCHO,8042.82,0.0,0.0,0.0,8042.82,0.0,0.0,0.0,0.0,0.0,0.0,0.0,0.0,2017-04-01,0.0,0.0,0.0
2017,4,GOBIERNO REGIONAL DEL DEPARTAMENTO DE CAJAMARCA,490108.61,0.0,0.0,0.0,490108.61,0.0,0.0,0.0,0.0,0.0,0.0,0.0,0.0,2017-04-01,0.0,0.0,0.0
2017,4,GOBIERNO REGIONAL DEL DEPARTAMENTO DE CUSCO,16015328.89,0.0,0.0,0.0,16015328.89,0.0,0.0,0.0,0.0,0.0,0.0,0.0,0.0,2017-04-01,0.0,0.0,0.0
2017,4,GOBIERNO REGIONAL DEL DEPARTAMENTO DE HUANCAVELICA,1850109.84,0.0,0.0,0.0,1850109.84,0.0,0.0,0.0,0.0,0.0,0.0,0.0,0.0,2017-04-01,0.0,0.0,0.0
2017,4,GOBIERNO REGIONAL DEL DEPARTAMENTO DE HUANUCO,57.96,0.0,0.0,0.0,57.96,0.0,0.0,0.0,0.0,0.0,0.0,0.0,0.0,2017-04-01,0.0,0.0,0.0
2017,4,GOBIERNO REGIONAL DEL DEPARTAMENTO DE ICA,473878.79,0.0,0.0,0.0,473878.79,0.0,0.0,0.0,0.0,0.0,0.0,0.0,0.0,2017-04-01,0.0,0.0,0.0
2017,4,GOBIERNO REGIONAL DEL DEPARTAMENTO DE JUNIN,211154.04,0.0,0.0,0.0,211154.04,0.0,0.0,0.0,0.0,0.0,0.0,0.0,0.0,2017-04-01,0.0,0.0,0.0
2017,4,GOBIERNO REGIONAL DEL DEPARTAMENTO DE LA LIBERTAD,766587.7899999999,0.0,0.0,0.0,766587.7899999999,0.0,0.0,0.0,0.0,0.0,0.0,0.0,0.0,2017-04-01,0.0,0.0,0.0
2017,4,GOBIERNO REGIONAL DEL DEPARTAMENTO DE LAMBAYEQUE,4.13,0.0,0.0,0.0,4.13,0.0,0.0,0.0,0.0,0.0,0.0,0.0,0.0,2017-04-01,0.0,0.0,0.0
2017,4,GOBIERNO REGIONAL DEL DEPARTAMENTO DE LIMA,1658690.1800000002,0.0,0.0,0.0,1658690.1800000002,0.0,0.0,0.0,0.0,0.0,0.0,0.0,0.0,2017-04-01,0.0,0.0,0.0
2017,4,GOBIERNO REGIONAL DEL DEPARTAMENTO DE LORETO,1760.23,0.0,0.0,1334435.1,1336195.3299999998,0.0,0.0,0.0,0.0,0.0,0.0,0.0,0.0,2017-04-01,0.0,0.0,0.0
2017,4,GOBIERNO REGIONAL DEL DEPARTAMENTO DE MADRE DE DIOS,14.66,0.0,0.0,0.0,14.66,0.0,0.0,0.0,0.0,0.0,0.0,0.0,0.0,2017-04-01,0.0,0.0,0.0
2017,4,GOBIERNO REGIONAL DEL DEPARTAMENTO DE MOQUEGUA,91440.9,0.0,0.0,0.0,91440.9,0.0,0.0,0.0,0.0,0.0,0.0,0.0,0.0,2017-04-01,0.0,0.0,0.0
2017,4,GOBIERNO REGIONAL DEL DEPARTAMENTO DE PASCO,155043.49,0.0,0.0,0.0,155043.49,0.0,0.0,0.0,0.0,0.0,0.0,0.0,0.0,2017-04-01,0.0,0.0,0.0
2017,4,GOBIERNO REGIONAL DEL DEPARTAMENTO DE PIURA,193380.56,0.0,0.0,4735709.61,4929090.17,0.0,0.0,0.0,0.0,0.0,0.0,0.0,0.0,2017-04-01,0.0,0.0,0.0
2017,4,GOBIERNO REGIONAL DEL DEPARTAMENTO DE PUNO,159651.48,0.0,0.0,0.0,159651.48,0.0,0.0,0.0,0.0,0.0,0.0,0.0,0.0,2017-04-01,0.0,0.0,0.0
2017,4,GOBIERNO REGIONAL DEL DEPARTAMENTO DE SAN MARTIN,18934.15,0.0,0.0,0.0,18934.15,0.0,0.0,0.0,0.0,0.0,0.0,0.0,0.0,2017-04-01,0.0,0.0,0.0
2017,4,GOBIERNO REGIONAL DEL DEPARTAMENTO DE TACNA,53748.77,0.0,0.0,0.0,53748.77,0.0,0.0,0.0,0.0,0.0,0.0,0.0,0.0,2017-04-01,0.0,0.0,0.0
2017,4,GOBIERNO REGIONAL DEL DEPARTAMENTO DE TUMBES,123.08,0.0,0.0,2905154.5,2905277.58,0.0,0.0,0.0,0.0,0.0,0.0,0.0,0.0,2017-04-01,0.0,0.0,0.0
2017,4,GOBIERNO REGIONAL DEL DEPARTAMENTO DE UCAYALI,917.74,0.0,0.0,1288809.43,1289727.17,0.0,0.0,0.0,0.0,0.0,0.0,0.0,0.0,2017-04-01,0.0,0.0,0.0
2017,4,INSTITUTO DE INVESTIGACIONES DE LA AMAZONIA PERUANA,0.0,0.0,0.0,190655.53,190655.53,0.0,0.0,0.0,0.0,0.0,0.0,0.0,0.0,2017-04-01,0.0,0.0,0.0
2017,4,MUNICIPALIDAD METROPOLITANA DE LIMA,119816.61999999998,0.0,0.0,0.0,119816.61999999998,0.0,0.0,0.0,0.0,0.0,0.0,0.0,0.0,2017-04-01,0.0,0.0,0.0
2017,4,U. N. AUTONOMA DE TAYACAJA DANIEL HERNANDEZ MORILLO,192064.01,0.0,0.0,0.0,192064.01,0.0,0.0,0.0,0.0,0.0,0.0,0.0,0.0,2017-04-01,0.0,0.0,0.0
2017,4,U. N. AUTÓNOMA ALTOANDINA DE TARMA,30684.1,0.0,0.0,0.0,30684.1,0.0,0.0,0.0,0.0,0.0,0.0,0.0,0.0,2017-04-01,0.0,0.0,0.0
2017,4,U.N. AGRARIA DE LA SELVA,253.31,0.0,0.0,0.0,253.31,0.0,0.0,0.0,0.0,0.0,0.0,0.0,0.0,2017-04-01,0.0,0.0,0.0
2017,4,U.N. AGRARIA LA MOLINA,3208.1,0.0,0.0,0.0,3208.1,0.0,0.0,0.0,0.0,0.0,0.0,0.0,0.0,2017-04-01,0.0,0.0,0.0
2017,4,U.N. AMAZONICA DE MADRE DE DIOS,532.69,0.0,0.0,0.0,532.69,0.0,0.0,0.0,0.0,0.0,0.0,0.0,0.0,2017-04-01,0.0,0.0,0.0
2017,4,U.N. AUTONOMA DE ALTO AMAZONAS,68.71,0.0,0.0,3136.35,3205.06,0.0,0.0,0.0,0.0,0.0,0.0,0.0,0.0,2017-04-01,0.0,0.0,0.0
2017,4,U.N. AUTONOMA DE CHOTA,30058.85,0.0,0.0,0.0,30058.85,0.0,0.0,0.0,0.0,0.0,0.0,0.0,0.0,2017-04-01,0.0,0.0,0.0
2017,4,U.N. AUTÓNOMA DE HUANTA,7935.92,0.0,0.0,0.0,7935.92,0.0,0.0,0.0,0.0,0.0,0.0,0.0,0.0,2017-04-01,0.0,0.0,0.0
2017,4,U.N. DANIEL ALCIDES CARRION,51961.17,0.0,0.0,0.0,51961.17,0.0,0.0,0.0,0.0,0.0,0.0,0.0,0.0,2017-04-01,0.0,0.0,0.0
2017,4,U.N. DE BARRANCA,136340.7,0.0,0.0,0.0,136340.7,0.0,0.0,0.0,0.0,0.0,0.0,0.0,0.0,2017-04-01,0.0,0.0,0.0
2017,4,U.N. DE CAJAMARCA,59923.34,0.0,0.0,0.0,59923.34,0.0,0.0,0.0,0.0,0.0,0.0,0.0,0.0,2017-04-01,0.0,0.0,0.0
2017,4,U.N. DE CAÑETE,130690.61,0.0,0.0,0.0,130690.61,0.0,0.0,0.0,0.0,0.0,0.0,0.0,0.0,2017-04-01,0.0,0.0,0.0
2017,4,U.N. DE EDUCACION ENRIQUE GUZMAN Y VALLE,3905.4,0.0,0.0,0.0,3905.4,0.0,0.0,0.0,0.0,0.0,0.0,0.0,0.0,2017-04-01,0.0,0.0,0.0
2017,4,U.N. DE FRONTERA,27009.89,0.0,0.0,760397.45,787407.34,0.0,0.0,0.0,0.0,0.0,0.0,0.0,0.0,2017-04-01,0.0,0.0,0.0
2017,4,U.N. DE HUANCAVELICA,173547.27,0.0,0.0,0.0,173547.27,0.0,0.0,0.0,0.0,0.0,0.0,0.0,0.0,2017-04-01,0.0,0.0,0.0
2017,4,U.N. DE INGENIERIA,3073.59,0.0,0.0,0.0,3073.59,0.0,0.0,0.0,0.0,0.0,0.0,0.0,0.0,2017-04-01,0.0,0.0,0.0
2017,4,U.N. DE JAEN,85223.33,0.0,0.0,0.0,85223.33,0.0,0.0,0.0,0.0,0.0,0.0,0.0,0.0,2017-04-01,0.0,0.0,0.0
2017,4,U.N. DE JULIACA,40121.630000000005,0.0,0.0,0.0,40121.630000000005,0.0,0.0,0.0,0.0,0.0,0.0,0.0,0.0,2017-04-01,0.0,0.0,0.0
2017,4,U.N. DE LA AMAZONIA PERUANA,72.02,0.0,0.0,198390.45,198462.47,0.0,0.0,0.0,0.0,0.0,0.0,0.0,0.0,2017-04-01,0.0,0.0,0.0
2017,4,U.N. DE MOQUEGUA,79131.95,0.0,0.0,0.0,79131.95,0.0,0.0,0.0,0.0,0.0,0.0,0.0,0.0,2017-04-01,0.0,0.0,0.0
2017,4,U.N. DE PIURA,27009.9,0.0,0.0,575648.97,602658.87,0.0,0.0,0.0,0.0,0.0,0.0,0.0,0.0,2017-04-01,0.0,0.0,0.0
2017,4,U.N. DE SAN AGUSTIN,270574.62,0.0,0.0,0.0,270574.62,0.0,0.0,0.0,0.0,0.0,0.0,0.0,0.0,2017-04-01,0.0,0.0,0.0
2017,4,U.N. DE SAN ANTONIO ABAD DEL CUSCO,2988176.58,0.0,0.0,0.0,2988176.58,0.0,0.0,0.0,0.0,0.0,0.0,0.0,0.0,2017-04-01,0.0,0.0,0.0
2017,4,U.N. DE SAN MARTIN,4711.63,0.0,0.0,0.0,4711.63,0.0,0.0,0.0,0.0,0.0,0.0,0.0,0.0,2017-04-01,0.0,0.0,0.0
2017,4,U.N. DE TRUJILLO,152135.7,0.0,0.0,0.0,152135.7,0.0,0.0,0.0,0.0,0.0,0.0,0.0,0.0,2017-04-01,0.0,0.0,0.0
2017,4,U.N. DE TUMBES,39.56,0.0,0.0,466264.49,466304.05,0.0,0.0,0.0,0.0,0.0,0.0,0.0,0.0,2017-04-01,0.0,0.0,0.0
2017,4,U.N. DE UCAYALI,16.62,0.0,0.0,78533.31,78549.93,0.0,0.0,0.0,0.0,0.0,0.0,0.0,0.0,2017-04-01,0.0,0.0,0.0
2017,4,U.N. DEL ALTIPLANO,38075.41,0.0,0.0,0.0,38075.41,0.0,0.0,0.0,0.0,0.0,0.0,0.0,0.0,2017-04-01,0.0,0.0,0.0
2017,4,U.N. DEL CALLAO,108899.66,0.0,0.0,0.0,108899.66,0.0,0.0,0.0,0.0,0.0,0.0,0.0,0.0,2017-04-01,0.0,0.0,0.0
2017,4,U.N. DEL CENTRO DEL PERU,31180.23,0.0,0.0,0.0,31180.23,0.0,0.0,0.0,0.0,0.0,0.0,0.0,0.0,2017-04-01,0.0,0.0,0.0
2017,4,U.N. DEL SANTA,381827.17,0.0,0.0,0.0,381827.17,0.0,0.0,0.0,0.0,0.0,0.0,0.0,0.0,2017-04-01,0.0,0.0,0.0
2017,4,U.N. FEDERICO VILLARREAL,3642.52,0.0,0.0,0.0,3642.52,0.0,0.0,0.0,0.0,0.0,0.0,0.0,0.0,2017-04-01,0.0,0.0,0.0
2017,4,U.N. HERMILIO VALDIZAN,9.25,0.0,0.0,0.0,9.25,0.0,0.0,0.0,0.0,0.0,0.0,0.0,0.0,2017-04-01,0.0,0.0,0.0
2017,4,U.N. INTERCULTURAL DE LA AMAZONIA,51.72,0.0,0.0,78810.89,78862.61,0.0,0.0,0.0,0.0,0.0,0.0,0.0,0.0,2017-04-01,0.0,0.0,0.0
2017,4,U.N. INTERCULTURAL DE LA SELVA CENTRAL JUAN SANTOS ATAHUALPA,26084.19,0.0,0.0,0.0,26084.19,0.0,0.0,0.0,0.0,0.0,0.0,0.0,0.0,2017-04-01,0.0,0.0,0.0
2017,4,U.N. INTERCULTURAL DE QUILLABAMBA,3178897.67,0.0,0.0,0.0,3178897.67,0.0,0.0,0.0,0.0,0.0,0.0,0.0,0.0,2017-04-01,0.0,0.0,0.0
2017,4,U.N. INTERCULTURAL FABIOLA SALAZAR LEGUIA DE BAGUA,2.59,0.0,0.0,0.0,2.59,0.0,0.0,0.0,0.0,0.0,0.0,0.0,0.0,2017-04-01,0.0,0.0,0.0
2017,4,U.N. JORGE BASADRE GROHMANN,175779.43,0.0,0.0,0.0,175779.43,0.0,0.0,0.0,0.0,0.0,0.0,0.0,0.0,2017-04-01,0.0,0.0,0.0
2017,4,U.N. JOSE FAUSTINO SANCHEZ CARRION,140450.25,0.0,0.0,0.0,140450.25,0.0,0.0,0.0,0.0,0.0,0.0,0.0,0.0,2017-04-01,0.0,0.0,0.0
2017,4,U.N. JOSE MARIA ARGUEDAS,161.75,0.0,710065.5399999999,0.0,710227.2899999999,0.0,0.0,0.0,0.0,0.0,0.0,0.0,0.0,2017-04-01,0.0,0.0,0.0
2017,4,U.N. MAYOR DE SAN MARCOS,2953.89,0.0,0.0,0.0,2953.89,0.0,0.0,0.0,0.0,0.0,0.0,0.0,0.0,2017-04-01,0.0,0.0,0.0
2017,4,U.N. MICAELA BASTIDAS DE APURIMAC,1411.42,0.0,710065.5399999999,0.0,711476.96,0.0,0.0,0.0,0.0,0.0,0.0,0.0,0.0,2017-04-01,0.0,0.0,0.0
2017,4,U.N. PEDRO RUIZ GALLO,82.12,0.0,0.0,0.0,82.12,0.0,0.0,0.0,0.0,0.0,0.0,0.0,0.0,2017-04-01,0.0,0.0,0.0
2017,4,U.N. SAN CRISTOBAL DE HUAMANGA,8406.66,0.0,0.0,0.0,8406.66,0.0,0.0,0.0,0.0,0.0,0.0,0.0,0.0,2017-04-01,0.0,0.0,0.0
2017,4,U.N. SAN LUIS GONZAGA DE ICA,121729.91,0.0,0.0,0.0,121729.91,0.0,0.0,0.0,0.0,0.0,0.0,0.0,0.0,2017-04-01,0.0,0.0,0.0
2017,4,U.N. SANTIAGO ANTUNEZ DE MAYOLO,364521.82,0.0,0.0,0.0,364521.82,0.0,0.0,0.0,0.0,0.0,0.0,0.0,0.0,2017-04-01,0.0,0.0,0.0
2017,4,U.N. TECNOLOGICA DEL CONO SUR DE LIMA,3422.32,0.0,0.0,0.0,3422.32,0.0,0.0,0.0,0.0,0.0,0.0,0.0,0.0,2017-04-01,0.0,0.0,0.0
2017,4,U.N. TORIBIO RODRIGUEZ DE MENDOZA DE AMAZONAS,0.03,0.0,0.0,0.0,0.03,0.0,0.0,0.0,0.0,0.0,0.0,0.0,0.0,2017-04-01,0.0,0.0,0.0
2017,5, ,108804367.04,352820292.13,19892009.23,29299224.99,510815893.3900001,116093610.96,40462500.22,156556111.18,2132333587.12,258756902.48,0.1213491660230731,0.2395572139722869,0.1213491660230731,2017-05-01,18.86892504796399,0.014725620094495358,0.02907006813034789
2017,5,GOBIERNO REGIONAL DE LA PROVINCIA CONSTITUCIONAL DEL CALLAO,208346.65,0.0,0.0,0.0,208346.65,0.0,0.0,0.0,0.0,0.0,0.0,0.0,0.0,2017-05-01,0.0,0.0,0.0
2017,5,GOBIERNO REGIONAL DEL DEPARTAMENTO DE AMAZONAS,372.02,0.0,0.0,0.0,372.02,0.0,0.0,0.0,0.0,0.0,0.0,0.0,0.0,2017-05-01,0.0,0.0,0.0
2017,5,GOBIERNO REGIONAL DEL DEPARTAMENTO DE ANCASH,934374.48,0.0,0.0,0.0,934374.48,0.0,0.0,0.0,0.0,0.0,0.0,0.0,0.0,2017-05-01,0.0,0.0,0.0
2017,5,GOBIERNO REGIONAL DEL DEPARTAMENTO DE APURIMAC,2.65,0.0,4027224.55,0.0,4027227.2,0.0,0.0,0.0,0.0,0.0,0.0,0.0,0.0,2017-05-01,0.0,0.0,0.0
2017,5,GOBIERNO REGIONAL DEL DEPARTAMENTO DE AREQUIPA,136030.43000000002,0.0,0.0,0.0,136030.43000000002,0.0,0.0,0.0,0.0,0.0,0.0,0.0,0.0,2017-05-01,0.0,0.0,0.0
2017,5,GOBIERNO REGIONAL DEL DEPARTAMENTO DE AYACUCHO,7674.339999999999,0.0,0.0,0.0,7674.339999999999,0.0,0.0,0.0,0.0,0.0,0.0,0.0,0.0,2017-05-01,0.0,0.0,0.0
2017,5,GOBIERNO REGIONAL DEL DEPARTAMENTO DE CAJAMARCA,363530.88,0.0,0.0,0.0,363530.88,0.0,0.0,0.0,0.0,0.0,0.0,0.0,0.0,2017-05-01,0.0,0.0,0.0
2017,5,GOBIERNO REGIONAL DEL DEPARTAMENTO DE CUSCO,25542280.35,0.0,0.0,0.0,25542280.35,0.0,0.0,0.0,0.0,0.0,0.0,0.0,0.0,2017-05-01,0.0,0.0,0.0
2017,5,GOBIERNO REGIONAL DEL DEPARTAMENTO DE HUANCAVELICA,52110.62000000001,0.0,0.0,0.0,52110.62000000001,0.0,0.0,0.0,0.0,0.0,0.0,0.0,0.0,2017-05-01,0.0,0.0,0.0
2017,5,GOBIERNO REGIONAL DEL DEPARTAMENTO DE HUANUCO,56.120000000000005,0.0,0.0,0.0,56.120000000000005,0.0,0.0,0.0,0.0,0.0,0.0,0.0,0.0,2017-05-01,0.0,0.0,0.0
2017,5,GOBIERNO REGIONAL DEL DEPARTAMENTO DE ICA,258728.18,0.0,0.0,0.0,258728.18,0.0,0.0,0.0,0.0,0.0,0.0,0.0,0.0,2017-05-01,0.0,0.0,0.0
2017,5,GOBIERNO REGIONAL DEL DEPARTAMENTO DE JUNIN,211301.19,0.0,0.0,0.0,211301.19,0.0,0.0,0.0,0.0,0.0,0.0,0.0,0.0,2017-05-01,0.0,0.0,0.0
2017,5,GOBIERNO REGIONAL DEL DEPARTAMENTO DE LA LIBERTAD,126678.2,0.0,0.0,0.0,126678.2,0.0,0.0,0.0,0.0,0.0,0.0,0.0,0.0,2017-05-01,0.0,0.0,0.0
2017,5,GOBIERNO REGIONAL DEL DEPARTAMENTO DE LAMBAYEQUE,1.5699999999999998,0.0,0.0,0.0,1.5699999999999998,0.0,0.0,0.0,0.0,0.0,0.0,0.0,0.0,2017-05-01,0.0,0.0,0.0
2017,5,GOBIERNO REGIONAL DEL DEPARTAMENTO DE LIMA,972417.61,0.0,0.0,0.0,972417.61,0.0,0.0,0.0,0.0,0.0,0.0,0.0,0.0,2017-05-01,0.0,0.0,0.0
2017,5,GOBIERNO REGIONAL DEL DEPARTAMENTO DE LORETO,3201704.74,0.0,0.0,1718978.27,4920683.01,0.0,0.0,0.0,0.0,0.0,0.0,0.0,0.0,2017-05-01,0.0,0.0,0.0
2017,5,GOBIERNO REGIONAL DEL DEPARTAMENTO DE MADRE DE DIOS,14.2,0.0,0.0,0.0,14.2,0.0,0.0,0.0,0.0,0.0,0.0,0.0,0.0,2017-05-01,0.0,0.0,0.0
2017,5,GOBIERNO REGIONAL DEL DEPARTAMENTO DE MOQUEGUA,595698.24,0.0,0.0,0.0,595698.24,0.0,0.0,0.0,0.0,0.0,0.0,0.0,0.0,2017-05-01,0.0,0.0,0.0
2017,5,GOBIERNO REGIONAL DEL DEPARTAMENTO DE PASCO,154853.18000000002,0.0,0.0,0.0,154853.18000000002,0.0,0.0,0.0,0.0,0.0,0.0,0.0,0.0,2017-05-01,0.0,0.0,0.0
2017,5,GOBIERNO REGIONAL DEL DEPARTAMENTO DE PIURA,23474.85,0.0,0.0,7233301.840000001,7256776.69,0.0,0.0,0.0,0.0,0.0,0.0,0.0,0.0,2017-05-01,0.0,0.0,0.0
2017,5,GOBIERNO REGIONAL DEL DEPARTAMENTO DE PUNO,155729.25000000003,0.0,0.0,0.0,155729.25000000003,0.0,0.0,0.0,0.0,0.0,0.0,0.0,0.0,2017-05-01,0.0,0.0,0.0
2017,5,GOBIERNO REGIONAL DEL DEPARTAMENTO DE SAN MARTIN,18894.37,0.0,0.0,0.0,18894.37,0.0,0.0,0.0,0.0,0.0,0.0,0.0,0.0,2017-05-01,0.0,0.0,0.0
2017,5,GOBIERNO REGIONAL DEL DEPARTAMENTO DE TACNA,42883.3,0.0,0.0,0.0,42883.3,0.0,0.0,0.0,0.0,0.0,0.0,0.0,0.0,2017-05-01,0.0,0.0,0.0
2017,5,GOBIERNO REGIONAL DEL DEPARTAMENTO DE TUMBES,98.75,0.0,0.0,1977337.93,1977436.68,0.0,0.0,0.0,0.0,0.0,0.0,0.0,0.0,2017-05-01,0.0,0.0,0.0
2017,5,GOBIERNO REGIONAL DEL DEPARTAMENTO DE UCAYALI,888.81,0.0,0.0,759906.3600000001,760795.1700000002,0.0,0.0,0.0,0.0,0.0,0.0,0.0,0.0,2017-05-01,0.0,0.0,0.0
2017,5,INSTITUTO DE INVESTIGACIONES DE LA AMAZONIA PERUANA,0.0,0.0,0.0,169817.25999999998,169817.25999999998,0.0,0.0,0.0,0.0,0.0,0.0,0.0,0.0,2017-05-01,0.0,0.0,0.0
2017,5,MUNICIPALIDAD METROPOLITANA DE LIMA,119137.17,0.0,0.0,0.0,119137.17,0.0,0.0,0.0,0.0,0.0,0.0,0.0,0.0,2017-05-01,0.0,0.0,0.0
2017,5,U. N. AUTONOMA DE TAYACAJA DANIEL HERNANDEZ MORILLO,191673.46,0.0,0.0,0.0,191673.46,0.0,0.0,0.0,0.0,0.0,0.0,0.0,0.0,2017-05-01,0.0,0.0,0.0
2017,5,U. N. AUTÓNOMA ALTOANDINA DE TARMA,30283.43,0.0,0.0,0.0,30283.43,0.0,0.0,0.0,0.0,0.0,0.0,0.0,0.0,2017-05-01,0.0,0.0,0.0
2017,5,U.N. AGRARIA DE LA SELVA,245.32,0.0,0.0,0.0,245.32,0.0,0.0,0.0,0.0,0.0,0.0,0.0,0.0,2017-05-01,0.0,0.0,0.0
2017,5,U.N. AGRARIA LA MOLINA,3205.48,0.0,0.0,0.0,3205.48,0.0,0.0,0.0,0.0,0.0,0.0,0.0,0.0,2017-05-01,0.0,0.0,0.0
2017,5,U.N. AMAZONICA DE MADRE DE DIOS,515.9,0.0,0.0,0.0,515.9,0.0,0.0,0.0,0.0,0.0,0.0,0.0,0.0,2017-05-01,0.0,0.0,0.0
2017,5,U.N. AUTONOMA DE ALTO AMAZONAS,60.7,0.0,0.0,2821.28,2881.98,0.0,0.0,0.0,0.0,0.0,0.0,0.0,0.0,2017-05-01,0.0,0.0,0.0
2017,5,U.N. AUTONOMA DE CHOTA,28372.22,0.0,0.0,0.0,28372.22,0.0,0.0,0.0,0.0,0.0,0.0,0.0,0.0,2017-05-01,0.0,0.0,0.0
2017,5,U.N. AUTÓNOMA DE HUANTA,7685.74,0.0,0.0,0.0,7685.74,0.0,0.0,0.0,0.0,0.0,0.0,0.0,0.0,2017-05-01,0.0,0.0,0.0
2017,5,U.N. DANIEL ALCIDES CARRION,51599.2,0.0,0.0,0.0,51599.2,0.0,0.0,0.0,0.0,0.0,0.0,0.0,0.0,2017-05-01,0.0,0.0,0.0
2017,5,U.N. DE BARRANCA,93723.26,0.0,0.0,0.0,93723.26,0.0,0.0,0.0,0.0,0.0,0.0,0.0,0.0,2017-05-01,0.0,0.0,0.0
2017,5,U.N. DE CAJAMARCA,58258.67999999999,0.0,0.0,0.0,58258.67999999999,0.0,0.0,0.0,0.0,0.0,0.0,0.0,0.0,2017-05-01,0.0,0.0,0.0
2017,5,U.N. DE CAÑETE,88344.25,0.0,0.0,0.0,88344.25,0.0,0.0,0.0,0.0,0.0,0.0,0.0,0.0,2017-05-01,0.0,0.0,0.0
2017,5,U.N. DE EDUCACION ENRIQUE GUZMAN Y VALLE,3880.58,0.0,0.0,0.0,3880.58,0.0,0.0,0.0,0.0,0.0,0.0,0.0,0.0,2017-05-01,0.0,0.0,0.0
2017,5,U.N. DE FRONTERA,5690.049999999999,0.0,0.0,784439.33,790129.38,0.0,0.0,0.0,0.0,0.0,0.0,0.0,0.0,2017-05-01,0.0,0.0,0.0
2017,5,U.N. DE HUANCAVELICA,173711.36,0.0,0.0,0.0,173711.36,0.0,0.0,0.0,0.0,0.0,0.0,0.0,0.0,2017-05-01,0.0,0.0,0.0
2017,5,U.N. DE INGENIERIA,3074.99,0.0,0.0,0.0,3074.99,0.0,0.0,0.0,0.0,0.0,0.0,0.0,0.0,2017-05-01,0.0,0.0,0.0
2017,5,U.N. DE JAEN,82769.72,0.0,0.0,0.0,82769.72,0.0,0.0,0.0,0.0,0.0,0.0,0.0,0.0,2017-05-01,0.0,0.0,0.0
2017,5,U.N. DE JULIACA,37360.23,0.0,0.0,0.0,37360.23,0.0,0.0,0.0,0.0,0.0,0.0,0.0,0.0,2017-05-01,0.0,0.0,0.0
2017,5,U.N. DE LA AMAZONIA PERUANA,69.75,0.0,0.0,189892.52,189962.27,0.0,0.0,0.0,0.0,0.0,0.0,0.0,0.0,2017-05-01,0.0,0.0,0.0
2017,5,U.N. DE MOQUEGUA,76069.49,0.0,0.0,0.0,76069.49,0.0,0.0,0.0,0.0,0.0,0.0,0.0,0.0,2017-05-01,0.0,0.0,0.0
2017,5,U.N. DE PIURA,5690.06,0.0,0.0,603669.64,609359.7000000001,0.0,0.0,0.0,0.0,0.0,0.0,0.0,0.0,2017-05-01,0.0,0.0,0.0
2017,5,U.N. DE SAN AGUSTIN,253612.04,0.0,0.0,0.0,253612.04,0.0,0.0,0.0,0.0,0.0,0.0,0.0,0.0,2017-05-01,0.0,0.0,0.0
2017,5,U.N. DE SAN ANTONIO ABAD DEL CUSCO,1023529.91,0.0,0.0,0.0,1023529.91,0.0,0.0,0.0,0.0,0.0,0.0,0.0,0.0,2017-05-01,0.0,0.0,0.0
2017,5,U.N. DE SAN MARTIN,4702.38,0.0,0.0,0.0,4702.38,0.0,0.0,0.0,0.0,0.0,0.0,0.0,0.0,2017-05-01,0.0,0.0,0.0
2017,5,U.N. DE TRUJILLO,93806.02,0.0,0.0,0.0,93806.02,0.0,0.0,0.0,0.0,0.0,0.0,0.0,0.0,2017-05-01,0.0,0.0,0.0
2017,5,U.N. DE TUMBES,33.2,0.0,0.0,405188.12000000005,405221.32000000007,0.0,0.0,0.0,0.0,0.0,0.0,0.0,0.0,2017-05-01,0.0,0.0,0.0
2017,5,U.N. DE UCAYALI,16.1,0.0,0.0,58765.39,58781.49,0.0,0.0,0.0,0.0,0.0,0.0,0.0,0.0,2017-05-01,0.0,0.0,0.0
2017,5,U.N. DEL ALTIPLANO,37454.12,0.0,0.0,0.0,37454.12,0.0,0.0,0.0,0.0,0.0,0.0,0.0,0.0,2017-05-01,0.0,0.0,0.0
2017,5,U.N. DEL CALLAO,52474.31,0.0,0.0,0.0,52474.31,0.0,0.0,0.0,0.0,0.0,0.0,0.0,0.0,2017-05-01,0.0,0.0,0.0
2017,5,U.N. DEL CENTRO DEL PERU,30784.36,0.0,0.0,0.0,30784.36,0.0,0.0,0.0,0.0,0.0,0.0,0.0,0.0,2017-05-01,0.0,0.0,0.0
2017,5,U.N. DEL SANTA,277189.24,0.0,0.0,0.0,277189.24,0.0,0.0,0.0,0.0,0.0,0.0,0.0,0.0,2017-05-01,0.0,0.0,0.0
2017,5,U.N. FEDERICO VILLARREAL,3625.98,0.0,0.0,0.0,3625.98,0.0,0.0,0.0,0.0,0.0,0.0,0.0,0.0,2017-05-01,0.0,0.0,0.0
2017,5,U.N. HERMILIO VALDIZAN,8.959999999999999,0.0,0.0,0.0,8.959999999999999,0.0,0.0,0.0,0.0,0.0,0.0,0.0,0.0,2017-05-01,0.0,0.0,0.0
2017,5,U.N. INTERCULTURAL DE LA AMAZONIA,50.09,0.0,0.0,58530.18,58580.27,0.0,0.0,0.0,0.0,0.0,0.0,0.0,0.0,2017-05-01,0.0,0.0,0.0
2017,5,U.N. INTERCULTURAL DE LA SELVA CENTRAL JUAN SANTOS ATAHUALPA,25848.98,0.0,0.0,0.0,25848.98,0.0,0.0,0.0,0.0,0.0,0.0,0.0,0.0,2017-05-01,0.0,0.0,0.0
2017,5,U.N. INTERCULTURAL DE QUILLABAMBA,1207640.9,0.0,0.0,0.0,1207640.9,0.0,0.0,0.0,0.0,0.0,0.0,0.0,0.0,2017-05-01,0.0,0.0,0.0
2017,5,U.N. INTERCULTURAL FABIOLA SALAZAR LEGUIA DE BAGUA,2.51,0.0,0.0,0.0,2.51,0.0,0.0,0.0,0.0,0.0,0.0,0.0,0.0,2017-05-01,0.0,0.0,0.0
2017,5,U.N. JORGE BASADRE GROHMANN,169132.33,0.0,0.0,0.0,169132.33,0.0,0.0,0.0,0.0,0.0,0.0,0.0,0.0,2017-05-01,0.0,0.0,0.0
2017,5,U.N. JOSE FAUSTINO SANCHEZ CARRION,97638.7,0.0,0.0,0.0,97638.7,0.0,0.0,0.0,0.0,0.0,0.0,0.0,0.0,2017-05-01,0.0,0.0,0.0
2017,5,U.N. JOSE MARIA ARGUEDAS,156.65,0.0,624173.23,0.0,624329.88,0.0,0.0,0.0,0.0,0.0,0.0,0.0,0.0,2017-05-01,0.0,0.0,0.0
2017,5,U.N. MAYOR DE SAN MARCOS,2959.11,0.0,0.0,0.0,2959.11,0.0,0.0,0.0,0.0,0.0,0.0,0.0,0.0,2017-05-01,0.0,0.0,0.0
2017,5,U.N. MICAELA BASTIDAS DE APURIMAC,1268.41,0.0,624173.23,0.0,625441.64,0.0,0.0,0.0,0.0,0.0,0.0,0.0,0.0,2017-05-01,0.0,0.0,0.0
2017,5,U.N. PEDRO RUIZ GALLO,79.53,0.0,0.0,0.0,79.53,0.0,0.0,0.0,0.0,0.0,0.0,0.0,0.0,2017-05-01,0.0,0.0,0.0
2017,5,U.N. SAN CRISTOBAL DE HUAMANGA,8141.639999999999,0.0,0.0,0.0,8141.639999999999,0.0,0.0,0.0,0.0,0.0,0.0,0.0,0.0,2017-05-01,0.0,0.0,0.0
2017,5,U.N. SAN LUIS GONZAGA DE ICA,67784.18,0.0,0.0,0.0,67784.18,0.0,0.0,0.0,0.0,0.0,0.0,0.0,0.0,2017-05-01,0.0,0.0,0.0
2017,5,U.N. SANTIAGO ANTUNEZ DE MAYOLO,256094.15,0.0,0.0,0.0,256094.15,0.0,0.0,0.0,0.0,0.0,0.0,0.0,0.0,2017-05-01,0.0,0.0,0.0
2017,5,U.N. TECNOLOGICA DEL CONO SUR DE LIMA,3351.28,0.0,0.0,0.0,3351.28,0.0,0.0,0.0,0.0,0.0,0.0,0.0,0.0,2017-05-01,0.0,0.0,0.0
2017,5,U.N. TORIBIO RODRIGUEZ DE MENDOZA DE AMAZONAS,0.03,0.0,0.0,0.0,0.03,0.0,0.0,0.0,0.0,0.0,0.0,0.0,0.0,2017-05-01,0.0,0.0,0.0
2017,6, ,57237369.33,408466162.7,12867837.56,26811143.8,505382513.39,120514567.55,31450415.9,151964983.45,1588087842.87,222016955.73,0.139801432727279,0.3182333494075934,0.139801432727279,2017-06-01,18.839160686811827,0.019544440592599913,0.044489478188782336
2017,6,GOBIERNO REGIONAL DE LA PROVINCIA CONSTITUCIONAL DEL CALLAO,18626.22,0.0,0.0,0.0,18626.22,0.0,0.0,0.0,0.0,0.0,0.0,0.0,0.0,2017-06-01,0.0,0.0,0.0
2017,6,GOBIERNO REGIONAL DEL DEPARTAMENTO DE AMAZONAS,441.38,0.0,0.0,0.0,441.38,0.0,0.0,0.0,0.0,0.0,0.0,0.0,0.0,2017-06-01,0.0,0.0,0.0
2017,6,GOBIERNO REGIONAL DEL DEPARTAMENTO DE ANCASH,445921.56000000006,0.0,0.0,0.0,445921.56000000006,0.0,0.0,0.0,0.0,0.0,0.0,0.0,0.0,2017-06-01,0.0,0.0,0.0
2017,6,GOBIERNO REGIONAL DEL DEPARTAMENTO DE APURIMAC,3.1500000000000004,0.0,3153020.67,0.0,3153023.82,0.0,0.0,0.0,0.0,0.0,0.0,0.0,0.0,2017-06-01,0.0,0.0,0.0
2017,6,GOBIERNO REGIONAL DEL DEPARTAMENTO DE AREQUIPA,4351.68,0.0,0.0,0.0,4351.68,0.0,0.0,0.0,0.0,0.0,0.0,0.0,0.0,2017-06-01,0.0,0.0,0.0
2017,6,GOBIERNO REGIONAL DEL DEPARTAMENTO DE AYACUCHO,7588.22,0.0,0.0,0.0,7588.22,0.0,0.0,0.0,0.0,0.0,0.0,0.0,0.0,2017-06-01,0.0,0.0,0.0
2017,6,GOBIERNO REGIONAL DEL DEPARTAMENTO DE CAJAMARCA,5756741.35,0.0,0.0,0.0,5756741.35,0.0,0.0,0.0,0.0,0.0,0.0,0.0,0.0,2017-06-01,0.0,0.0,0.0
2017,6,GOBIERNO REGIONAL DEL DEPARTAMENTO DE CUSCO,25738971.84,0.0,0.0,0.0,25738971.84,0.0,0.0,0.0,0.0,0.0,0.0,0.0,0.0,2017-06-01,0.0,0.0,0.0
2017,6,GOBIERNO REGIONAL DEL DEPARTAMENTO DE HUANCAVELICA,1316257.05,0.0,0.0,0.0,1316257.05,0.0,0.0,0.0,0.0,0.0,0.0,0.0,0.0,2017-06-01,0.0,0.0,0.0
2017,6,GOBIERNO REGIONAL DEL DEPARTAMENTO DE HUANUCO,66.59,0.0,0.0,0.0,66.59,0.0,0.0,0.0,0.0,0.0,0.0,0.0,0.0,2017-06-01,0.0,0.0,0.0
2017,6,GOBIERNO REGIONAL DEL DEPARTAMENTO DE ICA,8310.21,0.0,0.0,0.0,8310.21,0.0,0.0,0.0,0.0,0.0,0.0,0.0,0.0,2017-06-01,0.0,0.0,0.0
2017,6,GOBIERNO REGIONAL DEL DEPARTAMENTO DE JUNIN,3410.49,0.0,0.0,0.0,3410.49,0.0,0.0,0.0,0.0,0.0,0.0,0.0,0.0,2017-06-01,0.0,0.0,0.0
2017,6,GOBIERNO REGIONAL DEL DEPARTAMENTO DE LA LIBERTAD,69006.91,0.0,0.0,0.0,69006.91,0.0,0.0,0.0,0.0,0.0,0.0,0.0,0.0,2017-06-01,0.0,0.0,0.0
2017,6,GOBIERNO REGIONAL DEL DEPARTAMENTO DE LAMBAYEQUE,0.05,0.0,0.0,0.0,0.05,0.0,0.0,0.0,0.0,0.0,0.0,0.0,0.0,2017-06-01,0.0,0.0,0.0
2017,6,GOBIERNO REGIONAL DEL DEPARTAMENTO DE LIMA,59549.67,0.0,0.0,0.0,59549.67,0.0,0.0,0.0,0.0,0.0,0.0,0.0,0.0,2017-06-01,0.0,0.0,0.0
2017,6,GOBIERNO REGIONAL DEL DEPARTAMENTO DE LORETO,1272022.55,0.0,0.0,2687860.89,3959883.44,0.0,0.0,0.0,0.0,0.0,0.0,0.0,0.0,2017-06-01,0.0,0.0,0.0
2017,6,GOBIERNO REGIONAL DEL DEPARTAMENTO DE MADRE DE DIOS,16.85,0.0,0.0,0.0,16.85,0.0,0.0,0.0,0.0,0.0,0.0,0.0,0.0,2017-06-01,0.0,0.0,0.0
2017,6,GOBIERNO REGIONAL DEL DEPARTAMENTO DE MOQUEGUA,1126016.37,0.0,0.0,0.0,1126016.37,0.0,0.0,0.0,0.0,0.0,0.0,0.0,0.0,2017-06-01,0.0,0.0,0.0
2017,6,GOBIERNO REGIONAL DEL DEPARTAMENTO DE PASCO,4483.61,0.0,0.0,0.0,4483.61,0.0,0.0,0.0,0.0,0.0,0.0,0.0,0.0,2017-06-01,0.0,0.0,0.0
2017,6,GOBIERNO REGIONAL DEL DEPARTAMENTO DE PIURA,14030.22,0.0,0.0,9839221.26,9853251.48,0.0,0.0,0.0,0.0,0.0,0.0,0.0,0.0,2017-06-01,0.0,0.0,0.0
2017,6,GOBIERNO REGIONAL DEL DEPARTAMENTO DE PUNO,491313.06,0.0,0.0,0.0,491313.06,0.0,0.0,0.0,0.0,0.0,0.0,0.0,0.0,2017-06-01,0.0,0.0,0.0
2017,6,GOBIERNO REGIONAL DEL DEPARTAMENTO DE SAN MARTIN,2899.75,0.0,0.0,0.0,2899.75,0.0,0.0,0.0,0.0,0.0,0.0,0.0,0.0,2017-06-01,0.0,0.0,0.0
2017,6,GOBIERNO REGIONAL DEL DEPARTAMENTO DE TACNA,26564.54,0.0,0.0,0.0,26564.54,0.0,0.0,0.0,0.0,0.0,0.0,0.0,0.0,2017-06-01,0.0,0.0,0.0
2017,6,GOBIERNO REGIONAL DEL DEPARTAMENTO DE TUMBES,117.2,0.0,0.0,3306665.83,3306783.03,0.0,0.0,0.0,0.0,0.0,0.0,0.0,0.0,2017-06-01,0.0,0.0,0.0
2017,6,GOBIERNO REGIONAL DEL DEPARTAMENTO DE UCAYALI,1054.51,0.0,0.0,957603.82,958658.33,0.0,0.0,0.0,0.0,0.0,0.0,0.0,0.0,2017-06-01,0.0,0.0,0.0
2017,6,INSTITUTO DE INVESTIGACIONES DE LA AMAZONIA PERUANA,0.0,0.0,0.0,136260.89,136260.89,0.0,0.0,0.0,0.0,0.0,0.0,0.0,0.0,2017-06-01,0.0,0.0,0.0
2017,6,MUNICIPALIDAD METROPOLITANA DE LIMA,31029.93,0.0,0.0,0.0,31029.93,0.0,0.0,0.0,0.0,0.0,0.0,0.0,0.0,2017-06-01,0.0,0.0,0.0
2017,6,U. N. AUTONOMA DE TAYACAJA DANIEL HERNANDEZ MORILLO,28970.31,0.0,0.0,0.0,28970.31,0.0,0.0,0.0,0.0,0.0,0.0,0.0,0.0,2017-06-01,0.0,0.0,0.0
2017,6,U. N. AUTÓNOMA ALTOANDINA DE TARMA,15360.7,0.0,0.0,0.0,15360.7,0.0,0.0,0.0,0.0,0.0,0.0,0.0,0.0,2017-06-01,0.0,0.0,0.0
2017,6,U.N. AGRARIA DE LA SELVA,291.06,0.0,0.0,0.0,291.06,0.0,0.0,0.0,0.0,0.0,0.0,0.0,0.0,2017-06-01,0.0,0.0,0.0
2017,6,U.N. AGRARIA LA MOLINA,347.42,0.0,0.0,0.0,347.42,0.0,0.0,0.0,0.0,0.0,0.0,0.0,0.0,2017-06-01,0.0,0.0,0.0
2017,6,U.N. AMAZONICA DE MADRE DE DIOS,612.0699999999999,0.0,0.0,0.0,612.0699999999999,0.0,0.0,0.0,0.0,0.0,0.0,0.0,0.0,2017-06-01,0.0,0.0,0.0
2017,6,U.N. AUTONOMA DE ALTO AMAZONAS,71.26,0.0,0.0,312.59,383.85,0.0,0.0,0.0,0.0,0.0,0.0,0.0,0.0,2017-06-01,0.0,0.0,0.0
2017,6,U.N. AUTONOMA DE CHOTA,18371.95,0.0,0.0,0.0,18371.95,0.0,0.0,0.0,0.0,0.0,0.0,0.0,0.0,2017-06-01,0.0,0.0,0.0
2017,6,U.N. AUTÓNOMA DE HUANTA,9118.59,0.0,0.0,0.0,9118.59,0.0,0.0,0.0,0.0,0.0,0.0,0.0,0.0,2017-06-01,0.0,0.0,0.0
2017,6,U.N. DANIEL ALCIDES CARRION,16512.499999999996,0.0,0.0,0.0,16512.499999999996,0.0,0.0,0.0,0.0,0.0,0.0,0.0,0.0,2017-06-01,0.0,0.0,0.0
2017,6,U.N. DE BARRANCA,19826.85,0.0,0.0,0.0,19826.85,0.0,0.0,0.0,0.0,0.0,0.0,0.0,0.0,2017-06-01,0.0,0.0,0.0
2017,6,U.N. DE CAJAMARCA,57630.45,0.0,0.0,0.0,57630.45,0.0,0.0,0.0,0.0,0.0,0.0,0.0,0.0,2017-06-01,0.0,0.0,0.0
2017,6,U.N. DE CAÑETE,13958.229999999998,0.0,0.0,0.0,13958.229999999998,0.0,0.0,0.0,0.0,0.0,0.0,0.0,0.0,2017-06-01,0.0,0.0,0.0
2017,6,U.N. DE EDUCACION ENRIQUE GUZMAN Y VALLE,1156.59,0.0,0.0,0.0,1156.59,0.0,0.0,0.0,0.0,0.0,0.0,0.0,0.0,2017-06-01,0.0,0.0,0.0
2017,6,U.N. DE FRONTERA,5038.61,0.0,0.0,832067.97,837106.58,0.0,0.0,0.0,0.0,0.0,0.0,0.0,0.0,2017-06-01,0.0,0.0,0.0
2017,6,U.N. DE HUANCAVELICA,7030.49,0.0,0.0,0.0,7030.49,0.0,0.0,0.0,0.0,0.0,0.0,0.0,0.0,2017-06-01,0.0,0.0,0.0
2017,6,U.N. DE INGENIERIA,200.82,0.0,0.0,0.0,200.82,0.0,0.0,0.0,0.0,0.0,0.0,0.0,0.0,2017-06-01,0.0,0.0,0.0
2017,6,U.N. DE JAEN,86408.84999999999,0.0,0.0,0.0,86408.84999999999,0.0,0.0,0.0,0.0,0.0,0.0,0.0,0.0,2017-06-01,0.0,0.0,0.0
2017,6,U.N. DE JULIACA,22041.16,0.0,0.0,0.0,22041.16,0.0,0.0,0.0,0.0,0.0,0.0,0.0,0.0,2017-06-01,0.0,0.0,0.0
2017,6,U.N. DE LA AMAZONIA PERUANA,82.75,0.0,0.0,152664.99000000002,152747.74000000002,0.0,0.0,0.0,0.0,0.0,0.0,0.0,0.0,2017-06-01,0.0,0.0,0.0
2017,6,U.N. DE MOQUEGUA,71865.06,0.0,0.0,0.0,71865.06,0.0,0.0,0.0,0.0,0.0,0.0,0.0,0.0,2017-06-01,0.0,0.0,0.0
2017,6,U.N. DE PIURA,5038.61,0.0,0.0,614377.07,619415.6799999999,0.0,0.0,0.0,0.0,0.0,0.0,0.0,0.0,2017-06-01,0.0,0.0,0.0
2017,6,U.N. DE SAN AGUSTIN,260267.19,0.0,0.0,0.0,260267.19,0.0,0.0,0.0,0.0,0.0,0.0,0.0,0.0,2017-06-01,0.0,0.0,0.0
2017,6,U.N. DE SAN ANTONIO ABAD DEL CUSCO,2413615.67,0.0,0.0,0.0,2413615.67,0.0,0.0,0.0,0.0,0.0,0.0,0.0,0.0,2017-06-01,0.0,0.0,0.0
2017,6,U.N. DE SAN MARTIN,699.77,0.0,0.0,0.0,699.77,0.0,0.0,0.0,0.0,0.0,0.0,0.0,0.0,2017-06-01,0.0,0.0,0.0
2017,6,U.N. DE TRUJILLO,101006.35,0.0,0.0,0.0,101006.35,0.0,0.0,0.0,0.0,0.0,0.0,0.0,0.0,2017-06-01,0.0,0.0,0.0
2017,6,U.N. DE TUMBES,39.39,0.0,0.0,420274.7,420314.09,0.0,0.0,0.0,0.0,0.0,0.0,0.0,0.0,2017-06-01,0.0,0.0,0.0
2017,6,U.N. DE UCAYALI,19.1,0.0,0.0,48878.2,48897.3,0.0,0.0,0.0,0.0,0.0,0.0,0.0,0.0,2017-06-01,0.0,0.0,0.0
2017,6,U.N. DEL ALTIPLANO,23649.47,0.0,0.0,0.0,23649.47,0.0,0.0,0.0,0.0,0.0,0.0,0.0,0.0,2017-06-01,0.0,0.0,0.0
2017,6,U.N. DEL CALLAO,5116.48,0.0,0.0,0.0,5116.48,0.0,0.0,0.0,0.0,0.0,0.0,0.0,0.0,2017-06-01,0.0,0.0,0.0
2017,6,U.N. DEL CENTRO DEL PERU,15955.71,0.0,0.0,0.0,15955.71,0.0,0.0,0.0,0.0,0.0,0.0,0.0,0.0,2017-06-01,0.0,0.0,0.0
2017,6,U.N. DEL SANTA,246782.3,0.0,0.0,0.0,246782.3,0.0,0.0,0.0,0.0,0.0,0.0,0.0,0.0,2017-06-01,0.0,0.0,0.0
2017,6,U.N. FEDERICO VILLARREAL,850.3,0.0,0.0,0.0,850.3,0.0,0.0,0.0,0.0,0.0,0.0,0.0,0.0,2017-06-01,0.0,0.0,0.0
2017,6,U.N. HERMILIO VALDIZAN,10.63,0.0,0.0,0.0,10.63,0.0,0.0,0.0,0.0,0.0,0.0,0.0,0.0,2017-06-01,0.0,0.0,0.0
2017,6,U.N. INTERCULTURAL DE LA AMAZONIA,59.43,0.0,0.0,48336.6,48396.03,0.0,0.0,0.0,0.0,0.0,0.0,0.0,0.0,2017-06-01,0.0,0.0,0.0
2017,6,U.N. INTERCULTURAL DE LA SELVA CENTRAL JUAN SANTOS ATAHUALPA,10100.22,0.0,0.0,0.0,10100.22,0.0,0.0,0.0,0.0,0.0,0.0,0.0,0.0,2017-06-01,0.0,0.0,0.0
2017,6,U.N. INTERCULTURAL DE QUILLABAMBA,2631266.32,0.0,0.0,0.0,2631266.32,0.0,0.0,0.0,0.0,0.0,0.0,0.0,0.0,2017-06-01,0.0,0.0,0.0
2017,6,U.N. INTERCULTURAL FABIOLA SALAZAR LEGUIA DE BAGUA,2.97,0.0,0.0,0.0,2.97,0.0,0.0,0.0,0.0,0.0,0.0,0.0,0.0,2017-06-01,0.0,0.0,0.0
2017,6,U.N. JORGE BASADRE GROHMANN,194483.13,0.0,0.0,0.0,194483.13,0.0,0.0,0.0,0.0,0.0,0.0,0.0,0.0,2017-06-01,0.0,0.0,0.0
2017,6,U.N. JOSE FAUSTINO SANCHEZ CARRION,24985.79,0.0,0.0,0.0,24985.79,0.0,0.0,0.0,0.0,0.0,0.0,0.0,0.0,2017-06-01,0.0,0.0,0.0
2017,6,U.N. JOSE MARIA ARGUEDAS,157.91,0.0,405846.83,0.0,406004.74,0.0,0.0,0.0,0.0,0.0,0.0,0.0,0.0,2017-06-01,0.0,0.0,0.0
2017,6,U.N. MAYOR DE SAN MARCOS,63.34,0.0,0.0,0.0,63.34,0.0,0.0,0.0,0.0,0.0,0.0,0.0,0.0,2017-06-01,0.0,0.0,0.0
2017,6,U.N. MICAELA BASTIDAS DE APURIMAC,1129.74,0.0,405846.83,0.0,406976.57,0.0,0.0,0.0,0.0,0.0,0.0,0.0,0.0,2017-06-01,0.0,0.0,0.0
2017,6,U.N. PEDRO RUIZ GALLO,94.36,0.0,0.0,0.0,94.36,0.0,0.0,0.0,0.0,0.0,0.0,0.0,0.0,2017-06-01,0.0,0.0,0.0
2017,6,U.N. SAN CRISTOBAL DE HUAMANGA,9659.48,0.0,0.0,0.0,9659.48,0.0,0.0,0.0,0.0,0.0,0.0,0.0,0.0,2017-06-01,0.0,0.0,0.0
2017,6,U.N. SAN LUIS GONZAGA DE ICA,5774.950000000001,0.0,0.0,0.0,5774.950000000001,0.0,0.0,0.0,0.0,0.0,0.0,0.0,0.0,2017-06-01,0.0,0.0,0.0
2017,6,U.N. SANTIAGO ANTUNEZ DE MAYOLO,215547.96,0.0,0.0,0.0,215547.96,0.0,0.0,0.0,0.0,0.0,0.0,0.0,0.0,2017-06-01,0.0,0.0,0.0
2017,6,U.N. TECNOLOGICA DEL CONO SUR DE LIMA,503.51,0.0,0.0,0.0,503.51,0.0,0.0,0.0,0.0,0.0,0.0,0.0,0.0,2017-06-01,0.0,0.0,0.0
2017,6,U.N. TORIBIO RODRIGUEZ DE MENDOZA DE AMAZONAS,0.04,0.0,0.0,0.0,0.04,0.0,0.0,0.0,0.0,0.0,0.0,0.0,0.0,2017-06-01,0.0,0.0,0.0
2017,7, ,1512320757.59,388184142.5,311232.14,24661435.9,1925477568.13,181533686.56,34915366.09,216449052.65,3125962617.1,292221976.32,0.0934822363906253,0.6159630820909474,0.0934822363906253,2017-07-01,19.192865759701334,0.00873892852059275,0.05758160644792409
2017,7,GOBIERNO REGIONAL DE LA PROVINCIA CONSTITUCIONAL DEL CALLAO,17452.33,0.0,0.0,0.0,17452.33,0.0,0.0,0.0,0.0,0.0,0.0,0.0,0.0,2017-07-01,0.0,0.0,0.0
2017,7,GOBIERNO REGIONAL DEL DEPARTAMENTO DE AMAZONAS,366.9,0.0,0.0,0.0,366.9,0.0,0.0,0.0,0.0,0.0,0.0,0.0,0.0,2017-07-01,0.0,0.0,0.0
2017,7,GOBIERNO REGIONAL DEL DEPARTAMENTO DE ANCASH,100692279.43999998,0.0,0.0,0.0,100692279.43999998,0.0,0.0,0.0,0.0,0.0,0.0,0.0,0.0,2017-07-01,0.0,0.0,0.0
2017,7,GOBIERNO REGIONAL DEL DEPARTAMENTO DE APURIMAC,3293899.74,0.0,270864.76,0.0,3564764.5,0.0,0.0,0.0,0.0,0.0,0.0,0.0,0.0,2017-07-01,0.0,0.0,0.0
2017,7,GOBIERNO REGIONAL DEL DEPARTAMENTO DE AREQUIPA,51897201.57,0.0,0.0,0.0,51897201.57,0.0,0.0,0.0,0.0,0.0,0.0,0.0,0.0,2017-07-01,0.0,0.0,0.0
2017,7,GOBIERNO REGIONAL DEL DEPARTAMENTO DE AYACUCHO,2164315.79,0.0,0.0,0.0,2164315.79,0.0,0.0,0.0,0.0,0.0,0.0,0.0,0.0,2017-07-01,0.0,0.0,0.0
2017,7,GOBIERNO REGIONAL DEL DEPARTAMENTO DE CAJAMARCA,65813471.64,0.0,0.0,0.0,65813471.64,0.0,0.0,0.0,0.0,0.0,0.0,0.0,0.0,2017-07-01,0.0,0.0,0.0
2017,7,GOBIERNO REGIONAL DEL DEPARTAMENTO DE CUSCO,48873547.70999999,0.0,0.0,0.0,48873547.70999999,0.0,0.0,0.0,0.0,0.0,0.0,0.0,0.0,2017-07-01,0.0,0.0,0.0
2017,7,GOBIERNO REGIONAL DEL DEPARTAMENTO DE HUANCAVELICA,2868316.19,0.0,0.0,0.0,2868316.19,0.0,0.0,0.0,0.0,0.0,0.0,0.0,0.0,2017-07-01,0.0,0.0,0.0
2017,7,GOBIERNO REGIONAL DEL DEPARTAMENTO DE HUANUCO,726282.0499999999,0.0,0.0,0.0,726282.0499999999,0.0,0.0,0.0,0.0,0.0,0.0,0.0,0.0,2017-07-01,0.0,0.0,0.0
2017,7,GOBIERNO REGIONAL DEL DEPARTAMENTO DE ICA,18656305.01,0.0,0.0,0.0,18656305.01,0.0,0.0,0.0,0.0,0.0,0.0,0.0,0.0,2017-07-01,0.0,0.0,0.0
2017,7,GOBIERNO REGIONAL DEL DEPARTAMENTO DE JUNIN,13321376.29,0.0,0.0,0.0,13321376.29,0.0,0.0,0.0,0.0,0.0,0.0,0.0,0.0,2017-07-01,0.0,0.0,0.0
2017,7,GOBIERNO REGIONAL DEL DEPARTAMENTO DE LA LIBERTAD,50313621.96999999,0.0,0.0,0.0,50313621.96999999,0.0,0.0,0.0,0.0,0.0,0.0,0.0,0.0,2017-07-01,0.0,0.0,0.0
2017,7,GOBIERNO REGIONAL DEL DEPARTAMENTO DE LAMBAYEQUE,1344.15,0.0,0.0,0.0,1344.15,0.0,0.0,0.0,0.0,0.0,0.0,0.0,0.0,2017-07-01,0.0,0.0,0.0
2017,7,GOBIERNO REGIONAL DEL DEPARTAMENTO DE LIMA,15742642.37,0.0,0.0,0.0,15742642.37,0.0,0.0,0.0,0.0,0.0,0.0,0.0,0.0,2017-07-01,0.0,0.0,0.0
2017,7,GOBIERNO REGIONAL DEL DEPARTAMENTO DE LORETO,1251681.3,0.0,0.0,1966582.06,3218263.36,0.0,0.0,0.0,0.0,0.0,0.0,0.0,0.0,2017-07-01,0.0,0.0,0.0
2017,7,GOBIERNO REGIONAL DEL DEPARTAMENTO DE MADRE DE DIOS,176928.09,0.0,0.0,0.0,176928.09,0.0,0.0,0.0,0.0,0.0,0.0,0.0,0.0,2017-07-01,0.0,0.0,0.0
2017,7,GOBIERNO REGIONAL DEL DEPARTAMENTO DE MOQUEGUA,17495964.560000002,0.0,0.0,0.0,17495964.560000002,0.0,0.0,0.0,0.0,0.0,0.0,0.0,0.0,2017-07-01,0.0,0.0,0.0
2017,7,GOBIERNO REGIONAL DEL DEPARTAMENTO DE PASCO,8933516.63,0.0,0.0,0.0,8933516.63,0.0,0.0,0.0,0.0,0.0,0.0,0.0,0.0,2017-07-01,0.0,0.0,0.0
2017,7,GOBIERNO REGIONAL DEL DEPARTAMENTO DE PIURA,1054728.81,0.0,0.0,6342119.18,7396847.99,0.0,0.0,0.0,0.0,0.0,0.0,0.0,0.0,2017-07-01,0.0,0.0,0.0
2017,7,GOBIERNO REGIONAL DEL DEPARTAMENTO DE PUNO,19530741.12,0.0,0.0,0.0,19530741.12,0.0,0.0,0.0,0.0,0.0,0.0,0.0,0.0,2017-07-01,0.0,0.0,0.0
2017,7,GOBIERNO REGIONAL DEL DEPARTAMENTO DE SAN MARTIN,247481.68,0.0,0.0,0.0,247481.68,0.0,0.0,0.0,0.0,0.0,0.0,0.0,0.0,2017-07-01,0.0,0.0,0.0
2017,7,GOBIERNO REGIONAL DEL DEPARTAMENTO DE TACNA,18978548.64,0.0,0.0,0.0,18978548.64,0.0,0.0,0.0,0.0,0.0,0.0,0.0,0.0,2017-07-01,0.0,0.0,0.0
2017,7,GOBIERNO REGIONAL DEL DEPARTAMENTO DE TUMBES,9389.67,0.0,0.0,2642915.49,2652305.16,0.0,0.0,0.0,0.0,0.0,0.0,0.0,0.0,2017-07-01,0.0,0.0,0.0
2017,7,GOBIERNO REGIONAL DEL DEPARTAMENTO DE UCAYALI,876.59,0.0,0.0,1024662.49,1025539.08,0.0,0.0,0.0,0.0,0.0,0.0,0.0,0.0,2017-07-01,0.0,0.0,0.0
2017,7,INSTITUTO DE INVESTIGACIONES DE LA AMAZONIA PERUANA,0.0,0.0,0.0,126777.49,126777.49,0.0,0.0,0.0,0.0,0.0,0.0,0.0,0.0,2017-07-01,0.0,0.0,0.0
2017,7,MUNICIPALIDAD METROPOLITANA DE LIMA,1129619.63,0.0,0.0,0.0,1129619.63,0.0,0.0,0.0,0.0,0.0,0.0,0.0,0.0,2017-07-01,0.0,0.0,0.0
2017,7,U. N. AUTONOMA DE TAYACAJA DANIEL HERNANDEZ MORILLO,381005.31000000006,0.0,0.0,0.0,381005.31000000006,0.0,0.0,0.0,0.0,0.0,0.0,0.0,0.0,2017-07-01,0.0,0.0,0.0
2017,7,U. N. AUTÓNOMA ALTOANDINA DE TARMA,1122684.87,0.0,0.0,0.0,1122684.87,0.0,0.0,0.0,0.0,0.0,0.0,0.0,0.0,2017-07-01,0.0,0.0,0.0
2017,7,U.N. AGRARIA DE LA SELVA,91020.28,0.0,0.0,0.0,91020.28,0.0,0.0,0.0,0.0,0.0,0.0,0.0,0.0,2017-07-01,0.0,0.0,0.0
2017,7,U.N. AGRARIA LA MOLINA,34731.84,0.0,0.0,0.0,34731.84,0.0,0.0,0.0,0.0,0.0,0.0,0.0,0.0,2017-07-01,0.0,0.0,0.0
2017,7,U.N. AMAZONICA DE MADRE DE DIOS,44737.32,0.0,0.0,0.0,44737.32,0.0,0.0,0.0,0.0,0.0,0.0,0.0,0.0,2017-07-01,0.0,0.0,0.0
2017,7,U.N. AUTONOMA DE ALTO AMAZONAS,24.02,0.0,0.0,247.33,271.35,0.0,0.0,0.0,0.0,0.0,0.0,0.0,0.0,2017-07-01,0.0,0.0,0.0
2017,7,U.N. AUTONOMA DE CHOTA,3118441.68,0.0,0.0,0.0,3118441.68,0.0,0.0,0.0,0.0,0.0,0.0,0.0,0.0,2017-07-01,0.0,0.0,0.0
2017,7,U.N. AUTÓNOMA DE HUANTA,277919.4,0.0,0.0,0.0,277919.4,0.0,0.0,0.0,0.0,0.0,0.0,0.0,0.0,2017-07-01,0.0,0.0,0.0
2017,7,U.N. DANIEL ALCIDES CARRION,2246258.88,0.0,0.0,0.0,2246258.88,0.0,0.0,0.0,0.0,0.0,0.0,0.0,0.0,2017-07-01,0.0,0.0,0.0
2017,7,U.N. DE BARRANCA,1314393.54,0.0,0.0,0.0,1314393.54,0.0,0.0,0.0,0.0,0.0,0.0,0.0,0.0,2017-07-01,0.0,0.0,0.0
2017,7,U.N. DE CAJAMARCA,3152300.5700000003,0.0,0.0,0.0,3152300.5700000003,0.0,0.0,0.0,0.0,0.0,0.0,0.0,0.0,2017-07-01,0.0,0.0,0.0
2017,7,U.N. DE CAÑETE,1306973.73,0.0,0.0,0.0,1306973.73,0.0,0.0,0.0,0.0,0.0,0.0,0.0,0.0,2017-07-01,0.0,0.0,0.0
2017,7,U.N. DE EDUCACION ENRIQUE GUZMAN Y VALLE,35455.98,0.0,0.0,0.0,35455.98,0.0,0.0,0.0,0.0,0.0,0.0,0.0,0.0,2017-07-01,0.0,0.0,0.0
2017,7,U.N. DE FRONTERA,134572.63,0.0,0.0,747998.31,882570.9400000001,0.0,0.0,0.0,0.0,0.0,0.0,0.0,0.0,2017-07-01,0.0,0.0,0.0
2017,7,U.N. DE HUANCAVELICA,360247.34,0.0,0.0,0.0,360247.34,0.0,0.0,0.0,0.0,0.0,0.0,0.0,0.0,2017-07-01,0.0,0.0,0.0
2017,7,U.N. DE INGENIERIA,34661.48,0.0,0.0,0.0,34661.48,0.0,0.0,0.0,0.0,0.0,0.0,0.0,0.0,2017-07-01,0.0,0.0,0.0
2017,7,U.N. DE JAEN,3176868.52,0.0,0.0,0.0,3176868.52,0.0,0.0,0.0,0.0,0.0,0.0,0.0,0.0,2017-07-01,0.0,0.0,0.0
2017,7,U.N. DE JULIACA,2332704.94,0.0,0.0,0.0,2332704.94,0.0,0.0,0.0,0.0,0.0,0.0,0.0,0.0,2017-07-01,0.0,0.0,0.0
2017,7,U.N. DE LA AMAZONIA PERUANA,68.79,0.0,0.0,148459.37,148528.16,0.0,0.0,0.0,0.0,0.0,0.0,0.0,0.0,2017-07-01,0.0,0.0,0.0
2017,7,U.N. DE MOQUEGUA,4428985.18,0.0,0.0,0.0,4428985.18,0.0,0.0,0.0,0.0,0.0,0.0,0.0,0.0,2017-07-01,0.0,0.0,0.0
2017,7,U.N. DE PIURA,134529.05,0.0,0.0,563791.75,698320.8,0.0,0.0,0.0,0.0,0.0,0.0,0.0,0.0,2017-07-01,0.0,0.0,0.0
2017,7,U.N. DE SAN AGUSTIN,13188049.66,0.0,0.0,0.0,13188049.66,0.0,0.0,0.0,0.0,0.0,0.0,0.0,0.0,2017-07-01,0.0,0.0,0.0
2017,7,U.N. DE SAN ANTONIO ABAD DEL CUSCO,5496804.64,0.0,0.0,0.0,5496804.64,0.0,0.0,0.0,0.0,0.0,0.0,0.0,0.0,2017-07-01,0.0,0.0,0.0
2017,7,U.N. DE SAN MARTIN,61849.50000000001,0.0,0.0,0.0,61849.50000000001,0.0,0.0,0.0,0.0,0.0,0.0,0.0,0.0,2017-07-01,0.0,0.0,0.0
2017,7,U.N. DE TRUJILLO,6356978.33,0.0,0.0,0.0,6356978.33,0.0,0.0,0.0,0.0,0.0,0.0,0.0,0.0,2017-07-01,0.0,0.0,0.0
2017,7,U.N. DE TUMBES,2355.8,0.0,0.0,383612.5,385968.3,0.0,0.0,0.0,0.0,0.0,0.0,0.0,0.0,2017-07-01,0.0,0.0,0.0
2017,7,U.N. DE UCAYALI,15.87,0.0,0.0,43006.9,43022.77,0.0,0.0,0.0,0.0,0.0,0.0,0.0,0.0,2017-07-01,0.0,0.0,0.0
2017,7,U.N. DEL ALTIPLANO,2334792.27,0.0,0.0,0.0,2334792.27,0.0,0.0,0.0,0.0,0.0,0.0,0.0,0.0,2017-07-01,0.0,0.0,0.0
2017,7,U.N. DEL CALLAO,4745.4,0.0,0.0,0.0,4745.4,0.0,0.0,0.0,0.0,0.0,0.0,0.0,0.0,2017-07-01,0.0,0.0,0.0
2017,7,U.N. DEL CENTRO DEL PERU,1123194.36,0.0,0.0,0.0,1123194.36,0.0,0.0,0.0,0.0,0.0,0.0,0.0,0.0,2017-07-01,0.0,0.0,0.0
2017,7,U.N. DEL SANTA,12745879.98,0.0,0.0,0.0,12745879.98,0.0,0.0,0.0,0.0,0.0,0.0,0.0,0.0,2017-07-01,0.0,0.0,0.0
2017,7,U.N. FEDERICO VILLARREAL,35193.94,0.0,0.0,0.0,35193.94,0.0,0.0,0.0,0.0,0.0,0.0,0.0,0.0,2017-07-01,0.0,0.0,0.0
2017,7,U.N. HERMILIO VALDIZAN,90787.18,0.0,0.0,0.0,90787.18,0.0,0.0,0.0,0.0,0.0,0.0,0.0,0.0,2017-07-01,0.0,0.0,0.0
2017,7,U.N. INTERCULTURAL DE LA AMAZONIA,49.4,0.0,0.0,42419.8,42469.2,0.0,0.0,0.0,0.0,0.0,0.0,0.0,0.0,2017-07-01,0.0,0.0,0.0
2017,7,U.N. INTERCULTURAL DE LA SELVA CENTRAL JUAN SANTOS ATAHUALPA,1118292.89,0.0,0.0,0.0,1118292.89,0.0,0.0,0.0,0.0,0.0,0.0,0.0,0.0,2017-07-01,0.0,0.0,0.0
2017,7,U.N. INTERCULTURAL DE QUILLABAMBA,5679063.899999999,0.0,0.0,0.0,5679063.899999999,0.0,0.0,0.0,0.0,0.0,0.0,0.0,0.0,2017-07-01,0.0,0.0,0.0
2017,7,U.N. INTERCULTURAL FABIOLA SALAZAR LEGUIA DE BAGUA,2.47,0.0,0.0,0.0,2.47,0.0,0.0,0.0,0.0,0.0,0.0,0.0,0.0,2017-07-01,0.0,0.0,0.0
2017,7,U.N. JORGE BASADRE GROHMANN,4898676.180000001,0.0,0.0,0.0,4898676.180000001,0.0,0.0,0.0,0.0,0.0,0.0,0.0,0.0,2017-07-01,0.0,0.0,0.0
2017,7,U.N. JOSE FAUSTINO SANCHEZ CARRION,1319363.45,0.0,0.0,0.0,1319363.45,0.0,0.0,0.0,0.0,0.0,0.0,0.0,0.0,2017-07-01,0.0,0.0,0.0
2017,7,U.N. JOSE MARIA ARGUEDAS,411806.83,0.0,13576.49,0.0,425383.32,0.0,0.0,0.0,0.0,0.0,0.0,0.0,0.0,2017-07-01,0.0,0.0,0.0
2017,7,U.N. MAYOR DE SAN MARCOS,34547.19,0.0,0.0,0.0,34547.19,0.0,0.0,0.0,0.0,0.0,0.0,0.0,0.0,2017-07-01,0.0,0.0,0.0
2017,7,U.N. MICAELA BASTIDAS DE APURIMAC,412678.09,0.0,13576.49,0.0,426254.58,0.0,0.0,0.0,0.0,0.0,0.0,0.0,0.0,2017-07-01,0.0,0.0,0.0
2017,7,U.N. PEDRO RUIZ GALLO,414.46,0.0,0.0,0.0,414.46,0.0,0.0,0.0,0.0,0.0,0.0,0.0,0.0,2017-07-01,0.0,0.0,0.0
2017,7,U.N. SAN CRISTOBAL DE HUAMANGA,278369.03,0.0,0.0,0.0,278369.03,0.0,0.0,0.0,0.0,0.0,0.0,0.0,0.0,2017-07-01,0.0,0.0,0.0
2017,7,U.N. SAN LUIS GONZAGA DE ICA,4666652.65,0.0,0.0,0.0,4666652.65,0.0,0.0,0.0,0.0,0.0,0.0,0.0,0.0,2017-07-01,0.0,0.0,0.0
2017,7,U.N. SANTIAGO ANTUNEZ DE MAYOLO,12715408.589999998,0.0,0.0,0.0,12715408.589999998,0.0,0.0,0.0,0.0,0.0,0.0,0.0,0.0,2017-07-01,0.0,0.0,0.0
2017,7,U.N. TECNOLOGICA DEL CONO SUR DE LIMA,34906.58,0.0,0.0,0.0,34906.58,0.0,0.0,0.0,0.0,0.0,0.0,0.0,0.0,2017-07-01,0.0,0.0,0.0
2017,7,U.N. TORIBIO RODRIGUEZ DE MENDOZA DE AMAZONAS,0.03,0.0,0.0,0.0,0.03,0.0,0.0,0.0,0.0,0.0,0.0,0.0,0.0,2017-07-01,0.0,0.0,0.0
2017,8, ,89506430.35,388175905.48,303164.61,26617289.68,504602790.12000006,139281556.58,28746512.26,168028068.84,1981903113.83,365151470.33,0.1842428460714963,0.2546051754996551,0.1842428460714963,2017-08-01,18.939641605791778,0.033945426328525076,0.04690918215858926
2017,8,GOBIERNO REGIONAL DE LA PROVINCIA CONSTITUCIONAL DEL CALLAO,15553.72,0.0,0.0,0.0,15553.72,0.0,0.0,0.0,0.0,0.0,0.0,0.0,0.0,2017-08-01,0.0,0.0,0.0
2017,8,GOBIERNO REGIONAL DEL DEPARTAMENTO DE AMAZONAS,361.12,0.0,0.0,0.0,361.12,0.0,0.0,0.0,0.0,0.0,0.0,0.0,0.0,2017-08-01,0.0,0.0,0.0
2017,8,GOBIERNO REGIONAL DEL DEPARTAMENTO DE ANCASH,22164575.61,0.0,0.0,0.0,22164575.61,0.0,0.0,0.0,0.0,0.0,0.0,0.0,0.0,2017-08-01,0.0,0.0,0.0
2017,8,GOBIERNO REGIONAL DEL DEPARTAMENTO DE APURIMAC,5111.68,0.0,5384456.04,0.0,5389567.72,0.0,0.0,0.0,0.0,0.0,0.0,0.0,0.0,2017-08-01,0.0,0.0,0.0
2017,8,GOBIERNO REGIONAL DEL DEPARTAMENTO DE AREQUIPA,139397.74,0.0,0.0,0.0,139397.74,0.0,0.0,0.0,0.0,0.0,0.0,0.0,0.0,2017-08-01,0.0,0.0,0.0
2017,8,GOBIERNO REGIONAL DEL DEPARTAMENTO DE AYACUCHO,3233.27,0.0,0.0,0.0,3233.27,0.0,0.0,0.0,0.0,0.0,0.0,0.0,0.0,2017-08-01,0.0,0.0,0.0
2017,8,GOBIERNO REGIONAL DEL DEPARTAMENTO DE CAJAMARCA,19508525.33,0.0,0.0,0.0,19508525.33,0.0,0.0,0.0,0.0,0.0,0.0,0.0,0.0,2017-08-01,0.0,0.0,0.0
2017,8,GOBIERNO REGIONAL DEL DEPARTAMENTO DE CUSCO,28236561.16,0.0,0.0,0.0,28236561.16,0.0,0.0,0.0,0.0,0.0,0.0,0.0,0.0,2017-08-01,0.0,0.0,0.0
2017,8,GOBIERNO REGIONAL DEL DEPARTAMENTO DE HUANCAVELICA,2392391.43,0.0,0.0,0.0,2392391.43,0.0,0.0,0.0,0.0,0.0,0.0,0.0,0.0,2017-08-01,0.0,0.0,0.0
2017,8,GOBIERNO REGIONAL DEL DEPARTAMENTO DE HUANUCO,1180.92,0.0,0.0,0.0,1180.92,0.0,0.0,0.0,0.0,0.0,0.0,0.0,0.0,2017-08-01,0.0,0.0,0.0
2017,8,GOBIERNO REGIONAL DEL DEPARTAMENTO DE ICA,3572421.65,0.0,0.0,0.0,3572421.65,0.0,0.0,0.0,0.0,0.0,0.0,0.0,0.0,2017-08-01,0.0,0.0,0.0
2017,8,GOBIERNO REGIONAL DEL DEPARTAMENTO DE JUNIN,421593.15,0.0,0.0,0.0,421593.15,0.0,0.0,0.0,0.0,0.0,0.0,0.0,0.0,2017-08-01,0.0,0.0,0.0
2017,8,GOBIERNO REGIONAL DEL DEPARTAMENTO DE LA LIBERTAD,93643.06,0.0,0.0,0.0,93643.06,0.0,0.0,0.0,0.0,0.0,0.0,0.0,0.0,2017-08-01,0.0,0.0,0.0
2017,8,GOBIERNO REGIONAL DEL DEPARTAMENTO DE LAMBAYEQUE,2.13,0.0,0.0,0.0,2.13,0.0,0.0,0.0,0.0,0.0,0.0,0.0,0.0,2017-08-01,0.0,0.0,0.0
2017,8,GOBIERNO REGIONAL DEL DEPARTAMENTO DE LIMA,738251.33,0.0,0.0,0.0,738251.33,0.0,0.0,0.0,0.0,0.0,0.0,0.0,0.0,2017-08-01,0.0,0.0,0.0
2017,8,GOBIERNO REGIONAL DEL DEPARTAMENTO DE LORETO,1501654.78,0.0,0.0,1953059.96,3454714.74,0.0,0.0,0.0,0.0,0.0,0.0,0.0,0.0,2017-08-01,0.0,0.0,0.0
2017,8,GOBIERNO REGIONAL DEL DEPARTAMENTO DE MADRE DE DIOS,288.2,0.0,0.0,0.0,288.2,0.0,0.0,0.0,0.0,0.0,0.0,0.0,0.0,2017-08-01,0.0,0.0,0.0
2017,8,GOBIERNO REGIONAL DEL DEPARTAMENTO DE MOQUEGUA,4013080.77,0.0,0.0,0.0,4013080.77,0.0,0.0,0.0,0.0,0.0,0.0,0.0,0.0,2017-08-01,0.0,0.0,0.0
2017,8,GOBIERNO REGIONAL DEL DEPARTAMENTO DE PASCO,46346.93,0.0,0.0,0.0,46346.93,0.0,0.0,0.0,0.0,0.0,0.0,0.0,0.0,2017-08-01,0.0,0.0,0.0
2017,8,GOBIERNO REGIONAL DEL DEPARTAMENTO DE PIURA,13355.51,0.0,0.0,7807303.380000001,7820658.890000001,0.0,0.0,0.0,0.0,0.0,0.0,0.0,0.0,2017-08-01,0.0,0.0,0.0
2017,8,GOBIERNO REGIONAL DEL DEPARTAMENTO DE PUNO,154788.72,0.0,0.0,0.0,154788.72,0.0,0.0,0.0,0.0,0.0,0.0,0.0,0.0,2017-08-01,0.0,0.0,0.0
2017,8,GOBIERNO REGIONAL DEL DEPARTAMENTO DE SAN MARTIN,19679.41,0.0,0.0,0.0,19679.41,0.0,0.0,0.0,0.0,0.0,0.0,0.0,0.0,2017-08-01,0.0,0.0,0.0
2017,8,GOBIERNO REGIONAL DEL DEPARTAMENTO DE TACNA,50733.94,0.0,0.0,0.0,50733.94,0.0,0.0,0.0,0.0,0.0,0.0,0.0,0.0,2017-08-01,0.0,0.0,0.0
2017,8,GOBIERNO REGIONAL DEL DEPARTAMENTO DE TUMBES,110.29,0.0,0.0,2404008.7,2404118.99,0.0,0.0,0.0,0.0,0.0,0.0,0.0,0.0,2017-08-01,0.0,0.0,0.0
2017,8,GOBIERNO REGIONAL DEL DEPARTAMENTO DE UCAYALI,862.76,0.0,0.0,702947.99,703810.75,0.0,0.0,0.0,0.0,0.0,0.0,0.0,0.0,2017-08-01,0.0,0.0,0.0
2017,8,INSTITUTO DE INVESTIGACIONES DE LA AMAZONIA PERUANA,0.0,0.0,0.0,155950.19,155950.19,0.0,0.0,0.0,0.0,0.0,0.0,0.0,0.0,2017-08-01,0.0,0.0,0.0
2017,8,MUNICIPALIDAD METROPOLITANA DE LIMA,142084.1,0.0,0.0,0.0,142084.1,0.0,0.0,0.0,0.0,0.0,0.0,0.0,0.0,2017-08-01,0.0,0.0,0.0
2017,8,U. N. AUTONOMA DE TAYACAJA DANIEL HERNANDEZ MORILLO,190382.03,0.0,0.0,0.0,190382.03,0.0,0.0,0.0,0.0,0.0,0.0,0.0,0.0,2017-08-01,0.0,0.0,0.0
2017,8,U. N. AUTÓNOMA ALTOANDINA DE TARMA,49203.36,0.0,0.0,0.0,49203.36,0.0,0.0,0.0,0.0,0.0,0.0,0.0,0.0,2017-08-01,0.0,0.0,0.0
2017,8,U.N. AGRARIA DE LA SELVA,378.94,0.0,0.0,0.0,378.94,0.0,0.0,0.0,0.0,0.0,0.0,0.0,0.0,2017-08-01,0.0,0.0,0.0
2017,8,U.N. AGRARIA LA MOLINA,3875.02,0.0,0.0,0.0,3875.02,0.0,0.0,0.0,0.0,0.0,0.0,0.0,0.0,2017-08-01,0.0,0.0,0.0
2017,8,U.N. AMAZONICA DE MADRE DE DIOS,569.38,0.0,0.0,0.0,569.38,0.0,0.0,0.0,0.0,0.0,0.0,0.0,0.0,2017-08-01,0.0,0.0,0.0
2017,8,U.N. AUTONOMA DE ALTO AMAZONAS,14.77,0.0,0.0,234.88,249.65,0.0,0.0,0.0,0.0,0.0,0.0,0.0,0.0,2017-08-01,0.0,0.0,0.0
2017,8,U.N. AUTONOMA DE CHOTA,25920.84,0.0,0.0,0.0,25920.84,0.0,0.0,0.0,0.0,0.0,0.0,0.0,0.0,2017-08-01,0.0,0.0,0.0
2017,8,U.N. AUTÓNOMA DE HUANTA,7879.84,0.0,0.0,0.0,7879.84,0.0,0.0,0.0,0.0,0.0,0.0,0.0,0.0,2017-08-01,0.0,0.0,0.0
2017,8,U.N. DANIEL ALCIDES CARRION,25569.99,0.0,0.0,0.0,25569.99,0.0,0.0,0.0,0.0,0.0,0.0,0.0,0.0,2017-08-01,0.0,0.0,0.0
2017,8,U.N. DE BARRANCA,72874.71,0.0,0.0,0.0,72874.71,0.0,0.0,0.0,0.0,0.0,0.0,0.0,0.0,2017-08-01,0.0,0.0,0.0
2017,8,U.N. DE CAJAMARCA,60453.68,0.0,0.0,0.0,60453.68,0.0,0.0,0.0,0.0,0.0,0.0,0.0,0.0,2017-08-01,0.0,0.0,0.0
2017,8,U.N. DE CAÑETE,65733.64,0.0,0.0,0.0,65733.64,0.0,0.0,0.0,0.0,0.0,0.0,0.0,0.0,2017-08-01,0.0,0.0,0.0
2017,8,U.N. DE EDUCACION ENRIQUE GUZMAN Y VALLE,4593.29,0.0,0.0,0.0,4593.29,0.0,0.0,0.0,0.0,0.0,0.0,0.0,0.0,2017-08-01,0.0,0.0,0.0
2017,8,U.N. DE FRONTERA,4457.400000000001,0.0,0.0,783874.8,788332.2000000001,0.0,0.0,0.0,0.0,0.0,0.0,0.0,0.0,2017-08-01,0.0,0.0,0.0
2017,8,U.N. DE HUANCAVELICA,169862.1,0.0,0.0,0.0,169862.1,0.0,0.0,0.0,0.0,0.0,0.0,0.0,0.0,2017-08-01,0.0,0.0,0.0
2017,8,U.N. DE INGENIERIA,3811.31,0.0,0.0,0.0,3811.31,0.0,0.0,0.0,0.0,0.0,0.0,0.0,0.0,2017-08-01,0.0,0.0,0.0
2017,8,U.N. DE JAEN,84728.61,0.0,0.0,0.0,84728.61,0.0,0.0,0.0,0.0,0.0,0.0,0.0,0.0,2017-08-01,0.0,0.0,0.0
2017,8,U.N. DE JULIACA,35076.49,0.0,0.0,0.0,35076.49,0.0,0.0,0.0,0.0,0.0,0.0,0.0,0.0,2017-08-01,0.0,0.0,0.0
2017,8,U.N. DE LA AMAZONIA PERUANA,67.7,0.0,0.0,181414.46,181482.16000000003,0.0,0.0,0.0,0.0,0.0,0.0,0.0,0.0,2017-08-01,0.0,0.0,0.0
2017,8,U.N. DE MOQUEGUA,64768.88,0.0,0.0,0.0,64768.88,0.0,0.0,0.0,0.0,0.0,0.0,0.0,0.0,2017-08-01,0.0,0.0,0.0
2017,8,U.N. DE PIURA,4337.36,0.0,0.0,601266.16,605603.52,0.0,0.0,0.0,0.0,0.0,0.0,0.0,0.0,2017-08-01,0.0,0.0,0.0
2017,8,U.N. DE SAN AGUSTIN,250416.97,0.0,0.0,0.0,250416.97,0.0,0.0,0.0,0.0,0.0,0.0,0.0,0.0,2017-08-01,0.0,0.0,0.0
2017,8,U.N. DE SAN ANTONIO ABAD DEL CUSCO,2940998.26,0.0,0.0,0.0,2940998.26,0.0,0.0,0.0,0.0,0.0,0.0,0.0,0.0,2017-08-01,0.0,0.0,0.0
2017,8,U.N. DE SAN MARTIN,4899.260000000001,0.0,0.0,0.0,4899.260000000001,0.0,0.0,0.0,0.0,0.0,0.0,0.0,0.0,2017-08-01,0.0,0.0,0.0
2017,8,U.N. DE TRUJILLO,90423.85,0.0,0.0,0.0,90423.85,0.0,0.0,0.0,0.0,0.0,0.0,0.0,0.0,2017-08-01,0.0,0.0,0.0
2017,8,U.N. DE TUMBES,35.82,0.0,0.0,410533.82,410569.64,0.0,0.0,0.0,0.0,0.0,0.0,0.0,0.0,2017-08-01,0.0,0.0,0.0
2017,8,U.N. DE UCAYALI,15.62,0.0,0.0,54688.84,54704.46,0.0,0.0,0.0,0.0,0.0,0.0,0.0,0.0,2017-08-01,0.0,0.0,0.0
2017,8,U.N. DEL ALTIPLANO,37618.02,0.0,0.0,0.0,37618.02,0.0,0.0,0.0,0.0,0.0,0.0,0.0,0.0,2017-08-01,0.0,0.0,0.0
2017,8,U.N. DEL CALLAO,4264.73,0.0,0.0,0.0,4264.73,0.0,0.0,0.0,0.0,0.0,0.0,0.0,0.0,2017-08-01,0.0,0.0,0.0
2017,8,U.N. DEL CENTRO DEL PERU,49766.44,0.0,0.0,0.0,49766.44,0.0,0.0,0.0,0.0,0.0,0.0,0.0,0.0,2017-08-01,0.0,0.0,0.0
2017,8,U.N. DEL SANTA,260380.64,0.0,0.0,0.0,260380.64,0.0,0.0,0.0,0.0,0.0,0.0,0.0,0.0,2017-08-01,0.0,0.0,0.0
2017,8,U.N. FEDERICO VILLARREAL,4296.469999999999,0.0,0.0,0.0,4296.469999999999,0.0,0.0,0.0,0.0,0.0,0.0,0.0,0.0,2017-08-01,0.0,0.0,0.0
2017,8,U.N. HERMILIO VALDIZAN,149.51,0.0,0.0,0.0,149.51,0.0,0.0,0.0,0.0,0.0,0.0,0.0,0.0,2017-08-01,0.0,0.0,0.0
2017,8,U.N. INTERCULTURAL DE LA AMAZONIA,48.62,0.0,0.0,54071.65,54120.27,0.0,0.0,0.0,0.0,0.0,0.0,0.0,0.0,2017-08-01,0.0,0.0,0.0
2017,8,U.N. INTERCULTURAL DE LA SELVA CENTRAL JUAN SANTOS ATAHUALPA,44935.52,0.0,0.0,0.0,44935.52,0.0,0.0,0.0,0.0,0.0,0.0,0.0,0.0,2017-08-01,0.0,0.0,0.0
2017,8,U.N. INTERCULTURAL DE QUILLABAMBA,3124659.7100000004,0.0,0.0,0.0,3124659.7100000004,0.0,0.0,0.0,0.0,0.0,0.0,0.0,0.0,2017-08-01,0.0,0.0,0.0
2017,8,U.N. INTERCULTURAL FABIOLA SALAZAR LEGUIA DE BAGUA,2.43,0.0,0.0,0.0,2.43,0.0,0.0,0.0,0.0,0.0,0.0,0.0,0.0,2017-08-01,0.0,0.0,0.0
2017,8,U.N. JORGE BASADRE GROHMANN,164210.41,0.0,0.0,0.0,164210.41,0.0,0.0,0.0,0.0,0.0,0.0,0.0,0.0,2017-08-01,0.0,0.0,0.0
2017,8,U.N. JOSE FAUSTINO SANCHEZ CARRION,78292.72,0.0,0.0,0.0,78292.72,0.0,0.0,0.0,0.0,0.0,0.0,0.0,0.0,2017-08-01,0.0,0.0,0.0
2017,8,U.N. JOSE MARIA ARGUEDAS,657.59,0.0,13970.39,0.0,14627.98,0.0,0.0,0.0,0.0,0.0,0.0,0.0,0.0,2017-08-01,0.0,0.0,0.0
2017,8,U.N. MAYOR DE SAN MARCOS,3698.83,0.0,0.0,0.0,3698.83,0.0,0.0,0.0,0.0,0.0,0.0,0.0,0.0,2017-08-01,0.0,0.0,0.0
2017,8,U.N. MICAELA BASTIDAS DE APURIMAC,1564.75,0.0,13970.39,0.0,15535.14,0.0,0.0,0.0,0.0,0.0,0.0,0.0,0.0,2017-08-01,0.0,0.0,0.0
2017,8,U.N. PEDRO RUIZ GALLO,77.72,0.0,0.0,0.0,77.72,0.0,0.0,0.0,0.0,0.0,0.0,0.0,0.0,2017-08-01,0.0,0.0,0.0
2017,8,U.N. SAN CRISTOBAL DE HUAMANGA,8303.47,0.0,0.0,0.0,8303.47,0.0,0.0,0.0,0.0,0.0,0.0,0.0,0.0,2017-08-01,0.0,0.0,0.0
2017,8,U.N. SAN LUIS GONZAGA DE ICA,10550.16,0.0,0.0,0.0,10550.16,0.0,0.0,0.0,0.0,0.0,0.0,0.0,0.0,2017-08-01,0.0,0.0,0.0
2017,8,U.N. SANTIAGO ANTUNEZ DE MAYOLO,223524.32,0.0,0.0,0.0,223524.32,0.0,0.0,0.0,0.0,0.0,0.0,0.0,0.0,2017-08-01,0.0,0.0,0.0
2017,8,U.N. TECNOLOGICA DEL CONO SUR DE LIMA,4052.56,0.0,0.0,0.0,4052.56,0.0,0.0,0.0,0.0,0.0,0.0,0.0,0.0,2017-08-01,0.0,0.0,0.0
2017,8,U.N. TORIBIO RODRIGUEZ DE MENDOZA DE AMAZONAS,0.03,0.0,0.0,0.0,0.03,0.0,0.0,0.0,0.0,0.0,0.0,0.0,0.0,2017-08-01,0.0,0.0,0.0
2017,9, ,111987523.35,446057755.0,46873744.26,30594802.93,635513825.54,210097814.53,40663630.4,250761444.93,1753294115.34,243759517.96,0.1390294508076473,0.362468464349326,0.1390294508076473,2017-09-01,19.340012630544198,0.019329188191876023,0.050393791533578085
2017,9,GOBIERNO REGIONAL DE LA PROVINCIA CONSTITUCIONAL DEL CALLAO,406851.58,0.0,0.0,0.0,406851.58,0.0,0.0,0.0,0.0,0.0,0.0,0.0,0.0,2017-09-01,0.0,0.0,0.0
2017,9,GOBIERNO REGIONAL DEL DEPARTAMENTO DE ANCASH,1344266.49,0.0,0.0,0.0,1344266.49,0.0,0.0,0.0,0.0,0.0,0.0,0.0,0.0,2017-09-01,0.0,0.0,0.0
2017,9,GOBIERNO REGIONAL DEL DEPARTAMENTO DE APURIMAC,0.0,0.0,8976125.05,0.0,8976125.05,0.0,0.0,0.0,0.0,0.0,0.0,0.0,0.0,2017-09-01,0.0,0.0,0.0
2017,9,GOBIERNO REGIONAL DEL DEPARTAMENTO DE AREQUIPA,257999.58,0.0,0.0,0.0,257999.58,0.0,0.0,0.0,0.0,0.0,0.0,0.0,0.0,2017-09-01,0.0,0.0,0.0
2017,9,GOBIERNO REGIONAL DEL DEPARTAMENTO DE CAJAMARCA,110607.77,0.0,0.0,0.0,110607.77,0.0,0.0,0.0,0.0,0.0,0.0,0.0,0.0,2017-09-01,0.0,0.0,0.0
2017,9,GOBIERNO REGIONAL DEL DEPARTAMENTO DE CUSCO,36322724.04,0.0,0.0,0.0,36322724.04,0.0,0.0,0.0,0.0,0.0,0.0,0.0,0.0,2017-09-01,0.0,0.0,0.0
2017,9,GOBIERNO REGIONAL DEL DEPARTAMENTO DE HUANCAVELICA,1728570.54,0.0,0.0,0.0,1728570.54,0.0,0.0,0.0,0.0,0.0,0.0,0.0,0.0,2017-09-01,0.0,0.0,0.0
2017,9,GOBIERNO REGIONAL DEL DEPARTAMENTO DE ICA,2708401.3,0.0,0.0,0.0,2708401.3,0.0,0.0,0.0,0.0,0.0,0.0,0.0,0.0,2017-09-01,0.0,0.0,0.0
2017,9,GOBIERNO REGIONAL DEL DEPARTAMENTO DE JUNIN,420094.46,0.0,0.0,0.0,420094.46,0.0,0.0,0.0,0.0,0.0,0.0,0.0,0.0,2017-09-01,0.0,0.0,0.0
2017,9,GOBIERNO REGIONAL DEL DEPARTAMENTO DE LA LIBERTAD,19408773.48,0.0,0.0,0.0,19408773.48,0.0,0.0,0.0,0.0,0.0,0.0,0.0,0.0,2017-09-01,0.0,0.0,0.0
2017,9,GOBIERNO REGIONAL DEL DEPARTAMENTO DE LIMA,1312482.85,0.0,0.0,0.0,1312482.85,0.0,0.0,0.0,0.0,0.0,0.0,0.0,0.0,2017-09-01,0.0,0.0,0.0
2017,9,GOBIERNO REGIONAL DEL DEPARTAMENTO DE LORETO,2900000.0,0.0,0.0,5231720.359999999,8131720.359999999,0.0,0.0,0.0,0.0,0.0,0.0,0.0,0.0,2017-09-01,0.0,0.0,0.0
2017,9,GOBIERNO REGIONAL DEL DEPARTAMENTO DE MOQUEGUA,2258435.09,0.0,0.0,0.0,2258435.09,0.0,0.0,0.0,0.0,0.0,0.0,0.0,0.0,2017-09-01,0.0,0.0,0.0
2017,9,GOBIERNO REGIONAL DEL DEPARTAMENTO DE PASCO,34189.630000000005,0.0,0.0,0.0,34189.630000000005,0.0,0.0,0.0,0.0,0.0,0.0,0.0,0.0,2017-09-01,0.0,0.0,0.0
2017,9,GOBIERNO REGIONAL DEL DEPARTAMENTO DE PIURA,299862.47,0.0,0.0,8545166.780000001,8845029.250000002,0.0,0.0,0.0,0.0,0.0,0.0,0.0,0.0,2017-09-01,0.0,0.0,0.0
2017,9,GOBIERNO REGIONAL DEL DEPARTAMENTO DE PUNO,118792.72,0.0,0.0,0.0,118792.72,0.0,0.0,0.0,0.0,0.0,0.0,0.0,0.0,2017-09-01,0.0,0.0,0.0
2017,9,GOBIERNO REGIONAL DEL DEPARTAMENTO DE SAN MARTIN,16922.219999999998,0.0,0.0,0.0,16922.219999999998,0.0,0.0,0.0,0.0,0.0,0.0,0.0,0.0,2017-09-01,0.0,0.0,0.0
2017,9,GOBIERNO REGIONAL DEL DEPARTAMENTO DE TACNA,9181.49,0.0,0.0,0.0,9181.49,0.0,0.0,0.0,0.0,0.0,0.0,0.0,0.0,2017-09-01,0.0,0.0,0.0
2017,9,GOBIERNO REGIONAL DEL DEPARTAMENTO DE TUMBES,59.38,0.0,0.0,3222814.9999999995,3222874.3799999994,0.0,0.0,0.0,0.0,0.0,0.0,0.0,0.0,2017-09-01,0.0,0.0,0.0
2017,9,GOBIERNO REGIONAL DEL DEPARTAMENTO DE UCAYALI,0.0,0.0,0.0,1582161.95,1582161.95,0.0,0.0,0.0,0.0,0.0,0.0,0.0,0.0,2017-09-01,0.0,0.0,0.0
2017,9,INSTITUTO DE INVESTIGACIONES DE LA AMAZONIA PERUANA,0.0,0.0,0.0,293188.78,293188.78,0.0,0.0,0.0,0.0,0.0,0.0,0.0,0.0,2017-09-01,0.0,0.0,0.0
2017,9,MUNICIPALIDAD METROPOLITANA DE LIMA,115387.55000000002,0.0,0.0,0.0,115387.55000000002,0.0,0.0,0.0,0.0,0.0,0.0,0.0,0.0,2017-09-01,0.0,0.0,0.0
2017,9,U. N. AUTONOMA DE TAYACAJA DANIEL HERNANDEZ MORILLO,166071.32,0.0,0.0,0.0,166071.32,0.0,0.0,0.0,0.0,0.0,0.0,0.0,0.0,2017-09-01,0.0,0.0,0.0
2017,9,U. N. AUTÓNOMA ALTOANDINA DE TARMA,35007.87,0.0,0.0,0.0,35007.87,0.0,0.0,0.0,0.0,0.0,0.0,0.0,0.0,2017-09-01,0.0,0.0,0.0
2017,9,U.N. AGRARIA LA MOLINA,3605.86,0.0,0.0,0.0,3605.86,0.0,0.0,0.0,0.0,0.0,0.0,0.0,0.0,2017-09-01,0.0,0.0,0.0
2017,9,U.N. AUTONOMA DE CHOTA,9217.31,0.0,0.0,0.0,9217.31,0.0,0.0,0.0,0.0,0.0,0.0,0.0,0.0,2017-09-01,0.0,0.0,0.0
2017,9,U.N. DANIEL ALCIDES CARRION,8547.41,0.0,0.0,0.0,8547.41,0.0,0.0,0.0,0.0,0.0,0.0,0.0,0.0,2017-09-01,0.0,0.0,0.0
2017,9,U.N. DE BARRANCA,109373.58,0.0,0.0,0.0,109373.58,0.0,0.0,0.0,0.0,0.0,0.0,0.0,0.0,2017-09-01,0.0,0.0,0.0
2017,9,U.N. DE CAJAMARCA,9217.32,0.0,0.0,0.0,9217.32,0.0,0.0,0.0,0.0,0.0,0.0,0.0,0.0,2017-09-01,0.0,0.0,0.0
2017,9,U.N. DE CAÑETE,109373.57,0.0,0.0,0.0,109373.57,0.0,0.0,0.0,0.0,0.0,0.0,0.0,0.0,2017-09-01,0.0,0.0,0.0
2017,9,U.N. DE EDUCACION ENRIQUE GUZMAN Y VALLE,3605.86,0.0,0.0,0.0,3605.86,0.0,0.0,0.0,0.0,0.0,0.0,0.0,0.0,2017-09-01,0.0,0.0,0.0
2017,9,U.N. DE FRONTERA,37482.810000000005,0.0,0.0,638210.57,675693.38,0.0,0.0,0.0,0.0,0.0,0.0,0.0,0.0,2017-09-01,0.0,0.0,0.0
2017,9,U.N. DE HUANCAVELICA,166071.32,0.0,0.0,0.0,166071.32,0.0,0.0,0.0,0.0,0.0,0.0,0.0,0.0,2017-09-01,0.0,0.0,0.0
2017,9,U.N. DE INGENIERIA,3605.86,0.0,0.0,0.0,3605.86,0.0,0.0,0.0,0.0,0.0,0.0,0.0,0.0,2017-09-01,0.0,0.0,0.0
2017,9,U.N. DE JAEN,9217.31,0.0,0.0,0.0,9217.31,0.0,0.0,0.0,0.0,0.0,0.0,0.0,0.0,2017-09-01,0.0,0.0,0.0
2017,9,U.N. DE JULIACA,14849.09,0.0,0.0,0.0,14849.09,0.0,0.0,0.0,0.0,0.0,0.0,0.0,0.0,2017-09-01,0.0,0.0,0.0
2017,9,U.N. DE LA AMAZONIA PERUANA,0.0,0.0,0.0,359843.31,359843.31,0.0,0.0,0.0,0.0,0.0,0.0,0.0,0.0,2017-09-01,0.0,0.0,0.0
2017,9,U.N. DE MOQUEGUA,18413.32,0.0,0.0,0.0,18413.32,0.0,0.0,0.0,0.0,0.0,0.0,0.0,0.0,2017-09-01,0.0,0.0,0.0
2017,9,U.N. DE PIURA,37482.810000000005,0.0,0.0,638210.57,675693.38,0.0,0.0,0.0,0.0,0.0,0.0,0.0,0.0,2017-09-01,0.0,0.0,0.0
2017,9,U.N. DE SAN AGUSTIN,64499.89,0.0,0.0,0.0,64499.89,0.0,0.0,0.0,0.0,0.0,0.0,0.0,0.0,2017-09-01,0.0,0.0,0.0
2017,9,U.N. DE SAN ANTONIO ABAD DEL CUSCO,2796553.75,0.0,0.0,0.0,2796553.75,0.0,0.0,0.0,0.0,0.0,0.0,0.0,0.0,2017-09-01,0.0,0.0,0.0
2017,9,U.N. DE SAN MARTIN,4230.56,0.0,0.0,0.0,4230.56,0.0,0.0,0.0,0.0,0.0,0.0,0.0,0.0,2017-09-01,0.0,0.0,0.0
2017,9,U.N. DE TRUJILLO,108253.01,0.0,0.0,0.0,108253.01,0.0,0.0,0.0,0.0,0.0,0.0,0.0,0.0,2017-09-01,0.0,0.0,0.0
2017,9,U.N. DE TUMBES,14.84,0.0,0.0,414139.46,414154.3000000001,0.0,0.0,0.0,0.0,0.0,0.0,0.0,0.0,2017-09-01,0.0,0.0,0.0
2017,9,U.N. DE UCAYALI,0.0,0.0,0.0,87295.23,87295.23,0.0,0.0,0.0,0.0,0.0,0.0,0.0,0.0,2017-09-01,0.0,0.0,0.0
2017,9,U.N. DEL ALTIPLANO,14849.09,0.0,0.0,0.0,14849.09,0.0,0.0,0.0,0.0,0.0,0.0,0.0,0.0,2017-09-01,0.0,0.0,0.0
2017,9,U.N. DEL CALLAO,101712.9,0.0,0.0,0.0,101712.9,0.0,0.0,0.0,0.0,0.0,0.0,0.0,0.0,2017-09-01,0.0,0.0,0.0
2017,9,U.N. DEL CENTRO DEL PERU,35007.87,0.0,0.0,0.0,35007.87,0.0,0.0,0.0,0.0,0.0,0.0,0.0,0.0,2017-09-01,0.0,0.0,0.0
2017,9,U.N. DEL SANTA,168033.32,0.0,0.0,0.0,168033.32,0.0,0.0,0.0,0.0,0.0,0.0,0.0,0.0,2017-09-01,0.0,0.0,0.0
2017,9,U.N. FEDERICO VILLARREAL,3605.86,0.0,0.0,0.0,3605.86,0.0,0.0,0.0,0.0,0.0,0.0,0.0,0.0,2017-09-01,0.0,0.0,0.0
2017,9,U.N. INTERCULTURAL DE LA AMAZONIA,0.0,0.0,0.0,87295.23,87295.23,0.0,0.0,0.0,0.0,0.0,0.0,0.0,0.0,2017-09-01,0.0,0.0,0.0
2017,9,U.N. INTERCULTURAL DE LA SELVA CENTRAL JUAN SANTOS ATAHUALPA,35007.87,0.0,0.0,0.0,35007.87,0.0,0.0,0.0,0.0,0.0,0.0,0.0,0.0,2017-09-01,0.0,0.0,0.0
2017,9,U.N. INTERCULTURAL DE QUILLABAMBA,2796553.76,0.0,0.0,0.0,2796553.76,0.0,0.0,0.0,0.0,0.0,0.0,0.0,0.0,2017-09-01,0.0,0.0,0.0
2017,9,U.N. JORGE BASADRE GROHMANN,2295.38,0.0,0.0,0.0,2295.38,0.0,0.0,0.0,0.0,0.0,0.0,0.0,0.0,2017-09-01,0.0,0.0,0.0
2017,9,U.N. JOSE FAUSTINO SANCHEZ CARRION,109373.57,0.0,0.0,0.0,109373.57,0.0,0.0,0.0,0.0,0.0,0.0,0.0,0.0,2017-09-01,0.0,0.0,0.0
2017,9,U.N. JOSE MARIA ARGUEDAS,0.0,0.0,1464804.51,0.0,1464804.51,0.0,0.0,0.0,0.0,0.0,0.0,0.0,0.0,2017-09-01,0.0,0.0,0.0
2017,9,U.N. MAYOR DE SAN MARCOS,3605.86,0.0,0.0,0.0,3605.86,0.0,0.0,0.0,0.0,0.0,0.0,0.0,0.0,2017-09-01,0.0,0.0,0.0
2017,9,U.N. MICAELA BASTIDAS DE APURIMAC,0.0,0.0,1464804.51,0.0,1464804.51,0.0,0.0,0.0,0.0,0.0,0.0,0.0,0.0,2017-09-01,0.0,0.0,0.0
2017,9,U.N. SAN LUIS GONZAGA DE ICA,193990.82,0.0,0.0,0.0,193990.82,0.0,0.0,0.0,0.0,0.0,0.0,0.0,0.0,2017-09-01,0.0,0.0,0.0
2017,9,U.N. SANTIAGO ANTUNEZ DE MAYOLO,168033.31,0.0,0.0,0.0,168033.31,0.0,0.0,0.0,0.0,0.0,0.0,0.0,0.0,2017-09-01,0.0,0.0,0.0
2017,9,U.N. TECNOLOGICA DEL CONO SUR DE LIMA,3605.86,0.0,0.0,0.0,3605.86,0.0,0.0,0.0,0.0,0.0,0.0,0.0,0.0,2017-09-01,0.0,0.0,0.0
2017,10, ,98500081.45,411769173.51,20455035.01,30504760.59,561229050.56,151924711.47,29488305.68,181413017.15,2537918153.04,248596285.88,0.0979528380701416,0.2211375689510482,0.0979528380701416,2017-10-01,19.01628685795457,0.009594758485995381,0.021661052482686797
2017,10,GOBIERNO REGIONAL DE LA PROVINCIA CONSTITUCIONAL DEL CALLAO,27181.63,0.0,0.0,0.0,27181.63,0.0,0.0,0.0,0.0,0.0,0.0,0.0,0.0,2017-10-01,0.0,0.0,0.0
2017,10,GOBIERNO REGIONAL DEL DEPARTAMENTO DE AMAZONAS,668.01,0.0,0.0,0.0,668.01,0.0,0.0,0.0,0.0,0.0,0.0,0.0,0.0,2017-10-01,0.0,0.0,0.0
2017,10,GOBIERNO REGIONAL DEL DEPARTAMENTO DE ANCASH,5825899.0600000005,0.0,0.0,0.0,5825899.0600000005,0.0,0.0,0.0,0.0,0.0,0.0,0.0,0.0,2017-10-01,0.0,0.0,0.0
2017,10,GOBIERNO REGIONAL DEL DEPARTAMENTO DE APURIMAC,13591.05,0.0,8876406.65,0.0,8889997.700000001,0.0,0.0,0.0,0.0,0.0,0.0,0.0,0.0,2017-10-01,0.0,0.0,0.0
2017,10,GOBIERNO REGIONAL DEL DEPARTAMENTO DE AREQUIPA,225290.3,0.0,0.0,0.0,225290.3,0.0,0.0,0.0,0.0,0.0,0.0,0.0,0.0,2017-10-01,0.0,0.0,0.0
2017,10,GOBIERNO REGIONAL DEL DEPARTAMENTO DE AYACUCHO,4096.51,0.0,0.0,0.0,4096.51,0.0,0.0,0.0,0.0,0.0,0.0,0.0,0.0,2017-10-01,0.0,0.0,0.0
2017,10,GOBIERNO REGIONAL DEL DEPARTAMENTO DE CAJAMARCA,6491431.38,0.0,0.0,0.0,6491431.38,0.0,0.0,0.0,0.0,0.0,0.0,0.0,0.0,2017-10-01,0.0,0.0,0.0
2017,10,GOBIERNO REGIONAL DEL DEPARTAMENTO DE CUSCO,29851317.83,0.0,0.0,0.0,29851317.83,0.0,0.0,0.0,0.0,0.0,0.0,0.0,0.0,2017-10-01,0.0,0.0,0.0
2017,10,GOBIERNO REGIONAL DEL DEPARTAMENTO DE HUANCAVELICA,1365420.7,0.0,0.0,0.0,1365420.7,0.0,0.0,0.0,0.0,0.0,0.0,0.0,0.0,2017-10-01,0.0,0.0,0.0
2017,10,GOBIERNO REGIONAL DEL DEPARTAMENTO DE HUANUCO,3096.23,0.0,0.0,0.0,3096.23,0.0,0.0,0.0,0.0,0.0,0.0,0.0,0.0,2017-10-01,0.0,0.0,0.0
2017,10,GOBIERNO REGIONAL DEL DEPARTAMENTO DE ICA,3987398.8,0.0,0.0,0.0,3987398.8,0.0,0.0,0.0,0.0,0.0,0.0,0.0,0.0,2017-10-01,0.0,0.0,0.0
2017,10,GOBIERNO REGIONAL DEL DEPARTAMENTO DE JUNIN,422422.9699999999,0.0,0.0,0.0,422422.9699999999,0.0,0.0,0.0,0.0,0.0,0.0,0.0,0.0,2017-10-01,0.0,0.0,0.0
2017,10,GOBIERNO REGIONAL DEL DEPARTAMENTO DE LA LIBERTAD,187735.02,0.0,0.0,0.0,187735.02,0.0,0.0,0.0,0.0,0.0,0.0,0.0,0.0,2017-10-01,0.0,0.0,0.0
2017,10,GOBIERNO REGIONAL DEL DEPARTAMENTO DE LAMBAYEQUE,5.619999999999999,0.0,0.0,0.0,5.619999999999999,0.0,0.0,0.0,0.0,0.0,0.0,0.0,0.0,2017-10-01,0.0,0.0,0.0
2017,10,GOBIERNO REGIONAL DEL DEPARTAMENTO DE LIMA,1039034.8,0.0,0.0,0.0,1039034.8,0.0,0.0,0.0,0.0,0.0,0.0,0.0,0.0,2017-10-01,0.0,0.0,0.0
2017,10,GOBIERNO REGIONAL DEL DEPARTAMENTO DE LORETO,1503061.15,0.0,0.0,2690280.14,4193341.29,0.0,0.0,0.0,0.0,0.0,0.0,0.0,0.0,2017-10-01,0.0,0.0,0.0
2017,10,GOBIERNO REGIONAL DEL DEPARTAMENTO DE MADRE DE DIOS,755.22,0.0,0.0,0.0,755.22,0.0,0.0,0.0,0.0,0.0,0.0,0.0,0.0,2017-10-01,0.0,0.0,0.0
2017,10,GOBIERNO REGIONAL DEL DEPARTAMENTO DE MOQUEGUA,80010.3,0.0,0.0,0.0,80010.3,0.0,0.0,0.0,0.0,0.0,0.0,0.0,0.0,2017-10-01,0.0,0.0,0.0
2017,10,GOBIERNO REGIONAL DEL DEPARTAMENTO DE PASCO,62509.84,0.0,0.0,0.0,62509.84,0.0,0.0,0.0,0.0,0.0,0.0,0.0,0.0,2017-10-01,0.0,0.0,0.0
2017,10,GOBIERNO REGIONAL DEL DEPARTAMENTO DE PIURA,23566.7,0.0,0.0,7831600.56,7855167.260000001,0.0,0.0,0.0,0.0,0.0,0.0,0.0,0.0,2017-10-01,0.0,0.0,0.0
2017,10,GOBIERNO REGIONAL DEL DEPARTAMENTO DE PUNO,201749.13,0.0,0.0,0.0,201749.13,0.0,0.0,0.0,0.0,0.0,0.0,0.0,0.0,2017-10-01,0.0,0.0,0.0
2017,10,GOBIERNO REGIONAL DEL DEPARTAMENTO DE SAN MARTIN,22427.91,0.0,0.0,0.0,22427.91,0.0,0.0,0.0,0.0,0.0,0.0,0.0,0.0,2017-10-01,0.0,0.0,0.0
2017,10,GOBIERNO REGIONAL DEL DEPARTAMENTO DE TACNA,99521.53,0.0,0.0,0.0,99521.53,0.0,0.0,0.0,0.0,0.0,0.0,0.0,0.0,2017-10-01,0.0,0.0,0.0
2017,10,GOBIERNO REGIONAL DEL DEPARTAMENTO DE TUMBES,215.73,0.0,0.0,2704534.79,2704750.52,0.0,0.0,0.0,0.0,0.0,0.0,0.0,0.0,2017-10-01,0.0,0.0,0.0
2017,10,GOBIERNO REGIONAL DEL DEPARTAMENTO DE UCAYALI,1596.01,0.0,0.0,1076026.82,1077622.83,0.0,0.0,0.0,0.0,0.0,0.0,0.0,0.0,2017-10-01,0.0,0.0,0.0
2017,10,INSTITUTO DE INVESTIGACIONES DE LA AMAZONIA PERUANA,0.0,0.0,0.0,171811.97999999998,171811.97999999998,0.0,0.0,0.0,0.0,0.0,0.0,0.0,0.0,2017-10-01,0.0,0.0,0.0
2017,10,MUNICIPALIDAD METROPOLITANA DE LIMA,166774.71,0.0,0.0,0.0,166774.71,0.0,0.0,0.0,0.0,0.0,0.0,0.0,0.0,2017-10-01,0.0,0.0,0.0
2017,10,U. N. AUTONOMA DE TAYACAJA DANIEL HERNANDEZ MORILLO,212434.24,0.0,0.0,0.0,212434.24,0.0,0.0,0.0,0.0,0.0,0.0,0.0,0.0,2017-10-01,0.0,0.0,0.0
2017,10,U. N. AUTÓNOMA ALTOANDINA DE TARMA,60808.97,0.0,0.0,0.0,60808.97,0.0,0.0,0.0,0.0,0.0,0.0,0.0,0.0,2017-10-01,0.0,0.0,0.0
2017,10,U.N. AGRARIA DE LA SELVA,814.9499999999999,0.0,0.0,0.0,814.9499999999999,0.0,0.0,0.0,0.0,0.0,0.0,0.0,0.0,2017-10-01,0.0,0.0,0.0
2017,10,U.N. AGRARIA LA MOLINA,4170.5,0.0,0.0,0.0,4170.5,0.0,0.0,0.0,0.0,0.0,0.0,0.0,0.0,2017-10-01,0.0,0.0,0.0
2017,10,U.N. AMAZONICA DE MADRE DE DIOS,1108.8,0.0,0.0,0.0,1108.8,0.0,0.0,0.0,0.0,0.0,0.0,0.0,0.0,2017-10-01,0.0,0.0,0.0
2017,10,U.N. AUTONOMA DE ALTO AMAZONAS,27.34,0.0,0.0,399.55,426.89,0.0,0.0,0.0,0.0,0.0,0.0,0.0,0.0,2017-10-01,0.0,0.0,0.0
2017,10,U.N. AUTONOMA DE CHOTA,39916.05,0.0,0.0,0.0,39916.05,0.0,0.0,0.0,0.0,0.0,0.0,0.0,0.0,2017-10-01,0.0,0.0,0.0
2017,10,U.N. AUTÓNOMA DE HUANTA,14916.1,0.0,0.0,0.0,14916.1,0.0,0.0,0.0,0.0,0.0,0.0,0.0,0.0,2017-10-01,0.0,0.0,0.0
2017,10,U.N. DANIEL ALCIDES CARRION,42888.24,0.0,0.0,0.0,42888.24,0.0,0.0,0.0,0.0,0.0,0.0,0.0,0.0,2017-10-01,0.0,0.0,0.0
2017,10,U.N. DE BARRANCA,87206.78,0.0,0.0,0.0,87206.78,0.0,0.0,0.0,0.0,0.0,0.0,0.0,0.0,2017-10-01,0.0,0.0,0.0
2017,10,U.N. DE CAJAMARCA,107639.5,0.0,0.0,0.0,107639.5,0.0,0.0,0.0,0.0,0.0,0.0,0.0,0.0,2017-10-01,0.0,0.0,0.0
2017,10,U.N. DE CAÑETE,76069.56,0.0,0.0,0.0,76069.56,0.0,0.0,0.0,0.0,0.0,0.0,0.0,0.0,2017-10-01,0.0,0.0,0.0
2017,10,U.N. DE EDUCACION ENRIQUE GUZMAN Y VALLE,5506.73,0.0,0.0,0.0,5506.73,0.0,0.0,0.0,0.0,0.0,0.0,0.0,0.0,2017-10-01,0.0,0.0,0.0
2017,10,U.N. DE FRONTERA,8322.44,0.0,0.0,1020502.7,1028825.14,0.0,0.0,0.0,0.0,0.0,0.0,0.0,0.0,2017-10-01,0.0,0.0,0.0
2017,10,U.N. DE HUANCAVELICA,174296.77000000002,0.0,0.0,0.0,174296.77000000002,0.0,0.0,0.0,0.0,0.0,0.0,0.0,0.0,2017-10-01,0.0,0.0,0.0
2017,10,U.N. DE INGENIERIA,4053.1,0.0,0.0,0.0,4053.1,0.0,0.0,0.0,0.0,0.0,0.0,0.0,0.0,2017-10-01,0.0,0.0,0.0
2017,10,U.N. DE JAEN,152815.71000000002,0.0,0.0,0.0,152815.71000000002,0.0,0.0,0.0,0.0,0.0,0.0,0.0,0.0,2017-10-01,0.0,0.0,0.0
2017,10,U.N. DE JULIACA,53304.420000000006,0.0,0.0,0.0,53304.420000000006,0.0,0.0,0.0,0.0,0.0,0.0,0.0,0.0,2017-10-01,0.0,0.0,0.0
2017,10,U.N. DE LA AMAZONIA PERUANA,125.24,0.0,0.0,179873.63999999998,179998.87999999998,0.0,0.0,0.0,0.0,0.0,0.0,0.0,0.0,2017-10-01,0.0,0.0,0.0
2017,10,U.N. DE MOQUEGUA,124477.22,0.0,0.0,0.0,124477.22,0.0,0.0,0.0,0.0,0.0,0.0,0.0,0.0,2017-10-01,0.0,0.0,0.0
2017,10,U.N. DE PIURA,8100.549999999999,0.0,0.0,683000.69,691101.24,0.0,0.0,0.0,0.0,0.0,0.0,0.0,0.0,2017-10-01,0.0,0.0,0.0
2017,10,U.N. DE SAN AGUSTIN,448543.45,0.0,0.0,0.0,448543.45,0.0,0.0,0.0,0.0,0.0,0.0,0.0,0.0,2017-10-01,0.0,0.0,0.0
2017,10,U.N. DE SAN ANTONIO ABAD DEL CUSCO,3525538.37,0.0,0.0,0.0,3525538.37,0.0,0.0,0.0,0.0,0.0,0.0,0.0,0.0,2017-10-01,0.0,0.0,0.0
2017,10,U.N. DE SAN MARTIN,5568.5,0.0,0.0,0.0,5568.5,0.0,0.0,0.0,0.0,0.0,0.0,0.0,0.0,2017-10-01,0.0,0.0,0.0
2017,10,U.N. DE TRUJILLO,173832.0,0.0,0.0,0.0,173832.0,0.0,0.0,0.0,0.0,0.0,0.0,0.0,0.0,2017-10-01,0.0,0.0,0.0
2017,10,U.N. DE TUMBES,69.19,0.0,0.0,472489.45,472558.64,0.0,0.0,0.0,0.0,0.0,0.0,0.0,0.0,2017-10-01,0.0,0.0,0.0
2017,10,U.N. DE UCAYALI,28.61,0.0,0.0,75358.73,75387.34,0.0,0.0,0.0,0.0,0.0,0.0,0.0,0.0,2017-10-01,0.0,0.0,0.0
2017,10,U.N. DEL ALTIPLANO,59036.95,0.0,0.0,0.0,59036.95,0.0,0.0,0.0,0.0,0.0,0.0,0.0,0.0,2017-10-01,0.0,0.0,0.0
2017,10,U.N. DEL CALLAO,7947.719999999999,0.0,0.0,0.0,7947.719999999999,0.0,0.0,0.0,0.0,0.0,0.0,0.0,0.0,2017-10-01,0.0,0.0,0.0
2017,10,U.N. DEL CENTRO DEL PERU,63901.59,0.0,0.0,0.0,63901.59,0.0,0.0,0.0,0.0,0.0,0.0,0.0,0.0,2017-10-01,0.0,0.0,0.0
2017,10,U.N. DEL SANTA,463155.54,0.0,0.0,0.0,463155.54,0.0,0.0,0.0,0.0,0.0,0.0,0.0,0.0,2017-10-01,0.0,0.0,0.0
2017,10,U.N. FEDERICO VILLARREAL,4851.82,0.0,0.0,0.0,4851.82,0.0,0.0,0.0,0.0,0.0,0.0,0.0,0.0,2017-10-01,0.0,0.0,0.0
2017,10,U.N. HERMILIO VALDIZAN,390.53,0.0,0.0,0.0,390.53,0.0,0.0,0.0,0.0,0.0,0.0,0.0,0.0,2017-10-01,0.0,0.0,0.0
2017,10,U.N. INTERCULTURAL DE LA AMAZONIA,89.93,0.0,0.0,74016.23,74106.15999999999,0.0,0.0,0.0,0.0,0.0,0.0,0.0,0.0,2017-10-01,0.0,0.0,0.0
2017,10,U.N. INTERCULTURAL DE LA SELVA CENTRAL JUAN SANTOS ATAHUALPA,54927.68,0.0,0.0,0.0,54927.68,0.0,0.0,0.0,0.0,0.0,0.0,0.0,0.0,2017-10-01,0.0,0.0,0.0
2017,10,U.N. INTERCULTURAL DE QUILLABAMBA,3868631.69,0.0,0.0,0.0,3868631.69,0.0,0.0,0.0,0.0,0.0,0.0,0.0,0.0,2017-10-01,0.0,0.0,0.0
2017,10,U.N. INTERCULTURAL FABIOLA SALAZAR LEGUIA DE BAGUA,4.5,0.0,0.0,0.0,4.5,0.0,0.0,0.0,0.0,0.0,0.0,0.0,0.0,2017-10-01,0.0,0.0,0.0
2017,10,U.N. JORGE BASADRE GROHMANN,303952.12,0.0,0.0,0.0,303952.12,0.0,0.0,0.0,0.0,0.0,0.0,0.0,0.0,2017-10-01,0.0,0.0,0.0
2017,10,U.N. JOSE FAUSTINO SANCHEZ CARRION,98941.74,0.0,0.0,0.0,98941.74,0.0,0.0,0.0,0.0,0.0,0.0,0.0,0.0,2017-10-01,0.0,0.0,0.0
2017,10,U.N. JOSE MARIA ARGUEDAS,1527.4,0.0,649423.5,0.0,650950.9,0.0,0.0,0.0,0.0,0.0,0.0,0.0,0.0,2017-10-01,0.0,0.0,0.0
2017,10,U.N. MAYOR DE SAN MARCOS,3852.07,0.0,0.0,0.0,3852.07,0.0,0.0,0.0,0.0,0.0,0.0,0.0,0.0,2017-10-01,0.0,0.0,0.0
2017,10,U.N. MICAELA BASTIDAS DE APURIMAC,3354.65,0.0,649636.1900000001,0.0,652990.8400000001,0.0,0.0,0.0,0.0,0.0,0.0,0.0,0.0,2017-10-01,0.0,0.0,0.0
2017,10,U.N. PEDRO RUIZ GALLO,144.2,0.0,0.0,0.0,144.2,0.0,0.0,0.0,0.0,0.0,0.0,0.0,0.0,2017-10-01,0.0,0.0,0.0
2017,10,U.N. SAN CRISTOBAL DE HUAMANGA,15684.48,0.0,0.0,0.0,15684.48,0.0,0.0,0.0,0.0,0.0,0.0,0.0,0.0,2017-10-01,0.0,0.0,0.0
2017,10,U.N. SAN LUIS GONZAGA DE ICA,23247.24,0.0,0.0,0.0,23247.24,0.0,0.0,0.0,0.0,0.0,0.0,0.0,0.0,2017-10-01,0.0,0.0,0.0
2017,10,U.N. SANTIAGO ANTUNEZ DE MAYOLO,385153.64,0.0,0.0,0.0,385153.64,0.0,0.0,0.0,0.0,0.0,0.0,0.0,0.0,2017-10-01,0.0,0.0,0.0
2017,10,U.N. TECNOLOGICA DEL CONO SUR DE LIMA,4457.38,0.0,0.0,0.0,4457.38,0.0,0.0,0.0,0.0,0.0,0.0,0.0,0.0,2017-10-01,0.0,0.0,0.0
2017,10,U.N. TORIBIO RODRIGUEZ DE MENDOZA DE AMAZONAS,0.06,0.0,0.0,0.0,0.06,0.0,0.0,0.0,0.0,0.0,0.0,0.0,0.0,2017-10-01,0.0,0.0,0.0
2017,11, ,106795285.65,454652223.94,24007221.25,30469760.65,615924491.49,172522770.53,38404472.85,210927243.38,1517176499.83,227617675.98,0.1500271563694168,0.4059675928008472,0.1500271563694168,2017-11-01,19.167023818613615,0.02250814764829344,0.060906163526048426
2017,11,GOBIERNO REGIONAL DE LA PROVINCIA CONSTITUCIONAL DEL CALLAO,10047.54,0.0,0.0,0.0,10047.54,0.0,0.0,0.0,0.0,0.0,0.0,0.0,0.0,2017-11-01,0.0,0.0,0.0
2017,11,GOBIERNO REGIONAL DEL DEPARTAMENTO DE AMAZONAS,318.76,0.0,0.0,0.0,318.76,0.0,0.0,0.0,0.0,0.0,0.0,0.0,0.0,2017-11-01,0.0,0.0,0.0
2017,11,GOBIERNO REGIONAL DEL DEPARTAMENTO DE ANCASH,3248330.6,0.0,0.0,0.0,3248330.6,0.0,0.0,0.0,0.0,0.0,0.0,0.0,0.0,2017-11-01,0.0,0.0,0.0
2017,11,GOBIERNO REGIONAL DEL DEPARTAMENTO DE APURIMAC,1091758.27,0.0,8218147.119999999,0.0,9309905.39,0.0,0.0,0.0,0.0,0.0,0.0,0.0,0.0,2017-11-01,0.0,0.0,0.0
2017,11,GOBIERNO REGIONAL DEL DEPARTAMENTO DE AREQUIPA,150630.52,0.0,0.0,0.0,150630.52,0.0,0.0,0.0,0.0,0.0,0.0,0.0,0.0,2017-11-01,0.0,0.0,0.0
2017,11,GOBIERNO REGIONAL DEL DEPARTAMENTO DE AYACUCHO,130.0,0.0,0.0,0.0,130.0,0.0,0.0,0.0,0.0,0.0,0.0,0.0,0.0,2017-11-01,0.0,0.0,0.0
2017,11,GOBIERNO REGIONAL DEL DEPARTAMENTO DE CAJAMARCA,4227983.19,0.0,0.0,0.0,4227983.19,0.0,0.0,0.0,0.0,0.0,0.0,0.0,0.0,2017-11-01,0.0,0.0,0.0
2017,11,GOBIERNO REGIONAL DEL DEPARTAMENTO DE CUSCO,37929409.35,0.0,0.0,0.0,37929409.35,0.0,0.0,0.0,0.0,0.0,0.0,0.0,0.0,2017-11-01,0.0,0.0,0.0
2017,11,GOBIERNO REGIONAL DEL DEPARTAMENTO DE HUANCAVELICA,1958316.14,0.0,0.0,0.0,1958316.14,0.0,0.0,0.0,0.0,0.0,0.0,0.0,0.0,2017-11-01,0.0,0.0,0.0
2017,11,GOBIERNO REGIONAL DEL DEPARTAMENTO DE HUANUCO,1477.21,0.0,0.0,0.0,1477.21,0.0,0.0,0.0,0.0,0.0,0.0,0.0,0.0,2017-11-01,0.0,0.0,0.0
2017,11,GOBIERNO REGIONAL DEL DEPARTAMENTO DE ICA,42589.64,0.0,0.0,0.0,42589.64,0.0,0.0,0.0,0.0,0.0,0.0,0.0,0.0,2017-11-01,0.0,0.0,0.0
2017,11,GOBIERNO REGIONAL DEL DEPARTAMENTO DE JUNIN,421003.64,0.0,0.0,0.0,421003.64,0.0,0.0,0.0,0.0,0.0,0.0,0.0,0.0,2017-11-01,0.0,0.0,0.0
2017,11,GOBIERNO REGIONAL DEL DEPARTAMENTO DE LA LIBERTAD,38825.22,0.0,0.0,0.0,38825.22,0.0,0.0,0.0,0.0,0.0,0.0,0.0,0.0,2017-11-01,0.0,0.0,0.0
2017,11,GOBIERNO REGIONAL DEL DEPARTAMENTO DE LAMBAYEQUE,2.68,0.0,0.0,0.0,2.68,0.0,0.0,0.0,0.0,0.0,0.0,0.0,0.0,2017-11-01,0.0,0.0,0.0
2017,11,GOBIERNO REGIONAL DEL DEPARTAMENTO DE LIMA,734158.26,0.0,0.0,0.0,734158.26,0.0,0.0,0.0,0.0,0.0,0.0,0.0,0.0,2017-11-01,0.0,0.0,0.0
2017,11,GOBIERNO REGIONAL DEL DEPARTAMENTO DE LORETO,1301450.49,0.0,0.0,2363192.08,3664642.57,0.0,0.0,0.0,0.0,0.0,0.0,0.0,0.0,2017-11-01,0.0,0.0,0.0
2017,11,GOBIERNO REGIONAL DEL DEPARTAMENTO DE MADRE DE DIOS,291.97,0.0,0.0,0.0,291.97,0.0,0.0,0.0,0.0,0.0,0.0,0.0,0.0,2017-11-01,0.0,0.0,0.0
2017,11,GOBIERNO REGIONAL DEL DEPARTAMENTO DE MOQUEGUA,764882.54,0.0,0.0,0.0,764882.54,0.0,0.0,0.0,0.0,0.0,0.0,0.0,0.0,2017-11-01,0.0,0.0,0.0
2017,11,GOBIERNO REGIONAL DEL DEPARTAMENTO DE PASCO,45908.14000000001,0.0,0.0,0.0,45908.14000000001,0.0,0.0,0.0,0.0,0.0,0.0,0.0,0.0,2017-11-01,0.0,0.0,0.0
2017,11,GOBIERNO REGIONAL DEL DEPARTAMENTO DE PIURA,12290.47,0.0,0.0,8192303.24,8204593.71,0.0,0.0,0.0,0.0,0.0,0.0,0.0,0.0,2017-11-01,0.0,0.0,0.0
2017,11,GOBIERNO REGIONAL DEL DEPARTAMENTO DE PUNO,152520.18,0.0,0.0,0.0,152520.18,0.0,0.0,0.0,0.0,0.0,0.0,0.0,0.0,2017-11-01,0.0,0.0,0.0
2017,11,GOBIERNO REGIONAL DEL DEPARTAMENTO DE SAN MARTIN,19586.52,0.0,0.0,0.0,19586.52,0.0,0.0,0.0,0.0,0.0,0.0,0.0,0.0,2017-11-01,0.0,0.0,0.0
2017,11,GOBIERNO REGIONAL DEL DEPARTAMENTO DE TACNA,46031.12,0.0,0.0,0.0,46031.12,0.0,0.0,0.0,0.0,0.0,0.0,0.0,0.0,2017-11-01,0.0,0.0,0.0
2017,11,GOBIERNO REGIONAL DEL DEPARTAMENTO DE TUMBES,103.03,0.0,0.0,3360535.2,3360638.2299999995,0.0,0.0,0.0,0.0,0.0,0.0,0.0,0.0,2017-11-01,0.0,0.0,0.0
2017,11,GOBIERNO REGIONAL DEL DEPARTAMENTO DE UCAYALI,761.57,0.0,0.0,1442189.82,1442951.39,0.0,0.0,0.0,0.0,0.0,0.0,0.0,0.0,2017-11-01,0.0,0.0,0.0
2017,11,INSTITUTO DE INVESTIGACIONES DE LA AMAZONIA PERUANA,0.0,0.0,0.0,140347.28,140347.28,0.0,0.0,0.0,0.0,0.0,0.0,0.0,0.0,2017-11-01,0.0,0.0,0.0
2017,11,MUNICIPALIDAD METROPOLITANA DE LIMA,138889.4,0.0,0.0,0.0,138889.4,0.0,0.0,0.0,0.0,0.0,0.0,0.0,0.0,2017-11-01,0.0,0.0,0.0
2017,11,U. N. AUTONOMA DE TAYACAJA DANIEL HERNANDEZ MORILLO,188712.04,0.0,0.0,0.0,188712.04,0.0,0.0,0.0,0.0,0.0,0.0,0.0,0.0,2017-11-01,0.0,0.0,0.0
2017,11,U. N. AUTÓNOMA ALTOANDINA DE TARMA,47073.79,0.0,0.0,0.0,47073.79,0.0,0.0,0.0,0.0,0.0,0.0,0.0,0.0,2017-11-01,0.0,0.0,0.0
2017,11,U.N. AGRARIA DE LA SELVA,388.84,0.0,0.0,0.0,388.84,0.0,0.0,0.0,0.0,0.0,0.0,0.0,0.0,2017-11-01,0.0,0.0,0.0
2017,11,U.N. AGRARIA LA MOLINA,3879.96,0.0,0.0,0.0,3879.96,0.0,0.0,0.0,0.0,0.0,0.0,0.0,0.0,2017-11-01,0.0,0.0,0.0
2017,11,U.N. AMAZONICA DE MADRE DE DIOS,529.08,0.0,0.0,0.0,529.08,0.0,0.0,0.0,0.0,0.0,0.0,0.0,0.0,2017-11-01,0.0,0.0,0.0
2017,11,U.N. AUTONOMA DE ALTO AMAZONAS,13.05,0.0,0.0,156.35,169.4,0.0,0.0,0.0,0.0,0.0,0.0,0.0,0.0,2017-11-01,0.0,0.0,0.0
2017,11,U.N. AUTONOMA DE CHOTA,23060.26,0.0,0.0,0.0,23060.26,0.0,0.0,0.0,0.0,0.0,0.0,0.0,0.0,2017-11-01,0.0,0.0,0.0
2017,11,U.N. AUTÓNOMA DE HUANTA,7117.490000000001,0.0,0.0,0.0,7117.490000000001,0.0,0.0,0.0,0.0,0.0,0.0,0.0,0.0,2017-11-01,0.0,0.0,0.0
2017,11,U.N. DANIEL ALCIDES CARRION,24959.9,0.0,0.0,0.0,24959.9,0.0,0.0,0.0,0.0,0.0,0.0,0.0,0.0,2017-11-01,0.0,0.0,0.0
2017,11,U.N. DE BARRANCA,70532.07,0.0,0.0,0.0,70532.07,0.0,0.0,0.0,0.0,0.0,0.0,0.0,0.0,2017-11-01,0.0,0.0,0.0
2017,11,U.N. DE CAJAMARCA,56092.71000000001,0.0,0.0,0.0,56092.71000000001,0.0,0.0,0.0,0.0,0.0,0.0,0.0,0.0,2017-11-01,0.0,0.0,0.0
2017,11,U.N. DE CAÑETE,65793.27,0.0,0.0,0.0,65793.27,0.0,0.0,0.0,0.0,0.0,0.0,0.0,0.0,2017-11-01,0.0,0.0,0.0
2017,11,U.N. DE EDUCACION ENRIQUE GUZMAN Y VALLE,4517.64,0.0,0.0,0.0,4517.64,0.0,0.0,0.0,0.0,0.0,0.0,0.0,0.0,2017-11-01,0.0,0.0,0.0
2017,11,U.N. DE FRONTERA,4101.96,0.0,0.0,872041.3799999999,876143.3399999999,0.0,0.0,0.0,0.0,0.0,0.0,0.0,0.0,2017-11-01,0.0,0.0,0.0
2017,11,U.N. DE HUANCAVELICA,170454.52000000002,0.0,0.0,0.0,170454.52000000002,0.0,0.0,0.0,0.0,0.0,0.0,0.0,0.0,2017-11-01,0.0,0.0,0.0
2017,11,U.N. DE INGENIERIA,3773.8,0.0,0.0,0.0,3773.8,0.0,0.0,0.0,0.0,0.0,0.0,0.0,0.0,2017-11-01,0.0,0.0,0.0
2017,11,U.N. DE JAEN,77691.41,0.0,0.0,0.0,77691.41,0.0,0.0,0.0,0.0,0.0,0.0,0.0,0.0,2017-11-01,0.0,0.0,0.0
2017,11,U.N. DE JULIACA,32775.75,0.0,0.0,0.0,32775.75,0.0,0.0,0.0,0.0,0.0,0.0,0.0,0.0,2017-11-01,0.0,0.0,0.0
2017,11,U.N. DE LA AMAZONIA PERUANA,59.76,0.0,0.0,157641.05000000002,157700.81000000003,0.0,0.0,0.0,0.0,0.0,0.0,0.0,0.0,2017-11-01,0.0,0.0,0.0
2017,11,U.N. DE MOQUEGUA,59059.11000000001,0.0,0.0,0.0,59059.11000000001,0.0,0.0,0.0,0.0,0.0,0.0,0.0,0.0,2017-11-01,0.0,0.0,0.0
2017,11,U.N. DE PIURA,3576.55,0.0,0.0,714000.51,717577.06,0.0,0.0,0.0,0.0,0.0,0.0,0.0,0.0,2017-11-01,0.0,0.0,0.0
2017,11,U.N. DE SAN AGUSTIN,218122.41,0.0,0.0,0.0,218122.41,0.0,0.0,0.0,0.0,0.0,0.0,0.0,0.0,2017-11-01,0.0,0.0,0.0
2017,11,U.N. DE SAN ANTONIO ABAD DEL CUSCO,3479745.5500000003,0.0,0.0,0.0,3479745.5500000003,0.0,0.0,0.0,0.0,0.0,0.0,0.0,0.0,2017-11-01,0.0,0.0,0.0
2017,11,U.N. DE SAN MARTIN,4882.17,0.0,0.0,0.0,4882.17,0.0,0.0,0.0,0.0,0.0,0.0,0.0,0.0,2017-11-01,0.0,0.0,0.0
2017,11,U.N. DE TRUJILLO,82823.69,0.0,0.0,0.0,82823.69,0.0,0.0,0.0,0.0,0.0,0.0,0.0,0.0,2017-11-01,0.0,0.0,0.0
2017,11,U.N. DE TUMBES,33.04,0.0,0.0,446845.48,446878.52,0.0,0.0,0.0,0.0,0.0,0.0,0.0,0.0,2017-11-01,0.0,0.0,0.0
2017,11,U.N. DE UCAYALI,12.93,0.0,0.0,45642.16,45655.09,0.0,0.0,0.0,0.0,0.0,0.0,0.0,0.0,2017-11-01,0.0,0.0,0.0
2017,11,U.N. DEL ALTIPLANO,35506.66,0.0,0.0,0.0,35506.66,0.0,0.0,0.0,0.0,0.0,0.0,0.0,0.0,2017-11-01,0.0,0.0,0.0
2017,11,U.N. DEL CALLAO,3928.85,0.0,0.0,0.0,3928.85,0.0,0.0,0.0,0.0,0.0,0.0,0.0,0.0,2017-11-01,0.0,0.0,0.0
2017,11,U.N. DEL CENTRO DEL PERU,48903.98,0.0,0.0,0.0,48903.98,0.0,0.0,0.0,0.0,0.0,0.0,0.0,0.0,2017-11-01,0.0,0.0,0.0
2017,11,U.N. DEL SANTA,241273.63,0.0,0.0,0.0,241273.63,0.0,0.0,0.0,0.0,0.0,0.0,0.0,0.0,2017-11-01,0.0,0.0,0.0
2017,11,U.N. FEDERICO VILLARREAL,4182.42,0.0,0.0,0.0,4182.42,0.0,0.0,0.0,0.0,0.0,0.0,0.0,0.0,2017-11-01,0.0,0.0,0.0
2017,11,U.N. HERMILIO VALDIZAN,186.32,0.0,0.0,0.0,186.32,0.0,0.0,0.0,0.0,0.0,0.0,0.0,0.0,2017-11-01,0.0,0.0,0.0
2017,11,U.N. INTERCULTURAL DE LA AMAZONIA,42.92,0.0,0.0,44594.05,44636.97,0.0,0.0,0.0,0.0,0.0,0.0,0.0,0.0,2017-11-01,0.0,0.0,0.0
2017,11,U.N. INTERCULTURAL DE LA SELVA CENTRAL JUAN SANTOS ATAHUALPA,44610.79,0.0,0.0,0.0,44610.79,0.0,0.0,0.0,0.0,0.0,0.0,0.0,0.0,2017-11-01,0.0,0.0,0.0
2017,11,U.N. INTERCULTURAL DE QUILLABAMBA,3645076.78,0.0,0.0,0.0,3645076.78,0.0,0.0,0.0,0.0,0.0,0.0,0.0,0.0,2017-11-01,0.0,0.0,0.0
2017,11,U.N. INTERCULTURAL FABIOLA SALAZAR LEGUIA DE BAGUA,2.15,0.0,0.0,0.0,2.15,0.0,0.0,0.0,0.0,0.0,0.0,0.0,0.0,2017-11-01,0.0,0.0,0.0
2017,11,U.N. JORGE BASADRE GROHMANN,143484.69,0.0,0.0,0.0,143484.69,0.0,0.0,0.0,0.0,0.0,0.0,0.0,0.0,2017-11-01,0.0,0.0,0.0
2017,11,U.N. JOSE FAUSTINO SANCHEZ CARRION,75905.9,0.0,0.0,0.0,75905.9,0.0,0.0,0.0,0.0,0.0,0.0,0.0,0.0,2017-11-01,0.0,0.0,0.0
2017,11,U.N. JOSE MARIA ARGUEDAS,710.78,0.0,756153.3200000001,0.0,756864.1000000001,0.0,0.0,0.0,0.0,0.0,0.0,0.0,0.0,2017-11-01,0.0,0.0,0.0
2017,11,U.N. MAYOR DE SAN MARCOS,3728.09,0.0,0.0,0.0,3728.09,0.0,0.0,0.0,0.0,0.0,0.0,0.0,0.0,2017-11-01,0.0,0.0,0.0
2017,11,U.N. MICAELA BASTIDAS DE APURIMAC,1518.01,0.0,756512.4,0.0,758030.41,0.0,0.0,0.0,0.0,0.0,0.0,0.0,0.0,2017-11-01,0.0,0.0,0.0
2017,11,U.N. PEDRO RUIZ GALLO,68.81,0.0,0.0,0.0,68.81,0.0,0.0,0.0,0.0,0.0,0.0,0.0,0.0,2017-11-01,0.0,0.0,0.0
2017,11,U.N. SAN CRISTOBAL DE HUAMANGA,6788.33,0.0,0.0,0.0,6788.33,0.0,0.0,0.0,0.0,0.0,0.0,0.0,0.0,2017-11-01,0.0,0.0,0.0
2017,11,U.N. SAN LUIS GONZAGA DE ICA,10278.39,0.0,0.0,0.0,10278.39,0.0,0.0,0.0,0.0,0.0,0.0,0.0,0.0,2017-11-01,0.0,0.0,0.0
2017,11,U.N. SANTIAGO ANTUNEZ DE MAYOLO,199842.61,0.0,0.0,0.0,199842.61,0.0,0.0,0.0,0.0,0.0,0.0,0.0,0.0,2017-11-01,0.0,0.0,0.0
2017,11,U.N. TECNOLOGICA DEL CONO SUR DE LIMA,3998.74,0.0,0.0,0.0,3998.74,0.0,0.0,0.0,0.0,0.0,0.0,0.0,0.0,2017-11-01,0.0,0.0,0.0
2017,11,U.N. TORIBIO RODRIGUEZ DE MENDOZA DE AMAZONAS,0.03,0.0,0.0,0.0,0.03,0.0,0.0,0.0,0.0,0.0,0.0,0.0,0.0,2017-11-01,0.0,0.0,0.0
2017,12, ,115138005.08,447779871.9,20111948.38,33693367.69,616723193.05,424181594.78,80748189.13,504929783.91,2120192887.4,282381652.57,0.1331867747732545,0.2908807008622172,0.1331867747732545,2017-12-01,20.03992993779053,0.01773871697450162,0.03874146239162254
2017,12,GOBIERNO REGIONAL DE LA PROVINCIA CONSTITUCIONAL DEL CALLAO,8329.6,0.0,0.0,0.0,8329.6,0.0,0.0,0.0,0.0,0.0,0.0,0.0,0.0,2017-12-01,0.0,0.0,0.0
2017,12,GOBIERNO REGIONAL DEL DEPARTAMENTO DE AMAZONAS,273.37,0.0,0.0,0.0,273.37,0.0,0.0,0.0,0.0,0.0,0.0,0.0,0.0,2017-12-01,0.0,0.0,0.0
2017,12,GOBIERNO REGIONAL DEL DEPARTAMENTO DE ANCASH,702837.55,0.0,0.0,0.0,702837.55,0.0,0.0,0.0,0.0,0.0,0.0,0.0,0.0,2017-12-01,0.0,0.0,0.0
2017,12,GOBIERNO REGIONAL DEL DEPARTAMENTO DE APURIMAC,5487.62,0.0,5170529.28,0.0,5176016.9,0.0,0.0,0.0,0.0,0.0,0.0,0.0,0.0,2017-12-01,0.0,0.0,0.0
2017,12,GOBIERNO REGIONAL DEL DEPARTAMENTO DE AREQUIPA,135878.78,0.0,0.0,0.0,135878.78,0.0,0.0,0.0,0.0,0.0,0.0,0.0,0.0,2017-12-01,0.0,0.0,0.0
2017,12,GOBIERNO REGIONAL DEL DEPARTAMENTO DE AYACUCHO,66.47,0.0,0.0,0.0,66.47,0.0,0.0,0.0,0.0,0.0,0.0,0.0,0.0,2017-12-01,0.0,0.0,0.0
2017,12,GOBIERNO REGIONAL DEL DEPARTAMENTO DE CAJAMARCA,9228241.8,0.0,0.0,0.0,9228241.8,0.0,0.0,0.0,0.0,0.0,0.0,0.0,0.0,2017-12-01,0.0,0.0,0.0
2017,12,GOBIERNO REGIONAL DEL DEPARTAMENTO DE CUSCO,34746665.38,0.0,0.0,0.0,34746665.38,0.0,0.0,0.0,0.0,0.0,0.0,0.0,0.0,2017-12-01,0.0,0.0,0.0
2017,12,GOBIERNO REGIONAL DEL DEPARTAMENTO DE HUANCAVELICA,2118626.65,0.0,0.0,0.0,2118626.65,0.0,0.0,0.0,0.0,0.0,0.0,0.0,0.0,2017-12-01,0.0,0.0,0.0
2017,12,GOBIERNO REGIONAL DEL DEPARTAMENTO DE HUANUCO,1266.86,0.0,0.0,0.0,1266.86,0.0,0.0,0.0,0.0,0.0,0.0,0.0,0.0,2017-12-01,0.0,0.0,0.0
2017,12,GOBIERNO REGIONAL DEL DEPARTAMENTO DE ICA,36754.07,0.0,0.0,0.0,36754.07,0.0,0.0,0.0,0.0,0.0,0.0,0.0,0.0,2017-12-01,0.0,0.0,0.0
2017,12,GOBIERNO REGIONAL DEL DEPARTAMENTO DE JUNIN,420947.1599999999,0.0,0.0,0.0,420947.1599999999,0.0,0.0,0.0,0.0,0.0,0.0,0.0,0.0,2017-12-01,0.0,0.0,0.0
2017,12,GOBIERNO REGIONAL DEL DEPARTAMENTO DE LA LIBERTAD,27636.35,0.0,0.0,0.0,27636.35,0.0,0.0,0.0,0.0,0.0,0.0,0.0,0.0,2017-12-01,0.0,0.0,0.0
2017,12,GOBIERNO REGIONAL DEL DEPARTAMENTO DE LAMBAYEQUE,2.29,0.0,0.0,0.0,2.29,0.0,0.0,0.0,0.0,0.0,0.0,0.0,0.0,2017-12-01,0.0,0.0,0.0
2017,12,GOBIERNO REGIONAL DEL DEPARTAMENTO DE LIMA,724043.76,0.0,0.0,0.0,724043.76,0.0,0.0,0.0,0.0,0.0,0.0,0.0,0.0,2017-12-01,0.0,0.0,0.0
2017,12,GOBIERNO REGIONAL DEL DEPARTAMENTO DE LORETO,1751236.92,0.0,0.0,2245014.26,3996251.18,0.0,0.0,0.0,0.0,0.0,0.0,0.0,0.0,2017-12-01,0.0,0.0,0.0
2017,12,GOBIERNO REGIONAL DEL DEPARTAMENTO DE MADRE DE DIOS,162.75,0.0,0.0,0.0,162.75,0.0,0.0,0.0,0.0,0.0,0.0,0.0,0.0,2017-12-01,0.0,0.0,0.0
2017,12,GOBIERNO REGIONAL DEL DEPARTAMENTO DE MOQUEGUA,2206088.37,0.0,0.0,0.0,2206088.37,0.0,0.0,0.0,0.0,0.0,0.0,0.0,0.0,2017-12-01,0.0,0.0,0.0
2017,12,GOBIERNO REGIONAL DEL DEPARTAMENTO DE PASCO,43375.23,0.0,0.0,0.0,43375.23,0.0,0.0,0.0,0.0,0.0,0.0,0.0,0.0,2017-12-01,0.0,0.0,0.0
2017,12,GOBIERNO REGIONAL DEL DEPARTAMENTO DE PIURA,10690.16,0.0,0.0,8330820.04,8341510.2,0.0,0.0,0.0,0.0,0.0,0.0,0.0,0.0,2017-12-01,0.0,0.0,0.0
2017,12,GOBIERNO REGIONAL DEL DEPARTAMENTO DE PUNO,144032.62999999998,0.0,0.0,0.0,144032.62999999998,0.0,0.0,0.0,0.0,0.0,0.0,0.0,0.0,2017-12-01,0.0,0.0,0.0
2017,12,GOBIERNO REGIONAL DEL DEPARTAMENTO DE SAN MARTIN,19213.59,0.0,0.0,0.0,19213.59,0.0,0.0,0.0,0.0,0.0,0.0,0.0,0.0,2017-12-01,0.0,0.0,0.0
2017,12,GOBIERNO REGIONAL DEL DEPARTAMENTO DE TACNA,33980.98,0.0,0.0,0.0,33980.98,0.0,0.0,0.0,0.0,0.0,0.0,0.0,0.0,2017-12-01,0.0,0.0,0.0
2017,12,GOBIERNO REGIONAL DEL DEPARTAMENTO DE TUMBES,88.36,0.0,0.0,3205136.68,3205225.04,0.0,0.0,0.0,0.0,0.0,0.0,0.0,0.0,2017-12-01,0.0,0.0,0.0
2017,12,GOBIERNO REGIONAL DEL DEPARTAMENTO DE UCAYALI,653.12,0.0,0.0,1204535.66,1205188.78,0.0,0.0,0.0,0.0,0.0,0.0,0.0,0.0,2017-12-01,0.0,0.0,0.0
2017,12,INSTITUTO DE INVESTIGACIONES DE LA AMAZONIA PERUANA,0.0,0.0,0.0,195684.41,195684.41,0.0,0.0,0.0,0.0,0.0,0.0,0.0,0.0,2017-12-01,0.0,0.0,0.0
2017,12,MUNICIPALIDAD METROPOLITANA DE LIMA,135069.61,0.0,0.0,0.0,135069.61,0.0,0.0,0.0,0.0,0.0,0.0,0.0,0.0,2017-12-01,0.0,0.0,0.0
2017,12,U. N. AUTONOMA DE TAYACAJA DANIEL HERNANDEZ MORILLO,185747.55,0.0,0.0,0.0,185747.55,0.0,0.0,0.0,0.0,0.0,0.0,0.0,0.0,2017-12-01,0.0,0.0,0.0
2017,12,U. N. AUTÓNOMA ALTOANDINA DE TARMA,45376.09,0.0,0.0,0.0,45376.09,0.0,0.0,0.0,0.0,0.0,0.0,0.0,0.0,2017-12-01,0.0,0.0,0.0
2017,12,U.N. AGRARIA DE LA SELVA,333.47,0.0,0.0,0.0,333.47,0.0,0.0,0.0,0.0,0.0,0.0,0.0,0.0,2017-12-01,0.0,0.0,0.0
2017,12,U.N. AGRARIA LA MOLINA,3844.79,0.0,0.0,0.0,3844.79,0.0,0.0,0.0,0.0,0.0,0.0,0.0,0.0,2017-12-01,0.0,0.0,0.0
2017,12,U.N. AMAZONICA DE MADRE DE DIOS,453.74,0.0,0.0,0.0,453.74,0.0,0.0,0.0,0.0,0.0,0.0,0.0,0.0,2017-12-01,0.0,0.0,0.0
2017,12,U.N. AUTONOMA DE ALTO AMAZONAS,11.19,0.0,0.0,88.53,99.72,0.0,0.0,0.0,0.0,0.0,0.0,0.0,0.0,2017-12-01,0.0,0.0,0.0
2017,12,U.N. AUTONOMA DE CHOTA,20675.33,0.0,0.0,0.0,20675.33,0.0,0.0,0.0,0.0,0.0,0.0,0.0,0.0,2017-12-01,0.0,0.0,0.0
2017,12,U.N. AUTÓNOMA DE HUANTA,6103.96,0.0,0.0,0.0,6103.96,0.0,0.0,0.0,0.0,0.0,0.0,0.0,0.0,2017-12-01,0.0,0.0,0.0
2017,12,U.N. CIRO ALEGRIA,56991638.26,0.0,0.0,0.0,56991638.26,0.0,0.0,0.0,0.0,0.0,0.0,0.0,0.0,2017-12-01,0.0,0.0,0.0
2017,12,U.N. DANIEL ALCIDES CARRION,22636.11,0.0,0.0,0.0,22636.11,0.0,0.0,0.0,0.0,0.0,0.0,0.0,0.0,2017-12-01,0.0,0.0,0.0
2017,12,U.N. DE BARRANCA,68350.32,0.0,0.0,0.0,68350.32,0.0,0.0,0.0,0.0,0.0,0.0,0.0,0.0,2017-12-01,0.0,0.0,0.0
2017,12,U.N. DE CAJAMARCA,49114.13,0.0,0.0,0.0,49114.13,0.0,0.0,0.0,0.0,0.0,0.0,0.0,0.0,2017-12-01,0.0,0.0,0.0
2017,12,U.N. DE CAÑETE,64473.33,0.0,0.0,0.0,64473.33,0.0,0.0,0.0,0.0,0.0,0.0,0.0,0.0,2017-12-01,0.0,0.0,0.0
2017,12,U.N. DE EDUCACION ENRIQUE GUZMAN Y VALLE,4391.65,0.0,0.0,0.0,4391.65,0.0,0.0,0.0,0.0,0.0,0.0,0.0,0.0,2017-12-01,0.0,0.0,0.0
2017,12,U.N. DE FRONTERA,3536.57,0.0,0.0,905584.37,909120.94,0.0,0.0,0.0,0.0,0.0,0.0,0.0,0.0,2017-12-01,0.0,0.0,0.0
2017,12,U.N. DE HUANCAVELICA,170076.53000000003,0.0,0.0,0.0,170076.53000000003,0.0,0.0,0.0,0.0,0.0,0.0,0.0,0.0,2017-12-01,0.0,0.0,0.0
2017,12,U.N. DE INGENIERIA,3747.94,0.0,0.0,0.0,3747.94,0.0,0.0,0.0,0.0,0.0,0.0,0.0,0.0,2017-12-01,0.0,0.0,0.0
2017,12,U.N. DE JAEN,67943.6,0.0,0.0,0.0,67943.6,0.0,0.0,0.0,0.0,0.0,0.0,0.0,0.0,2017-12-01,0.0,0.0,0.0
2017,12,U.N. DE JULIACA,30132.08,0.0,0.0,0.0,30132.08,0.0,0.0,0.0,0.0,0.0,0.0,0.0,0.0,2017-12-01,0.0,0.0,0.0
2017,12,U.N. DE LA AMAZONIA PERUANA,51.25,0.0,0.0,215794.76,215846.01,0.0,0.0,0.0,0.0,0.0,0.0,0.0,0.0,2017-12-01,0.0,0.0,0.0
2017,12,U.N. DE MOQUEGUA,50404.26,0.0,0.0,0.0,50404.26,0.0,0.0,0.0,0.0,0.0,0.0,0.0,0.0,2017-12-01,0.0,0.0,0.0
2017,12,U.N. DE PIURA,2533.03,0.0,0.0,770277.3600000001,772810.3900000001,0.0,0.0,0.0,0.0,0.0,0.0,0.0,0.0,2017-12-01,0.0,0.0,0.0
2017,12,U.N. DE SAN AGUSTIN,188398.96,0.0,0.0,0.0,188398.96,0.0,0.0,0.0,0.0,0.0,0.0,0.0,0.0,2017-12-01,0.0,0.0,0.0
2017,12,U.N. DE SAN ANTONIO ABAD DEL CUSCO,3717665.09,0.0,0.0,0.0,3717665.09,0.0,0.0,0.0,0.0,0.0,0.0,0.0,0.0,2017-12-01,0.0,0.0,0.0
2017,12,U.N. DE SAN MARTIN,4795.9800000000005,0.0,0.0,0.0,4795.9800000000005,0.0,0.0,0.0,0.0,0.0,0.0,0.0,0.0,2017-12-01,0.0,0.0,0.0
2017,12,U.N. DE TRUJILLO,70901.52,0.0,0.0,0.0,70901.52,0.0,0.0,0.0,0.0,0.0,0.0,0.0,0.0,2017-12-01,0.0,0.0,0.0
2017,12,U.N. DE TUMBES,28.33,0.0,0.0,487577.09,487605.42,0.0,0.0,0.0,0.0,0.0,0.0,0.0,0.0,2017-12-01,0.0,0.0,0.0
2017,12,U.N. DE UCAYALI,10.57,0.0,0.0,66652.06,66662.63,0.0,0.0,0.0,0.0,0.0,0.0,0.0,0.0,2017-12-01,0.0,0.0,0.0
2017,12,U.N. DEL ALTIPLANO,32353.05,0.0,0.0,0.0,32353.05,0.0,0.0,0.0,0.0,0.0,0.0,0.0,0.0,2017-12-01,0.0,0.0,0.0
2017,12,U.N. DEL CALLAO,3364.04,0.0,0.0,0.0,3364.04,0.0,0.0,0.0,0.0,0.0,0.0,0.0,0.0,2017-12-01,0.0,0.0,0.0
2017,12,U.N. DEL CENTRO DEL PERU,46979.87,0.0,0.0,0.0,46979.87,0.0,0.0,0.0,0.0,0.0,0.0,0.0,0.0,2017-12-01,0.0,0.0,0.0
2017,12,U.N. DEL SANTA,212273.71,0.0,0.0,0.0,212273.71,0.0,0.0,0.0,0.0,0.0,0.0,0.0,0.0,2017-12-01,0.0,0.0,0.0
2017,12,U.N. FEDERICO VILLARREAL,4084.38,0.0,0.0,0.0,4084.38,0.0,0.0,0.0,0.0,0.0,0.0,0.0,0.0,2017-12-01,0.0,0.0,0.0
2017,12,U.N. HERMILIO VALDIZAN,148.44,0.0,0.0,0.0,148.44,0.0,0.0,0.0,0.0,0.0,0.0,0.0,0.0,2017-12-01,0.0,0.0,0.0
2017,12,U.N. INTERCULTURAL DE LA AMAZONIA,36.8,0.0,0.0,65226.76,65263.56,0.0,0.0,0.0,0.0,0.0,0.0,0.0,0.0,2017-12-01,0.0,0.0,0.0
2017,12,U.N. INTERCULTURAL DE LA SELVA CENTRAL JUAN SANTOS ATAHUALPA,43296.55,0.0,0.0,0.0,43296.55,0.0,0.0,0.0,0.0,0.0,0.0,0.0,0.0,2017-12-01,0.0,0.0,0.0
2017,12,U.N. INTERCULTURAL DE QUILLABAMBA,3862956.77,0.0,0.0,0.0,3862956.77,0.0,0.0,0.0,0.0,0.0,0.0,0.0,0.0,2017-12-01,0.0,0.0,0.0
2017,12,U.N. INTERCULTURAL FABIOLA SALAZAR LEGUIA DE BAGUA,1.83,0.0,0.0,0.0,1.83,0.0,0.0,0.0,0.0,0.0,0.0,0.0,0.0,2017-12-01,0.0,0.0,0.0
2017,12,U.N. JORGE BASADRE GROHMANN,121693.26,0.0,0.0,0.0,121693.26,0.0,0.0,0.0,0.0,0.0,0.0,0.0,0.0,2017-12-01,0.0,0.0,0.0
2017,12,U.N. JOSE FAUSTINO SANCHEZ CARRION,72392.39,0.0,0.0,0.0,72392.39,0.0,0.0,0.0,0.0,0.0,0.0,0.0,0.0,2017-12-01,0.0,0.0,0.0
2017,12,U.N. JOSE MARIA ARGUEDAS,609.57,0.0,634025.63,0.0,634635.2,0.0,0.0,0.0,0.0,0.0,0.0,0.0,0.0,2017-12-01,0.0,0.0,0.0
2017,12,U.N. MAYOR DE SAN MARCOS,3707.56,0.0,0.0,0.0,3707.56,0.0,0.0,0.0,0.0,0.0,0.0,0.0,0.0,2017-12-01,0.0,0.0,0.0
2017,12,U.N. MICAELA BASTIDAS DE APURIMAC,1207.37,0.0,634679.69,0.0,635887.0599999999,0.0,0.0,0.0,0.0,0.0,0.0,0.0,0.0,2017-12-01,0.0,0.0,0.0
2017,12,U.N. PEDRO RUIZ GALLO,59.010000000000005,0.0,0.0,0.0,59.010000000000005,0.0,0.0,0.0,0.0,0.0,0.0,0.0,0.0,2017-12-01,0.0,0.0,0.0
2017,12,U.N. SAN CRISTOBAL DE HUAMANGA,5297.1,0.0,0.0,0.0,5297.1,0.0,0.0,0.0,0.0,0.0,0.0,0.0,0.0,2017-12-01,0.0,0.0,0.0
2017,12,U.N. SAN LUIS GONZAGA DE ICA,8511.82,0.0,0.0,0.0,8511.82,0.0,0.0,0.0,0.0,0.0,0.0,0.0,0.0,2017-12-01,0.0,0.0,0.0
2017,12,U.N. SANTIAGO ANTUNEZ DE MAYOLO,175626.12,0.0,0.0,0.0,175626.12,0.0,0.0,0.0,0.0,0.0,0.0,0.0,0.0,2017-12-01,0.0,0.0,0.0
2017,12,U.N. TECNOLOGICA DEL CONO SUR DE LIMA,3946.66,0.0,0.0,0.0,3946.66,0.0,0.0,0.0,0.0,0.0,0.0,0.0,0.0,2017-12-01,0.0,0.0,0.0
2017,12,U.N. TORIBIO RODRIGUEZ DE MENDOZA DE AMAZONAS,0.02,0.0,0.0,0.0,0.02,0.0,0.0,0.0,0.0,0.0,0.0,0.0,0.0,2017-12-01,0.0,0.0,0.0
2018,1, ,130519534.86,502915294.76,31284339.34,36237969.93,700957138.89,16730696.45,6604111.28,23334807.73,7455319509.16,808992932.34,0.108512174608483,0.0940210728767247,0.108512174608483,2018-01-01,16.965456740632224,0.011774892038261903,0.010202431076876057
2018,1,GOBIERNO REGIONAL DE LA PROVINCIA CONSTITUCIONAL DEL CALLAO,162830.63,0.0,0.0,0.0,162830.63,0.0,0.0,0.0,0.0,0.0,0.0,0.0,0.0,2018-01-01,0.0,0.0,0.0
2018,1,GOBIERNO REGIONAL DEL DEPARTAMENTO DE AMAZONAS,306.77,0.0,0.0,0.0,306.77,0.0,0.0,0.0,0.0,0.0,0.0,0.0,0.0,2018-01-01,0.0,0.0,0.0
2018,1,GOBIERNO REGIONAL DEL DEPARTAMENTO DE ANCASH,1221518.09,0.0,0.0,0.0,1221518.09,0.0,0.0,0.0,0.0,0.0,0.0,0.0,0.0,2018-01-01,0.0,0.0,0.0
2018,1,GOBIERNO REGIONAL DEL DEPARTAMENTO DE APURIMAC,5684.12,0.0,6181083.420000001,0.0,6186767.540000001,0.0,0.0,0.0,0.0,0.0,0.0,0.0,0.0,2018-01-01,0.0,0.0,0.0
2018,1,GOBIERNO REGIONAL DEL DEPARTAMENTO DE AREQUIPA,193690.9,0.0,0.0,0.0,193690.9,0.0,0.0,0.0,0.0,0.0,0.0,0.0,0.0,2018-01-01,0.0,0.0,0.0
2018,1,GOBIERNO REGIONAL DEL DEPARTAMENTO DE AYACUCHO,66.31,0.0,0.0,0.0,66.31,0.0,0.0,0.0,0.0,0.0,0.0,0.0,0.0,2018-01-01,0.0,0.0,0.0
2018,1,GOBIERNO REGIONAL DEL DEPARTAMENTO DE CAJAMARCA,427871.01,0.0,0.0,0.0,427871.01,0.0,0.0,0.0,0.0,0.0,0.0,0.0,0.0,2018-01-01,0.0,0.0,0.0
2018,1,GOBIERNO REGIONAL DEL DEPARTAMENTO DE CUSCO,32226405.49,0.0,0.0,0.0,32226405.49,0.0,0.0,0.0,0.0,0.0,0.0,0.0,0.0,2018-01-01,0.0,0.0,0.0
2018,1,GOBIERNO REGIONAL DEL DEPARTAMENTO DE HUANCAVELICA,545937.51,0.0,0.0,0.0,545937.51,0.0,0.0,0.0,0.0,0.0,0.0,0.0,0.0,2018-01-01,0.0,0.0,0.0
2018,1,GOBIERNO REGIONAL DEL DEPARTAMENTO DE HUANUCO,1421.63,0.0,0.0,0.0,1421.63,0.0,0.0,0.0,0.0,0.0,0.0,0.0,0.0,2018-01-01,0.0,0.0,0.0
2018,1,GOBIERNO REGIONAL DEL DEPARTAMENTO DE ICA,148947.41,0.0,0.0,0.0,148947.41,0.0,0.0,0.0,0.0,0.0,0.0,0.0,0.0,2018-01-01,0.0,0.0,0.0
2018,1,GOBIERNO REGIONAL DEL DEPARTAMENTO DE JUNIN,420702.8599999999,0.0,0.0,0.0,420702.8599999999,0.0,0.0,0.0,0.0,0.0,0.0,0.0,0.0,2018-01-01,0.0,0.0,0.0
2018,1,GOBIERNO REGIONAL DEL DEPARTAMENTO DE LA LIBERTAD,282431.47,0.0,0.0,0.0,282431.47,0.0,0.0,0.0,0.0,0.0,0.0,0.0,0.0,2018-01-01,0.0,0.0,0.0
2018,1,GOBIERNO REGIONAL DEL DEPARTAMENTO DE LAMBAYEQUE,2.58,0.0,0.0,0.0,2.58,0.0,0.0,0.0,0.0,0.0,0.0,0.0,0.0,2018-01-01,0.0,0.0,0.0
2018,1,GOBIERNO REGIONAL DEL DEPARTAMENTO DE LIMA,1057711.92,0.0,0.0,0.0,1057711.92,0.0,0.0,0.0,0.0,0.0,0.0,0.0,0.0,2018-01-01,0.0,0.0,0.0
2018,1,GOBIERNO REGIONAL DEL DEPARTAMENTO DE LORETO,2551388.05,0.0,0.0,3586132.69,6137520.74,0.0,0.0,0.0,0.0,0.0,0.0,0.0,0.0,2018-01-01,0.0,0.0,0.0
2018,1,GOBIERNO REGIONAL DEL DEPARTAMENTO DE MADRE DE DIOS,140.54999999999998,0.0,0.0,0.0,140.54999999999998,0.0,0.0,0.0,0.0,0.0,0.0,0.0,0.0,2018-01-01,0.0,0.0,0.0
2018,1,GOBIERNO REGIONAL DEL DEPARTAMENTO DE MOQUEGUA,78093.71,0.0,0.0,0.0,78093.71,0.0,0.0,0.0,0.0,0.0,0.0,0.0,0.0,2018-01-01,0.0,0.0,0.0
2018,1,GOBIERNO REGIONAL DEL DEPARTAMENTO DE PASCO,43629.55,0.0,0.0,0.0,43629.55,0.0,0.0,0.0,0.0,0.0,0.0,0.0,0.0,2018-01-01,0.0,0.0,0.0
2018,1,GOBIERNO REGIONAL DEL DEPARTAMENTO DE PIURA,77745.58,0.0,0.0,8582744.57,8660490.15,0.0,0.0,0.0,0.0,0.0,0.0,0.0,0.0,2018-01-01,0.0,0.0,0.0
2018,1,GOBIERNO REGIONAL DEL DEPARTAMENTO DE PUNO,143678.74,0.0,0.0,0.0,143678.74,0.0,0.0,0.0,0.0,0.0,0.0,0.0,0.0,2018-01-01,0.0,0.0,0.0
2018,1,GOBIERNO REGIONAL DEL DEPARTAMENTO DE SAN MARTIN,19520.56,0.0,0.0,0.0,19520.56,0.0,0.0,0.0,0.0,0.0,0.0,0.0,0.0,2018-01-01,0.0,0.0,0.0
2018,1,GOBIERNO REGIONAL DEL DEPARTAMENTO DE TACNA,8193975.07,0.0,0.0,0.0,8193975.07,0.0,0.0,0.0,0.0,0.0,0.0,0.0,0.0,2018-01-01,0.0,0.0,0.0
2018,1,GOBIERNO REGIONAL DEL DEPARTAMENTO DE TUMBES,99.15,0.0,0.0,3276422.9399999995,3276522.0899999994,0.0,0.0,0.0,0.0,0.0,0.0,0.0,0.0,2018-01-01,0.0,0.0,0.0
2018,1,GOBIERNO REGIONAL DEL DEPARTAMENTO DE UCAYALI,732.91,0.0,0.0,1334863.99,1335596.9,0.0,0.0,0.0,0.0,0.0,0.0,0.0,0.0,2018-01-01,0.0,0.0,0.0
2018,1,INSTITUTO DE INVESTIGACIONES DE LA AMAZONIA PERUANA,0.0,0.0,0.0,257907.39,257907.39,0.0,0.0,0.0,0.0,0.0,0.0,0.0,0.0,2018-01-01,0.0,0.0,0.0
2018,1,MUNICIPALIDAD METROPOLITANA DE LIMA,137114.90000000002,0.0,0.0,0.0,137114.90000000002,0.0,0.0,0.0,0.0,0.0,0.0,0.0,0.0,2018-01-01,0.0,0.0,0.0
2018,1,U. N. AUTONOMA DE TAYACAJA DANIEL HERNANDEZ MORILLO,188405.33,0.0,0.0,0.0,188405.33,0.0,0.0,0.0,0.0,0.0,0.0,0.0,0.0,2018-01-01,0.0,0.0,0.0
2018,1,U. N. AUTÓNOMA ALTOANDINA DE TARMA,46584.45,0.0,0.0,0.0,46584.45,0.0,0.0,0.0,0.0,0.0,0.0,0.0,0.0,2018-01-01,0.0,0.0,0.0
2018,1,U.N. AGRARIA DE LA SELVA,374.21,0.0,0.0,0.0,374.21,0.0,0.0,0.0,0.0,0.0,0.0,0.0,0.0,2018-01-01,0.0,0.0,0.0
2018,1,U.N. AGRARIA LA MOLINA,3873.03,0.0,0.0,0.0,3873.03,0.0,0.0,0.0,0.0,0.0,0.0,0.0,0.0,2018-01-01,0.0,0.0,0.0
2018,1,U.N. AMAZONICA DE MADRE DE DIOS,509.17,0.0,0.0,0.0,509.17,0.0,0.0,0.0,0.0,0.0,0.0,0.0,0.0,2018-01-01,0.0,0.0,0.0
2018,1,U.N. AUTONOMA DE ALTO AMAZONAS,12.56,0.0,0.0,67.34,79.9,0.0,0.0,0.0,0.0,0.0,0.0,0.0,0.0,2018-01-01,0.0,0.0,0.0
2018,1,U.N. AUTONOMA DE CHOTA,21045.17,0.0,0.0,0.0,21045.17,0.0,0.0,0.0,0.0,0.0,0.0,0.0,0.0,2018-01-01,0.0,0.0,0.0
2018,1,U.N. AUTÓNOMA DE HUANTA,6849.67,0.0,0.0,0.0,6849.67,0.0,0.0,0.0,0.0,0.0,0.0,0.0,0.0,2018-01-01,0.0,0.0,0.0
2018,1,U.N. CIRO ALEGRIA,121974.73,0.0,0.0,0.0,121974.73,0.0,0.0,0.0,0.0,0.0,0.0,0.0,0.0,2018-01-01,0.0,0.0,0.0
2018,1,U.N. DANIEL ALCIDES CARRION,24373.88,0.0,0.0,0.0,24373.88,0.0,0.0,0.0,0.0,0.0,0.0,0.0,0.0,2018-01-01,0.0,0.0,0.0
2018,1,U.N. DE BARRANCA,97126.23,0.0,0.0,0.0,97126.23,0.0,0.0,0.0,0.0,0.0,0.0,0.0,0.0,2018-01-01,0.0,0.0,0.0
2018,1,U.N. DE CAJAMARCA,52304.26,0.0,0.0,0.0,52304.26,0.0,0.0,0.0,0.0,0.0,0.0,0.0,0.0,2018-01-01,0.0,0.0,0.0
2018,1,U.N. DE CAÑETE,93111.29,0.0,0.0,0.0,93111.29,0.0,0.0,0.0,0.0,0.0,0.0,0.0,0.0,2018-01-01,0.0,0.0,0.0
2018,1,U.N. DE EDUCACION ENRIQUE GUZMAN Y VALLE,4496.13,0.0,0.0,0.0,4496.13,0.0,0.0,0.0,0.0,0.0,0.0,0.0,0.0,2018-01-01,0.0,0.0,0.0
2018,1,U.N. DE FRONTERA,12187.29,0.0,0.0,961684.09,973871.38,0.0,0.0,0.0,0.0,0.0,0.0,0.0,0.0,2018-01-01,0.0,0.0,0.0
2018,1,U.N. DE HUANCAVELICA,170769.77,0.0,0.0,0.0,170769.77,0.0,0.0,0.0,0.0,0.0,0.0,0.0,0.0,2018-01-01,0.0,0.0,0.0
2018,1,U.N. DE INGENIERIA,3675.66,0.0,0.0,0.0,3675.66,0.0,0.0,0.0,0.0,0.0,0.0,0.0,0.0,2018-01-01,0.0,0.0,0.0
2018,1,U.N. DE JAEN,75120.86,0.0,0.0,0.0,75120.86,0.0,0.0,0.0,0.0,0.0,0.0,0.0,0.0,2018-01-01,0.0,0.0,0.0
2018,1,U.N. DE JULIACA,31515.26,0.0,0.0,0.0,31515.26,0.0,0.0,0.0,0.0,0.0,0.0,0.0,0.0,2018-01-01,0.0,0.0,0.0
2018,1,U.N. DE LA AMAZONIA PERUANA,57.51,0.0,0.0,306131.17,306188.68,0.0,0.0,0.0,0.0,0.0,0.0,0.0,0.0,2018-01-01,0.0,0.0,0.0
2018,1,U.N. DE MOQUEGUA,71339.78,0.0,0.0,0.0,71339.78,0.0,0.0,0.0,0.0,0.0,0.0,0.0,0.0,2018-01-01,0.0,0.0,0.0
2018,1,U.N. DE PIURA,10923.48,0.0,0.0,811305.33,822228.8099999999,0.0,0.0,0.0,0.0,0.0,0.0,0.0,0.0,2018-01-01,0.0,0.0,0.0
2018,1,U.N. DE SAN AGUSTIN,222261.48,0.0,0.0,0.0,222261.48,0.0,0.0,0.0,0.0,0.0,0.0,0.0,0.0,2018-01-01,0.0,0.0,0.0
2018,1,U.N. DE SAN ANTONIO ABAD DEL CUSCO,4077989.09,0.0,0.0,0.0,4077989.09,0.0,0.0,0.0,0.0,0.0,0.0,0.0,0.0,2018-01-01,0.0,0.0,0.0
2018,1,U.N. DE SAN MARTIN,4867.83,0.0,0.0,0.0,4867.83,0.0,0.0,0.0,0.0,0.0,0.0,0.0,0.0,2018-01-01,0.0,0.0,0.0
2018,1,U.N. DE TRUJILLO,111554.16,0.0,0.0,0.0,111554.16,0.0,0.0,0.0,0.0,0.0,0.0,0.0,0.0,2018-01-01,0.0,0.0,0.0
2018,1,U.N. DE TUMBES,31.79,0.0,0.0,503339.12,503370.91,0.0,0.0,0.0,0.0,0.0,0.0,0.0,0.0,2018-01-01,0.0,0.0,0.0
2018,1,U.N. DE UCAYALI,11.86,0.0,0.0,79061.78,79073.64,0.0,0.0,0.0,0.0,0.0,0.0,0.0,0.0,2018-01-01,0.0,0.0,0.0
2018,1,U.N. DEL ALTIPLANO,33641.31,0.0,0.0,0.0,33641.31,0.0,0.0,0.0,0.0,0.0,0.0,0.0,0.0,2018-01-01,0.0,0.0,0.0
2018,1,U.N. DEL CALLAO,42261.97,0.0,0.0,0.0,42261.97,0.0,0.0,0.0,0.0,0.0,0.0,0.0,0.0,2018-01-01,0.0,0.0,0.0
2018,1,U.N. DEL CENTRO DEL PERU,48510.34,0.0,0.0,0.0,48510.34,0.0,0.0,0.0,0.0,0.0,0.0,0.0,0.0,2018-01-01,0.0,0.0,0.0
2018,1,U.N. DEL SANTA,295351.29,0.0,0.0,0.0,295351.29,0.0,0.0,0.0,0.0,0.0,0.0,0.0,0.0,2018-01-01,0.0,0.0,0.0
2018,1,U.N. FEDERICO VILLARREAL,4152.66,0.0,0.0,0.0,4152.66,0.0,0.0,0.0,0.0,0.0,0.0,0.0,0.0,2018-01-01,0.0,0.0,0.0
2018,1,U.N. HERMILIO VALDIZAN,141.67,0.0,0.0,0.0,141.67,0.0,0.0,0.0,0.0,0.0,0.0,0.0,0.0,2018-01-01,0.0,0.0,0.0
2018,1,U.N. INTERCULTURAL DE LA AMAZONIA,41.3,0.0,0.0,77996.65,78037.95,0.0,0.0,0.0,0.0,0.0,0.0,0.0,0.0,2018-01-01,0.0,0.0,0.0
2018,1,U.N. INTERCULTURAL DE LA SELVA CENTRAL JUAN SANTOS ATAHUALPA,44377.03,0.0,0.0,0.0,44377.03,0.0,0.0,0.0,0.0,0.0,0.0,0.0,0.0,2018-01-01,0.0,0.0,0.0
2018,1,U.N. INTERCULTURAL DE QUILLABAMBA,4249927.82,0.0,0.0,0.0,4249927.82,0.0,0.0,0.0,0.0,0.0,0.0,0.0,0.0,2018-01-01,0.0,0.0,0.0
2018,1,U.N. INTERCULTURAL FABIOLA SALAZAR LEGUIA DE BAGUA,2.07,0.0,0.0,0.0,2.07,0.0,0.0,0.0,0.0,0.0,0.0,0.0,0.0,2018-01-01,0.0,0.0,0.0
2018,1,U.N. JORGE BASADRE GROHMANN,135422.81,0.0,0.0,0.0,135422.81,0.0,0.0,0.0,0.0,0.0,0.0,0.0,0.0,2018-01-01,0.0,0.0,0.0
2018,1,U.N. JOSE FAUSTINO SANCHEZ CARRION,101449.6,0.0,0.0,0.0,101449.6,0.0,0.0,0.0,0.0,0.0,0.0,0.0,0.0,2018-01-01,0.0,0.0,0.0
2018,1,U.N. JOSE MARIA ARGUEDAS,684.05,0.0,984222.08,0.0,984906.13,0.0,0.0,0.0,0.0,0.0,0.0,0.0,0.0,2018-01-01,0.0,0.0,0.0
2018,1,U.N. MAYOR DE SAN MARCOS,3721.14,0.0,0.0,0.0,3721.14,0.0,0.0,0.0,0.0,0.0,0.0,0.0,0.0,2018-01-01,0.0,0.0,0.0
2018,1,U.N. MICAELA BASTIDAS DE APURIMAC,951.14,0.0,985785.2,0.0,986736.34,0.0,0.0,0.0,0.0,0.0,0.0,0.0,0.0,2018-01-01,0.0,0.0,0.0
2018,1,U.N. PEDRO RUIZ GALLO,64.4,0.0,0.0,0.0,64.4,0.0,0.0,0.0,0.0,0.0,0.0,0.0,0.0,2018-01-01,0.0,0.0,0.0
2018,1,U.N. SAN CRISTOBAL DE HUAMANGA,5636.740000000001,0.0,0.0,0.0,5636.740000000001,0.0,0.0,0.0,0.0,0.0,0.0,0.0,0.0,2018-01-01,0.0,0.0,0.0
2018,1,U.N. SAN LUIS GONZAGA DE ICA,36345.280000000006,0.0,0.0,0.0,36345.280000000006,0.0,0.0,0.0,0.0,0.0,0.0,0.0,0.0,2018-01-01,0.0,0.0,0.0
2018,1,U.N. SANTIAGO ANTUNEZ DE MAYOLO,251602.86,0.0,0.0,0.0,251602.86,0.0,0.0,0.0,0.0,0.0,0.0,0.0,0.0,2018-01-01,0.0,0.0,0.0
2018,1,U.N. TECNOLOGICA DEL CONO SUR DE LIMA,3984.68,0.0,0.0,0.0,3984.68,0.0,0.0,0.0,0.0,0.0,0.0,0.0,0.0,2018-01-01,0.0,0.0,0.0
2018,1,U.N. TORIBIO RODRIGUEZ DE MENDOZA DE AMAZONAS,0.03,0.0,0.0,0.0,0.03,0.0,0.0,0.0,0.0,0.0,0.0,0.0,0.0,2018-01-01,0.0,0.0,0.0
2018,2, ,117386578.1,522978475.88,14022237.27,38562428.17,692949719.42,71312478.01,18857811.24,90170289.25,2963564010.92,499536120.38,0.168559247763616,0.233823098426979,0.168559247763616,2018-02-01,18.317210554390726,0.028412220006636086,0.03941304558060952
2018,2,GOBIERNO REGIONAL DE LA PROVINCIA CONSTITUCIONAL DEL CALLAO,83286.09,0.0,0.0,0.0,83286.09,0.0,0.0,0.0,0.0,0.0,0.0,0.0,0.0,2018-02-01,0.0,0.0,0.0
2018,2,GOBIERNO REGIONAL DEL DEPARTAMENTO DE AMAZONAS,216.93,0.0,0.0,0.0,216.93,0.0,0.0,0.0,0.0,0.0,0.0,0.0,0.0,2018-02-01,0.0,0.0,0.0
2018,2,GOBIERNO REGIONAL DEL DEPARTAMENTO DE ANCASH,8281714.96,0.0,0.0,0.0,8281714.96,0.0,0.0,0.0,0.0,0.0,0.0,0.0,0.0,2018-02-01,0.0,0.0,0.0
2018,2,GOBIERNO REGIONAL DEL DEPARTAMENTO DE APURIMAC,3513.38,0.0,2620295.94,0.0,2623809.32,0.0,0.0,0.0,0.0,0.0,0.0,0.0,0.0,2018-02-01,0.0,0.0,0.0
2018,2,GOBIERNO REGIONAL DEL DEPARTAMENTO DE AREQUIPA,140176.61,0.0,0.0,0.0,140176.61,0.0,0.0,0.0,0.0,0.0,0.0,0.0,0.0,2018-02-01,0.0,0.0,0.0
2018,2,GOBIERNO REGIONAL DEL DEPARTAMENTO DE AYACUCHO,37.25,0.0,0.0,0.0,37.25,0.0,0.0,0.0,0.0,0.0,0.0,0.0,0.0,2018-02-01,0.0,0.0,0.0
2018,2,GOBIERNO REGIONAL DEL DEPARTAMENTO DE CAJAMARCA,246600.13,0.0,0.0,0.0,246600.13,0.0,0.0,0.0,0.0,0.0,0.0,0.0,0.0,2018-02-01,0.0,0.0,0.0
2018,2,GOBIERNO REGIONAL DEL DEPARTAMENTO DE CUSCO,36141767.92,0.0,0.0,0.0,36141767.92,0.0,0.0,0.0,0.0,0.0,0.0,0.0,0.0,2018-02-01,0.0,0.0,0.0
2018,2,GOBIERNO REGIONAL DEL DEPARTAMENTO DE HUANCAVELICA,1416035.69,0.0,0.0,0.0,1416035.69,0.0,0.0,0.0,0.0,0.0,0.0,0.0,0.0,2018-02-01,0.0,0.0,0.0
2018,2,GOBIERNO REGIONAL DEL DEPARTAMENTO DE HUANUCO,1005.3,0.0,0.0,0.0,1005.3,0.0,0.0,0.0,0.0,0.0,0.0,0.0,0.0,2018-02-01,0.0,0.0,0.0
2018,2,GOBIERNO REGIONAL DEL DEPARTAMENTO DE ICA,81084.66,0.0,0.0,0.0,81084.66,0.0,0.0,0.0,0.0,0.0,0.0,0.0,0.0,2018-02-01,0.0,0.0,0.0
2018,2,GOBIERNO REGIONAL DEL DEPARTAMENTO DE JUNIN,420480.49,0.0,0.0,0.0,420480.49,0.0,0.0,0.0,0.0,0.0,0.0,0.0,0.0,2018-02-01,0.0,0.0,0.0
2018,2,GOBIERNO REGIONAL DEL DEPARTAMENTO DE LA LIBERTAD,144260.58000000002,0.0,0.0,0.0,144260.58000000002,0.0,0.0,0.0,0.0,0.0,0.0,0.0,0.0,2018-02-01,0.0,0.0,0.0
2018,2,GOBIERNO REGIONAL DEL DEPARTAMENTO DE LAMBAYEQUE,1.82,0.0,0.0,0.0,1.82,0.0,0.0,0.0,0.0,0.0,0.0,0.0,0.0,2018-02-01,0.0,0.0,0.0
2018,2,GOBIERNO REGIONAL DEL DEPARTAMENTO DE LIMA,874495.6699999999,0.0,0.0,0.0,874495.6699999999,0.0,0.0,0.0,0.0,0.0,0.0,0.0,0.0,2018-02-01,0.0,0.0,0.0
2018,2,GOBIERNO REGIONAL DEL DEPARTAMENTO DE LORETO,3750981.55,0.0,0.0,8040539.34,11791520.89,0.0,0.0,0.0,0.0,0.0,0.0,0.0,0.0,2018-02-01,0.0,0.0,0.0
2018,2,GOBIERNO REGIONAL DEL DEPARTAMENTO DE MADRE DE DIOS,89.85000000000001,0.0,0.0,0.0,89.85000000000001,0.0,0.0,0.0,0.0,0.0,0.0,0.0,0.0,2018-02-01,0.0,0.0,0.0
2018,2,GOBIERNO REGIONAL DEL DEPARTAMENTO DE MOQUEGUA,298889.04,0.0,0.0,0.0,298889.04,0.0,0.0,0.0,0.0,0.0,0.0,0.0,0.0,2018-02-01,0.0,0.0,0.0
2018,2,GOBIERNO REGIONAL DEL DEPARTAMENTO DE PASCO,39671.53,0.0,0.0,0.0,39671.53,0.0,0.0,0.0,0.0,0.0,0.0,0.0,0.0,2018-02-01,0.0,0.0,0.0
2018,2,GOBIERNO REGIONAL DEL DEPARTAMENTO DE PIURA,41652.59,0.0,0.0,16171577.72,16213230.31,0.0,0.0,0.0,0.0,0.0,0.0,0.0,0.0,2018-02-01,0.0,0.0,0.0
2018,2,GOBIERNO REGIONAL DEL DEPARTAMENTO DE PUNO,131576.69999999998,0.0,0.0,0.0,131576.69999999998,0.0,0.0,0.0,0.0,0.0,0.0,0.0,0.0,2018-02-01,0.0,0.0,0.0
2018,2,GOBIERNO REGIONAL DEL DEPARTAMENTO DE SAN MARTIN,18733.01,0.0,0.0,0.0,18733.01,0.0,0.0,0.0,0.0,0.0,0.0,0.0,0.0,2018-02-01,0.0,0.0,0.0
2018,2,GOBIERNO REGIONAL DEL DEPARTAMENTO DE TACNA,17780.84,0.0,0.0,0.0,17780.84,0.0,0.0,0.0,0.0,0.0,0.0,0.0,0.0,2018-02-01,0.0,0.0,0.0
2018,2,GOBIERNO REGIONAL DEL DEPARTAMENTO DE TUMBES,70.12,0.0,0.0,2139498.19,2139568.31,0.0,0.0,0.0,0.0,0.0,0.0,0.0,0.0,2018-02-01,0.0,0.0,0.0
2018,2,GOBIERNO REGIONAL DEL DEPARTAMENTO DE UCAYALI,518.27,0.0,0.0,1536862.78,1537381.05,0.0,0.0,0.0,0.0,0.0,0.0,0.0,0.0,2018-02-01,0.0,0.0,0.0
2018,2,INSTITUTO DE INVESTIGACIONES DE LA AMAZONIA PERUANA,0.0,0.0,0.0,369991.58,369991.58,0.0,0.0,0.0,0.0,0.0,0.0,0.0,0.0,2018-02-01,0.0,0.0,0.0
2018,2,MUNICIPALIDAD METROPOLITANA DE LIMA,130492.48,0.0,0.0,0.0,130492.48,0.0,0.0,0.0,0.0,0.0,0.0,0.0,0.0,2018-02-01,0.0,0.0,0.0
2018,2,U. N. AUTONOMA DE TAYACAJA DANIEL HERNANDEZ MORILLO,181894.71,0.0,0.0,0.0,181894.71,0.0,0.0,0.0,0.0,0.0,0.0,0.0,0.0,2018-02-01,0.0,0.0,0.0
2018,2,U. N. AUTÓNOMA ALTOANDINA DE TARMA,43071.41,0.0,0.0,0.0,43071.41,0.0,0.0,0.0,0.0,0.0,0.0,0.0,0.0,2018-02-01,0.0,0.0,0.0
2018,2,U.N. AGRARIA DE LA SELVA,263.6,0.0,0.0,0.0,263.6,0.0,0.0,0.0,0.0,0.0,0.0,0.0,0.0,2018-02-01,0.0,0.0,0.0
2018,2,U.N. AGRARIA LA MOLINA,3725.19,0.0,0.0,0.0,3725.19,0.0,0.0,0.0,0.0,0.0,0.0,0.0,0.0,2018-02-01,0.0,0.0,0.0
2018,2,U.N. AMAZONICA DE MADRE DE DIOS,360.05,0.0,0.0,0.0,360.05,0.0,0.0,0.0,0.0,0.0,0.0,0.0,0.0,2018-02-01,0.0,0.0,0.0
2018,2,U.N. AUTONOMA DE ALTO AMAZONAS,8.88,0.0,0.0,34.23,43.11,0.0,0.0,0.0,0.0,0.0,0.0,0.0,0.0,2018-02-01,0.0,0.0,0.0
2018,2,U.N. AUTONOMA DE CHOTA,16804.55,0.0,0.0,0.0,16804.55,0.0,0.0,0.0,0.0,0.0,0.0,0.0,0.0,2018-02-01,0.0,0.0,0.0
2018,2,U.N. AUTÓNOMA DE HUANTA,4843.7,0.0,0.0,0.0,4843.7,0.0,0.0,0.0,0.0,0.0,0.0,0.0,0.0,2018-02-01,0.0,0.0,0.0
2018,2,U.N. CIRO ALEGRIA,91699.23,0.0,0.0,0.0,91699.23,0.0,0.0,0.0,0.0,0.0,0.0,0.0,0.0,2018-02-01,0.0,0.0,0.0
2018,2,U.N. DANIEL ALCIDES CARRION,19749.07,0.0,0.0,0.0,19749.07,0.0,0.0,0.0,0.0,0.0,0.0,0.0,0.0,2018-02-01,0.0,0.0,0.0
2018,2,U.N. DE BARRANCA,79148.75,0.0,0.0,0.0,79148.75,0.0,0.0,0.0,0.0,0.0,0.0,0.0,0.0,2018-02-01,0.0,0.0,0.0
2018,2,U.N. DE CAJAMARCA,39284.91,0.0,0.0,0.0,39284.91,0.0,0.0,0.0,0.0,0.0,0.0,0.0,0.0,2018-02-01,0.0,0.0,0.0
2018,2,U.N. DE CAÑETE,76597.57,0.0,0.0,0.0,76597.57,0.0,0.0,0.0,0.0,0.0,0.0,0.0,0.0,2018-02-01,0.0,0.0,0.0
2018,2,U.N. DE EDUCACION ENRIQUE GUZMAN Y VALLE,4236.01,0.0,0.0,0.0,4236.01,0.0,0.0,0.0,0.0,0.0,0.0,0.0,0.0,2018-02-01,0.0,0.0,0.0
2018,2,U.N. DE FRONTERA,6953.1900000000005,0.0,0.0,946996.25,953949.44,0.0,0.0,0.0,0.0,0.0,0.0,0.0,0.0,2018-02-01,0.0,0.0,0.0
2018,2,U.N. DE HUANCAVELICA,169484.48,0.0,0.0,0.0,169484.48,0.0,0.0,0.0,0.0,0.0,0.0,0.0,0.0,2018-02-01,0.0,0.0,0.0
2018,2,U.N. DE INGENIERIA,3639.71,0.0,0.0,0.0,3639.71,0.0,0.0,0.0,0.0,0.0,0.0,0.0,0.0,2018-02-01,0.0,0.0,0.0
2018,2,U.N. DE JAEN,55814.43000000001,0.0,0.0,0.0,55814.43000000001,0.0,0.0,0.0,0.0,0.0,0.0,0.0,0.0,2018-02-01,0.0,0.0,0.0
2018,2,U.N. DE JULIACA,24812.96,0.0,0.0,0.0,24812.96,0.0,0.0,0.0,0.0,0.0,0.0,0.0,0.0,2018-02-01,0.0,0.0,0.0
2018,2,U.N. DE LA AMAZONIA PERUANA,40.67,0.0,0.0,452539.91,452580.58,0.0,0.0,0.0,0.0,0.0,0.0,0.0,0.0,2018-02-01,0.0,0.0,0.0
2018,2,U.N. DE MOQUEGUA,46869.99,0.0,0.0,0.0,46869.99,0.0,0.0,0.0,0.0,0.0,0.0,0.0,0.0,2018-02-01,0.0,0.0,0.0
2018,2,U.N. DE PIURA,6048.54,0.0,0.0,840013.4600000001,846062.0000000001,0.0,0.0,0.0,0.0,0.0,0.0,0.0,0.0,2018-02-01,0.0,0.0,0.0
2018,2,U.N. DE SAN AGUSTIN,158972.76,0.0,0.0,0.0,158972.76,0.0,0.0,0.0,0.0,0.0,0.0,0.0,0.0,2018-02-01,0.0,0.0,0.0
2018,2,U.N. DE SAN ANTONIO ABAD DEL CUSCO,3645074.14,0.0,0.0,0.0,3645074.14,0.0,0.0,0.0,0.0,0.0,0.0,0.0,0.0,2018-02-01,0.0,0.0,0.0
2018,2,U.N. DE SAN MARTIN,4648.59,0.0,0.0,0.0,4648.59,0.0,0.0,0.0,0.0,0.0,0.0,0.0,0.0,2018-02-01,0.0,0.0,0.0
2018,2,U.N. DE TRUJILLO,72162.51,0.0,0.0,0.0,72162.51,0.0,0.0,0.0,0.0,0.0,0.0,0.0,0.0,2018-02-01,0.0,0.0,0.0
2018,2,U.N. DE TUMBES,22.48,0.0,0.0,435632.55,435655.03,0.0,0.0,0.0,0.0,0.0,0.0,0.0,0.0,2018-02-01,0.0,0.0,0.0
2018,2,U.N. DE UCAYALI,8.39,0.0,0.0,109050.79,109059.18,0.0,0.0,0.0,0.0,0.0,0.0,0.0,0.0,2018-02-01,0.0,0.0,0.0
2018,2,U.N. DEL ALTIPLANO,27503.3,0.0,0.0,0.0,27503.3,0.0,0.0,0.0,0.0,0.0,0.0,0.0,0.0,2018-02-01,0.0,0.0,0.0
2018,2,U.N. DEL CALLAO,21923.870000000003,0.0,0.0,0.0,21923.870000000003,0.0,0.0,0.0,0.0,0.0,0.0,0.0,0.0,2018-02-01,0.0,0.0,0.0
2018,2,U.N. DEL CENTRO DEL PERU,44597.29,0.0,0.0,0.0,44597.29,0.0,0.0,0.0,0.0,0.0,0.0,0.0,0.0,2018-02-01,0.0,0.0,0.0
2018,2,U.N. DEL SANTA,206465.1,0.0,0.0,0.0,206465.1,0.0,0.0,0.0,0.0,0.0,0.0,0.0,0.0,2018-02-01,0.0,0.0,0.0
2018,2,U.N. FEDERICO VILLARREAL,3999.58,0.0,0.0,0.0,3999.58,0.0,0.0,0.0,0.0,0.0,0.0,0.0,0.0,2018-02-01,0.0,0.0,0.0
2018,2,U.N. HERMILIO VALDIZAN,86.25999999999999,0.0,0.0,0.0,86.25999999999999,0.0,0.0,0.0,0.0,0.0,0.0,0.0,0.0,2018-02-01,0.0,0.0,0.0
2018,2,U.N. INTERCULTURAL DE LA AMAZONIA,29.2,0.0,0.0,108596.75,108625.95,0.0,0.0,0.0,0.0,0.0,0.0,0.0,0.0,2018-02-01,0.0,0.0,0.0
2018,2,U.N. INTERCULTURAL DE LA SELVA CENTRAL JUAN SANTOS ATAHUALPA,41674.45,0.0,0.0,0.0,41674.45,0.0,0.0,0.0,0.0,0.0,0.0,0.0,0.0,2018-02-01,0.0,0.0,0.0
2018,2,U.N. INTERCULTURAL DE QUILLABAMBA,3774656.84,0.0,0.0,0.0,3774656.84,0.0,0.0,0.0,0.0,0.0,0.0,0.0,0.0,2018-02-01,0.0,0.0,0.0
2018,2,U.N. INTERCULTURAL FABIOLA SALAZAR LEGUIA DE BAGUA,1.45,0.0,0.0,0.0,1.45,0.0,0.0,0.0,0.0,0.0,0.0,0.0,0.0,2018-02-01,0.0,0.0,0.0
2018,2,U.N. JORGE BASADRE GROHMANN,96011.97,0.0,0.0,0.0,96011.97,0.0,0.0,0.0,0.0,0.0,0.0,0.0,0.0,2018-02-01,0.0,0.0,0.0
2018,2,U.N. JOSE FAUSTINO SANCHEZ CARRION,82145.48999999999,0.0,0.0,0.0,82145.48999999999,0.0,0.0,0.0,0.0,0.0,0.0,0.0,0.0,2018-02-01,0.0,0.0,0.0
2018,2,U.N. JOSE MARIA ARGUEDAS,483.72,0.0,443069.13,0.0,443552.85,0.0,0.0,0.0,0.0,0.0,0.0,0.0,0.0,2018-02-01,0.0,0.0,0.0
2018,2,U.N. MAYOR DE SAN MARCOS,3687.9,0.0,0.0,0.0,3687.9,0.0,0.0,0.0,0.0,0.0,0.0,0.0,0.0,2018-02-01,0.0,0.0,0.0
2018,2,U.N. MICAELA BASTIDAS DE APURIMAC,308.15,0.0,444898.75,0.0,445206.9,0.0,0.0,0.0,0.0,0.0,0.0,0.0,0.0,2018-02-01,0.0,0.0,0.0
2018,2,U.N. PEDRO RUIZ GALLO,40.19,0.0,0.0,0.0,40.19,0.0,0.0,0.0,0.0,0.0,0.0,0.0,0.0,2018-02-01,0.0,0.0,0.0
2018,2,U.N. SAN CRISTOBAL DE HUAMANGA,3202.55,0.0,0.0,0.0,3202.55,0.0,0.0,0.0,0.0,0.0,0.0,0.0,0.0,2018-02-01,0.0,0.0,0.0
2018,2,U.N. SAN LUIS GONZAGA DE ICA,18817.01,0.0,0.0,0.0,18817.01,0.0,0.0,0.0,0.0,0.0,0.0,0.0,0.0,2018-02-01,0.0,0.0,0.0
2018,2,U.N. SANTIAGO ANTUNEZ DE MAYOLO,174187.4,0.0,0.0,0.0,174187.4,0.0,0.0,0.0,0.0,0.0,0.0,0.0,0.0,2018-02-01,0.0,0.0,0.0
2018,2,U.N. TECNOLOGICA DEL CONO SUR DE LIMA,3791.32,0.0,0.0,0.0,3791.32,0.0,0.0,0.0,0.0,0.0,0.0,0.0,0.0,2018-02-01,0.0,0.0,0.0
2018,2,U.N. TORIBIO RODRIGUEZ DE MENDOZA DE AMAZONAS,0.01,0.0,0.0,0.0,0.01,0.0,0.0,0.0,0.0,0.0,0.0,0.0,0.0,2018-02-01,0.0,0.0,0.0
2018,3, ,80631741.7,445222721.4,227519.3,34972744.29,561054726.6899999,143441480.14000002,23913454.42,167354934.56,3336868986.48,331894617.74,0.0994628854428322,0.1681380746332045,0.0994628854428322,2018-03-01,18.93562747762771,0.009892865580613962,0.01672349805582079
2018,3,GOBIERNO REGIONAL DE LA PROVINCIA CONSTITUCIONAL DEL CALLAO,83457.95,0.0,0.0,0.0,83457.95,0.0,0.0,0.0,0.0,0.0,0.0,0.0,0.0,2018-03-01,0.0,0.0,0.0
2018,3,GOBIERNO REGIONAL DEL DEPARTAMENTO DE AMAZONAS,217.9,0.0,0.0,0.0,217.9,0.0,0.0,0.0,0.0,0.0,0.0,0.0,0.0,2018-03-01,0.0,0.0,0.0
2018,3,GOBIERNO REGIONAL DEL DEPARTAMENTO DE ANCASH,804305.5,0.0,0.0,0.0,804305.5,0.0,0.0,0.0,0.0,0.0,0.0,0.0,0.0,2018-03-01,0.0,0.0,0.0
2018,3,GOBIERNO REGIONAL DEL DEPARTAMENTO DE APURIMAC,3340.73,0.0,33161.06,0.0,36501.79,0.0,0.0,0.0,0.0,0.0,0.0,0.0,0.0,2018-03-01,0.0,0.0,0.0
2018,3,GOBIERNO REGIONAL DEL DEPARTAMENTO DE AREQUIPA,146780.95,0.0,0.0,0.0,146780.95,0.0,0.0,0.0,0.0,0.0,0.0,0.0,0.0,2018-03-01,0.0,0.0,0.0
2018,3,GOBIERNO REGIONAL DEL DEPARTAMENTO DE AYACUCHO,34.58,0.0,0.0,0.0,34.58,0.0,0.0,0.0,0.0,0.0,0.0,0.0,0.0,2018-03-01,0.0,0.0,0.0
2018,3,GOBIERNO REGIONAL DEL DEPARTAMENTO DE CAJAMARCA,969901.48,0.0,0.0,0.0,969901.48,0.0,0.0,0.0,0.0,0.0,0.0,0.0,0.0,2018-03-01,0.0,0.0,0.0
2018,3,GOBIERNO REGIONAL DEL DEPARTAMENTO DE CUSCO,27044340.72,0.0,0.0,0.0,27044340.72,0.0,0.0,0.0,0.0,0.0,0.0,0.0,0.0,2018-03-01,0.0,0.0,0.0
2018,3,GOBIERNO REGIONAL DEL DEPARTAMENTO DE HUANCAVELICA,2138978.63,0.0,0.0,0.0,2138978.63,0.0,0.0,0.0,0.0,0.0,0.0,0.0,0.0,2018-03-01,0.0,0.0,0.0
2018,3,GOBIERNO REGIONAL DEL DEPARTAMENTO DE HUANUCO,1009.77,0.0,0.0,0.0,1009.77,0.0,0.0,0.0,0.0,0.0,0.0,0.0,0.0,2018-03-01,0.0,0.0,0.0
2018,3,GOBIERNO REGIONAL DEL DEPARTAMENTO DE ICA,80953.90000000001,0.0,0.0,0.0,80953.90000000001,0.0,0.0,0.0,0.0,0.0,0.0,0.0,0.0,2018-03-01,0.0,0.0,0.0
2018,3,GOBIERNO REGIONAL DEL DEPARTAMENTO DE JUNIN,420550.46,0.0,0.0,0.0,420550.46,0.0,0.0,0.0,0.0,0.0,0.0,0.0,0.0,2018-03-01,0.0,0.0,0.0
2018,3,GOBIERNO REGIONAL DEL DEPARTAMENTO DE LA LIBERTAD,147027.36,0.0,0.0,0.0,147027.36,0.0,0.0,0.0,0.0,0.0,0.0,0.0,0.0,2018-03-01,0.0,0.0,0.0
2018,3,GOBIERNO REGIONAL DEL DEPARTAMENTO DE LAMBAYEQUE,1.83,0.0,0.0,0.0,1.83,0.0,0.0,0.0,0.0,0.0,0.0,0.0,0.0,2018-03-01,0.0,0.0,0.0
2018,3,GOBIERNO REGIONAL DEL DEPARTAMENTO DE LIMA,873545.7200000001,0.0,0.0,0.0,873545.7200000001,0.0,0.0,0.0,0.0,0.0,0.0,0.0,0.0,2018-03-01,0.0,0.0,0.0
2018,3,GOBIERNO REGIONAL DEL DEPARTAMENTO DE LORETO,2400985.92,0.0,0.0,5027334.53,7428320.45,0.0,0.0,0.0,0.0,0.0,0.0,0.0,0.0,2018-03-01,0.0,0.0,0.0
2018,3,GOBIERNO REGIONAL DEL DEPARTAMENTO DE MADRE DE DIOS,82.48,0.0,0.0,0.0,82.48,0.0,0.0,0.0,0.0,0.0,0.0,0.0,0.0,2018-03-01,0.0,0.0,0.0
2018,3,GOBIERNO REGIONAL DEL DEPARTAMENTO DE MOQUEGUA,250084.83,0.0,0.0,0.0,250084.83,0.0,0.0,0.0,0.0,0.0,0.0,0.0,0.0,2018-03-01,0.0,0.0,0.0
2018,3,GOBIERNO REGIONAL DEL DEPARTAMENTO DE PASCO,40160.06,0.0,0.0,0.0,40160.06,0.0,0.0,0.0,0.0,0.0,0.0,0.0,0.0,2018-03-01,0.0,0.0,0.0
2018,3,GOBIERNO REGIONAL DEL DEPARTAMENTO DE PIURA,41743.16,0.0,0.0,8973479.41,9015222.57,0.0,0.0,0.0,0.0,0.0,0.0,0.0,0.0,2018-03-01,0.0,0.0,0.0
2018,3,GOBIERNO REGIONAL DEL DEPARTAMENTO DE PUNO,125084.05,0.0,0.0,0.0,125084.05,0.0,0.0,0.0,0.0,0.0,0.0,0.0,0.0,2018-03-01,0.0,0.0,0.0
2018,3,GOBIERNO REGIONAL DEL DEPARTAMENTO DE SAN MARTIN,18751.34,0.0,0.0,0.0,18751.34,0.0,0.0,0.0,0.0,0.0,0.0,0.0,0.0,2018-03-01,0.0,0.0,0.0
2018,3,GOBIERNO REGIONAL DEL DEPARTAMENTO DE TACNA,3516192.0,0.0,0.0,0.0,3516192.0,0.0,0.0,0.0,0.0,0.0,0.0,0.0,0.0,2018-03-01,0.0,0.0,0.0
2018,3,GOBIERNO REGIONAL DEL DEPARTAMENTO DE TUMBES,70.42,0.0,0.0,2981735.83,2981806.25,0.0,0.0,0.0,0.0,0.0,0.0,0.0,0.0,2018-03-01,0.0,0.0,0.0
2018,3,GOBIERNO REGIONAL DEL DEPARTAMENTO DE UCAYALI,520.58,0.0,0.0,1665032.39,1665552.97,0.0,0.0,0.0,0.0,0.0,0.0,0.0,0.0,2018-03-01,0.0,0.0,0.0
2018,3,INSTITUTO DE INVESTIGACIONES DE LA AMAZONIA PERUANA,0.0,0.0,0.0,260256.87,260256.87,0.0,0.0,0.0,0.0,0.0,0.0,0.0,0.0,2018-03-01,0.0,0.0,0.0
2018,3,MUNICIPALIDAD METROPOLITANA DE LIMA,130285.08,0.0,0.0,0.0,130285.08,0.0,0.0,0.0,0.0,0.0,0.0,0.0,0.0,2018-03-01,0.0,0.0,0.0
2018,3,U. N. AUTONOMA DE TAYACAJA DANIEL HERNANDEZ MORILLO,182030.46,0.0,0.0,0.0,182030.46,0.0,0.0,0.0,0.0,0.0,0.0,0.0,0.0,2018-03-01,0.0,0.0,0.0
2018,3,U. N. AUTÓNOMA ALTOANDINA DE TARMA,42415.3,0.0,0.0,0.0,42415.3,0.0,0.0,0.0,0.0,0.0,0.0,0.0,0.0,2018-03-01,0.0,0.0,0.0
2018,3,U.N. AGRARIA DE LA SELVA,231.04,0.0,0.0,0.0,231.04,0.0,0.0,0.0,0.0,0.0,0.0,0.0,0.0,2018-03-01,0.0,0.0,0.0
2018,3,U.N. AGRARIA LA MOLINA,3721.16,0.0,0.0,0.0,3721.16,0.0,0.0,0.0,0.0,0.0,0.0,0.0,0.0,2018-03-01,0.0,0.0,0.0
2018,3,U.N. AMAZONICA DE MADRE DE DIOS,361.66,0.0,0.0,0.0,361.66,0.0,0.0,0.0,0.0,0.0,0.0,0.0,0.0,2018-03-01,0.0,0.0,0.0
2018,3,U.N. AUTONOMA DE ALTO AMAZONAS,8.92,0.0,0.0,33.19,42.11,0.0,0.0,0.0,0.0,0.0,0.0,0.0,0.0,2018-03-01,0.0,0.0,0.0
2018,3,U.N. AUTONOMA DE CHOTA,16143.13,0.0,0.0,0.0,16143.13,0.0,0.0,0.0,0.0,0.0,0.0,0.0,0.0,2018-03-01,0.0,0.0,0.0
2018,3,U.N. AUTÓNOMA DE HUANTA,4865.27,0.0,0.0,0.0,4865.27,0.0,0.0,0.0,0.0,0.0,0.0,0.0,0.0,2018-03-01,0.0,0.0,0.0
2018,3,U.N. CIRO ALEGRIA,92054.52,0.0,0.0,0.0,92054.52,0.0,0.0,0.0,0.0,0.0,0.0,0.0,0.0,2018-03-01,0.0,0.0,0.0
2018,3,U.N. DANIEL ALCIDES CARRION,19811.19,0.0,0.0,0.0,19811.19,0.0,0.0,0.0,0.0,0.0,0.0,0.0,0.0,2018-03-01,0.0,0.0,0.0
2018,3,U.N. DE BARRANCA,79134.81,0.0,0.0,0.0,79134.81,0.0,0.0,0.0,0.0,0.0,0.0,0.0,0.0,2018-03-01,0.0,0.0,0.0
2018,3,U.N. DE CAJAMARCA,39185.53,0.0,0.0,0.0,39185.53,0.0,0.0,0.0,0.0,0.0,0.0,0.0,0.0,2018-03-01,0.0,0.0,0.0
2018,3,U.N. DE CAÑETE,76743.16,0.0,0.0,0.0,76743.16,0.0,0.0,0.0,0.0,0.0,0.0,0.0,0.0,2018-03-01,0.0,0.0,0.0
2018,3,U.N. DE EDUCACION ENRIQUE GUZMAN Y VALLE,4244.02,0.0,0.0,0.0,4244.02,0.0,0.0,0.0,0.0,0.0,0.0,0.0,0.0,2018-03-01,0.0,0.0,0.0
2018,3,U.N. DE FRONTERA,6975.800000000001,0.0,0.0,866742.69,873718.49,0.0,0.0,0.0,0.0,0.0,0.0,0.0,0.0,2018-03-01,0.0,0.0,0.0
2018,3,U.N. DE HUANCAVELICA,169689.55000000002,0.0,0.0,0.0,169689.55000000002,0.0,0.0,0.0,0.0,0.0,0.0,0.0,0.0,2018-03-01,0.0,0.0,0.0
2018,3,U.N. DE INGENIERIA,3640.47,0.0,0.0,0.0,3640.47,0.0,0.0,0.0,0.0,0.0,0.0,0.0,0.0,2018-03-01,0.0,0.0,0.0
2018,3,U.N. DE JAEN,56030.51,0.0,0.0,0.0,56030.51,0.0,0.0,0.0,0.0,0.0,0.0,0.0,0.0,2018-03-01,0.0,0.0,0.0
2018,3,U.N. DE JULIACA,23796.44,0.0,0.0,0.0,23796.44,0.0,0.0,0.0,0.0,0.0,0.0,0.0,0.0,2018-03-01,0.0,0.0,0.0
2018,3,U.N. DE LA AMAZONIA PERUANA,40.85,0.0,0.0,290865.14,290905.99,0.0,0.0,0.0,0.0,0.0,0.0,0.0,0.0,2018-03-01,0.0,0.0,0.0
2018,3,U.N. DE MOQUEGUA,44125.64,0.0,0.0,0.0,44125.64,0.0,0.0,0.0,0.0,0.0,0.0,0.0,0.0,2018-03-01,0.0,0.0,0.0
2018,3,U.N. DE PIURA,6067.150000000001,0.0,0.0,758518.19,764585.34,0.0,0.0,0.0,0.0,0.0,0.0,0.0,0.0,2018-03-01,0.0,0.0,0.0
2018,3,U.N. DE SAN AGUSTIN,158703.98,0.0,0.0,0.0,158703.98,0.0,0.0,0.0,0.0,0.0,0.0,0.0,0.0,2018-03-01,0.0,0.0,0.0
2018,3,U.N. DE SAN ANTONIO ABAD DEL CUSCO,2422131.22,0.0,0.0,0.0,2422131.22,0.0,0.0,0.0,0.0,0.0,0.0,0.0,0.0,2018-03-01,0.0,0.0,0.0
2018,3,U.N. DE SAN MARTIN,4598.75,0.0,0.0,0.0,4598.75,0.0,0.0,0.0,0.0,0.0,0.0,0.0,0.0,2018-03-01,0.0,0.0,0.0
2018,3,U.N. DE TRUJILLO,72389.8,0.0,0.0,0.0,72389.8,0.0,0.0,0.0,0.0,0.0,0.0,0.0,0.0,2018-03-01,0.0,0.0,0.0
2018,3,U.N. DE TUMBES,22.58,0.0,0.0,508165.78,508188.36,0.0,0.0,0.0,0.0,0.0,0.0,0.0,0.0,2018-03-01,0.0,0.0,0.0
2018,3,U.N. DE UCAYALI,8.42,0.0,0.0,98158.76,98167.18,0.0,0.0,0.0,0.0,0.0,0.0,0.0,0.0,2018-03-01,0.0,0.0,0.0
2018,3,U.N. DEL ALTIPLANO,27515.95,0.0,0.0,0.0,27515.95,0.0,0.0,0.0,0.0,0.0,0.0,0.0,0.0,2018-03-01,0.0,0.0,0.0
2018,3,U.N. DEL CALLAO,21984.29,0.0,0.0,0.0,21984.29,0.0,0.0,0.0,0.0,0.0,0.0,0.0,0.0,2018-03-01,0.0,0.0,0.0
2018,3,U.N. DEL CENTRO DEL PERU,44690.12,0.0,0.0,0.0,44690.12,0.0,0.0,0.0,0.0,0.0,0.0,0.0,0.0,2018-03-01,0.0,0.0,0.0
2018,3,U.N. DEL SANTA,206275.78,0.0,0.0,0.0,206275.78,0.0,0.0,0.0,0.0,0.0,0.0,0.0,0.0,2018-03-01,0.0,0.0,0.0
2018,3,U.N. FEDERICO VILLARREAL,4006.53,0.0,0.0,0.0,4006.53,0.0,0.0,0.0,0.0,0.0,0.0,0.0,0.0,2018-03-01,0.0,0.0,0.0
2018,3,U.N. HERMILIO VALDIZAN,52.62,0.0,0.0,0.0,52.62,0.0,0.0,0.0,0.0,0.0,0.0,0.0,0.0,2018-03-01,0.0,0.0,0.0
2018,3,U.N. INTERCULTURAL DE LA AMAZONIA,29.33,0.0,0.0,97969.78,97999.11,0.0,0.0,0.0,0.0,0.0,0.0,0.0,0.0,2018-03-01,0.0,0.0,0.0
2018,3,U.N. INTERCULTURAL DE LA SELVA CENTRAL JUAN SANTOS ATAHUALPA,41747.89000000001,0.0,0.0,0.0,41747.89000000001,0.0,0.0,0.0,0.0,0.0,0.0,0.0,0.0,2018-03-01,0.0,0.0,0.0
2018,3,U.N. INTERCULTURAL DE QUILLABAMBA,2556819.52,0.0,0.0,0.0,2556819.52,0.0,0.0,0.0,0.0,0.0,0.0,0.0,0.0,2018-03-01,0.0,0.0,0.0
2018,3,U.N. INTERCULTURAL FABIOLA SALAZAR LEGUIA DE BAGUA,1.46,0.0,0.0,0.0,1.46,0.0,0.0,0.0,0.0,0.0,0.0,0.0,0.0,2018-03-01,0.0,0.0,0.0
2018,3,U.N. JORGE BASADRE GROHMANN,96359.19,0.0,0.0,0.0,96359.19,0.0,0.0,0.0,0.0,0.0,0.0,0.0,0.0,2018-03-01,0.0,0.0,0.0
2018,3,U.N. JOSE FAUSTINO SANCHEZ CARRION,82152.58,0.0,0.0,0.0,82152.58,0.0,0.0,0.0,0.0,0.0,0.0,0.0,0.0,2018-03-01,0.0,0.0,0.0
2018,3,U.N. JOSE MARIA ARGUEDAS,485.87,0.0,12036.03,0.0,12521.9,0.0,0.0,0.0,0.0,0.0,0.0,0.0,0.0,2018-03-01,0.0,0.0,0.0
2018,3,U.N. MAYOR DE SAN MARCOS,3652.92,0.0,0.0,0.0,3652.92,0.0,0.0,0.0,0.0,0.0,0.0,0.0,0.0,2018-03-01,0.0,0.0,0.0
2018,3,U.N. MICAELA BASTIDAS DE APURIMAC,253.47,0.0,14467.67,0.0,14721.14,0.0,0.0,0.0,0.0,0.0,0.0,0.0,0.0,2018-03-01,0.0,0.0,0.0
2018,3,U.N. PEDRO RUIZ GALLO,40.37,0.0,0.0,0.0,40.37,0.0,0.0,0.0,0.0,0.0,0.0,0.0,0.0,2018-03-01,0.0,0.0,0.0
2018,3,U.N. SAN CRISTOBAL DE HUAMANGA,3105.67,0.0,0.0,0.0,3105.67,0.0,0.0,0.0,0.0,0.0,0.0,0.0,0.0,2018-03-01,0.0,0.0,0.0
2018,3,U.N. SAN LUIS GONZAGA DE ICA,18656.18,0.0,0.0,0.0,18656.18,0.0,0.0,0.0,0.0,0.0,0.0,0.0,0.0,2018-03-01,0.0,0.0,0.0
2018,3,U.N. SANTIAGO ANTUNEZ DE MAYOLO,173607.05,0.0,0.0,0.0,173607.05,0.0,0.0,0.0,0.0,0.0,0.0,0.0,0.0,2018-03-01,0.0,0.0,0.0
2018,3,U.N. TECNOLOGICA DEL CONO SUR DE LIMA,3789.49,0.0,0.0,0.0,3789.49,0.0,0.0,0.0,0.0,0.0,0.0,0.0,0.0,2018-03-01,0.0,0.0,0.0
2018,3,U.N. TORIBIO RODRIGUEZ DE MENDOZA DE AMAZONAS,0.01,0.0,0.0,0.0,0.01,0.0,0.0,0.0,0.0,0.0,0.0,0.0,0.0,2018-03-01,0.0,0.0,0.0
2018,4, ,116999760.54,437815191.0,22882261.63,39120557.91,616817771.0799999,121744610.89,22894476.76,144639087.65,2235210234.82,256619560.64,0.1148077959926956,0.2759551479638208,0.1148077959926956,2018-04-01,18.789752153772472,0.013180830020700411,0.03168180233056447
2018,4,GOBIERNO REGIONAL DE LA PROVINCIA CONSTITUCIONAL DEL CALLAO,298213.61,0.0,0.0,0.0,298213.61,0.0,0.0,0.0,0.0,0.0,0.0,0.0,0.0,2018-04-01,0.0,0.0,0.0
2018,4,GOBIERNO REGIONAL DEL DEPARTAMENTO DE AMAZONAS,222.59,0.0,0.0,0.0,222.59,0.0,0.0,0.0,0.0,0.0,0.0,0.0,0.0,2018-04-01,0.0,0.0,0.0
2018,4,GOBIERNO REGIONAL DEL DEPARTAMENTO DE ANCASH,975351.44,0.0,0.0,0.0,975351.44,0.0,0.0,0.0,0.0,0.0,0.0,0.0,0.0,2018-04-01,0.0,0.0,0.0
2018,4,GOBIERNO REGIONAL DEL DEPARTAMENTO DE APURIMAC,3404.18,0.0,21194047.51,0.0,21197451.69,0.0,0.0,0.0,0.0,0.0,0.0,0.0,0.0,2018-04-01,0.0,0.0,0.0
2018,4,GOBIERNO REGIONAL DEL DEPARTAMENTO DE AREQUIPA,3272501.35,0.0,0.0,0.0,3272501.35,0.0,0.0,0.0,0.0,0.0,0.0,0.0,0.0,2018-04-01,0.0,0.0,0.0
2018,4,GOBIERNO REGIONAL DEL DEPARTAMENTO DE AYACUCHO,32.86,0.0,0.0,0.0,32.86,0.0,0.0,0.0,0.0,0.0,0.0,0.0,0.0,2018-04-01,0.0,0.0,0.0
2018,4,GOBIERNO REGIONAL DEL DEPARTAMENTO DE CAJAMARCA,733448.4500000001,0.0,0.0,0.0,733448.4500000001,0.0,0.0,0.0,0.0,0.0,0.0,0.0,0.0,2018-04-01,0.0,0.0,0.0
2018,4,GOBIERNO REGIONAL DEL DEPARTAMENTO DE CUSCO,31833399.36,0.0,0.0,0.0,31833399.36,0.0,0.0,0.0,0.0,0.0,0.0,0.0,0.0,2018-04-01,0.0,0.0,0.0
2018,4,GOBIERNO REGIONAL DEL DEPARTAMENTO DE HUANCAVELICA,1343639.0,0.0,0.0,0.0,1343639.0,0.0,0.0,0.0,0.0,0.0,0.0,0.0,0.0,2018-04-01,0.0,0.0,0.0
2018,4,GOBIERNO REGIONAL DEL DEPARTAMENTO DE HUANUCO,1031.55,0.0,0.0,0.0,1031.55,0.0,0.0,0.0,0.0,0.0,0.0,0.0,0.0,2018-04-01,0.0,0.0,0.0
2018,4,GOBIERNO REGIONAL DEL DEPARTAMENTO DE ICA,9661917.55,0.0,0.0,0.0,9661917.55,0.0,0.0,0.0,0.0,0.0,0.0,0.0,0.0,2018-04-01,0.0,0.0,0.0
2018,4,GOBIERNO REGIONAL DEL DEPARTAMENTO DE JUNIN,420549.0999999999,0.0,0.0,0.0,420549.0999999999,0.0,0.0,0.0,0.0,0.0,0.0,0.0,0.0,2018-04-01,0.0,0.0,0.0
2018,4,GOBIERNO REGIONAL DEL DEPARTAMENTO DE LA LIBERTAD,383005.6,0.0,0.0,0.0,383005.6,0.0,0.0,0.0,0.0,0.0,0.0,0.0,0.0,2018-04-01,0.0,0.0,0.0
2018,4,GOBIERNO REGIONAL DEL DEPARTAMENTO DE LAMBAYEQUE,1.87,0.0,0.0,0.0,1.87,0.0,0.0,0.0,0.0,0.0,0.0,0.0,0.0,2018-04-01,0.0,0.0,0.0
2018,4,GOBIERNO REGIONAL DEL DEPARTAMENTO DE LIMA,985914.03,0.0,0.0,0.0,985914.03,0.0,0.0,0.0,0.0,0.0,0.0,0.0,0.0,2018-04-01,0.0,0.0,0.0
2018,4,GOBIERNO REGIONAL DEL DEPARTAMENTO DE LORETO,3681007.18,0.0,0.0,6457541.9,10138549.08,0.0,0.0,0.0,0.0,0.0,0.0,0.0,0.0,2018-04-01,0.0,0.0,0.0
2018,4,GOBIERNO REGIONAL DEL DEPARTAMENTO DE MADRE DE DIOS,84.28,0.0,0.0,0.0,84.28,0.0,0.0,0.0,0.0,0.0,0.0,0.0,0.0,2018-04-01,0.0,0.0,0.0
2018,4,GOBIERNO REGIONAL DEL DEPARTAMENTO DE MOQUEGUA,65376.68,0.0,0.0,0.0,65376.68,0.0,0.0,0.0,0.0,0.0,0.0,0.0,0.0,2018-04-01,0.0,0.0,0.0
2018,4,GOBIERNO REGIONAL DEL DEPARTAMENTO DE PASCO,40158.06,0.0,0.0,0.0,40158.06,0.0,0.0,0.0,0.0,0.0,0.0,0.0,0.0,2018-04-01,0.0,0.0,0.0
2018,4,GOBIERNO REGIONAL DEL DEPARTAMENTO DE PIURA,351820.48,0.0,0.0,8958070.11,9309890.59,0.0,0.0,0.0,0.0,0.0,0.0,0.0,0.0,2018-04-01,0.0,0.0,0.0
2018,4,GOBIERNO REGIONAL DEL DEPARTAMENTO DE PUNO,123097.30999999998,0.0,0.0,0.0,123097.30999999998,0.0,0.0,0.0,0.0,0.0,0.0,0.0,0.0,2018-04-01,0.0,0.0,0.0
2018,4,GOBIERNO REGIONAL DEL DEPARTAMENTO DE SAN MARTIN,18813.52,0.0,0.0,0.0,18813.52,0.0,0.0,0.0,0.0,0.0,0.0,0.0,0.0,2018-04-01,0.0,0.0,0.0
2018,4,GOBIERNO REGIONAL DEL DEPARTAMENTO DE TACNA,66244.36,0.0,0.0,0.0,66244.36,0.0,0.0,0.0,0.0,0.0,0.0,0.0,0.0,2018-04-01,0.0,0.0,0.0
2018,4,GOBIERNO REGIONAL DEL DEPARTAMENTO DE TUMBES,71.94,0.0,0.0,3217791.97,3217863.91,0.0,0.0,0.0,0.0,0.0,0.0,0.0,0.0,2018-04-01,0.0,0.0,0.0
2018,4,GOBIERNO REGIONAL DEL DEPARTAMENTO DE UCAYALI,531.81,0.0,0.0,1626527.24,1627059.05,0.0,0.0,0.0,0.0,0.0,0.0,0.0,0.0,2018-04-01,0.0,0.0,0.0
2018,4,INSTITUTO DE INVESTIGACIONES DE LA AMAZONIA PERUANA,0.0,0.0,0.0,357549.16,357549.16,0.0,0.0,0.0,0.0,0.0,0.0,0.0,0.0,2018-04-01,0.0,0.0,0.0
2018,4,MUNICIPALIDAD METROPOLITANA DE LIMA,133461.4,0.0,0.0,0.0,133461.4,0.0,0.0,0.0,0.0,0.0,0.0,0.0,0.0,2018-04-01,0.0,0.0,0.0
2018,4,U. N. AUTONOMA DE TAYACAJA DANIEL HERNANDEZ MORILLO,182564.39,0.0,0.0,0.0,182564.39,0.0,0.0,0.0,0.0,0.0,0.0,0.0,0.0,2018-04-01,0.0,0.0,0.0
2018,4,U. N. AUTÓNOMA ALTOANDINA DE TARMA,41243.41,0.0,0.0,0.0,41243.41,0.0,0.0,0.0,0.0,0.0,0.0,0.0,0.0,2018-04-01,0.0,0.0,0.0
2018,4,U.N. AGRARIA DE LA SELVA,234.42,0.0,0.0,0.0,234.42,0.0,0.0,0.0,0.0,0.0,0.0,0.0,0.0,2018-04-01,0.0,0.0,0.0
2018,4,U.N. AGRARIA LA MOLINA,3806.81,0.0,0.0,0.0,3806.81,0.0,0.0,0.0,0.0,0.0,0.0,0.0,0.0,2018-04-01,0.0,0.0,0.0
2018,4,U.N. AMAZONICA DE MADRE DE DIOS,369.46,0.0,0.0,0.0,369.46,0.0,0.0,0.0,0.0,0.0,0.0,0.0,0.0,2018-04-01,0.0,0.0,0.0
2018,4,U.N. AUTONOMA DE ALTO AMAZONAS,9.11,0.0,0.0,13.84,22.95,0.0,0.0,0.0,0.0,0.0,0.0,0.0,0.0,2018-04-01,0.0,0.0,0.0
2018,4,U.N. AUTONOMA DE CHOTA,16253.98,0.0,0.0,0.0,16253.98,0.0,0.0,0.0,0.0,0.0,0.0,0.0,0.0,2018-04-01,0.0,0.0,0.0
2018,4,U.N. AUTÓNOMA DE HUANTA,4970.2,0.0,0.0,0.0,4970.2,0.0,0.0,0.0,0.0,0.0,0.0,0.0,0.0,2018-04-01,0.0,0.0,0.0
2018,4,U.N. CIRO ALEGRIA,123043.82,0.0,0.0,0.0,123043.82,0.0,0.0,0.0,0.0,0.0,0.0,0.0,0.0,2018-04-01,0.0,0.0,0.0
2018,4,U.N. DANIEL ALCIDES CARRION,20065.58,0.0,0.0,0.0,20065.58,0.0,0.0,0.0,0.0,0.0,0.0,0.0,0.0,2018-04-01,0.0,0.0,0.0
2018,4,U.N. DE BARRANCA,88667.02,0.0,0.0,0.0,88667.02,0.0,0.0,0.0,0.0,0.0,0.0,0.0,0.0,2018-04-01,0.0,0.0,0.0
2018,4,U.N. DE CAJAMARCA,39635.61,0.0,0.0,0.0,39635.61,0.0,0.0,0.0,0.0,0.0,0.0,0.0,0.0,2018-04-01,0.0,0.0,0.0
2018,4,U.N. DE CAÑETE,86246.94,0.0,0.0,0.0,86246.94,0.0,0.0,0.0,0.0,0.0,0.0,0.0,0.0,2018-04-01,0.0,0.0,0.0
2018,4,U.N. DE EDUCACION ENRIQUE GUZMAN Y VALLE,4347.41,0.0,0.0,0.0,4347.41,0.0,0.0,0.0,0.0,0.0,0.0,0.0,0.0,2018-04-01,0.0,0.0,0.0
2018,4,U.N. DE FRONTERA,45780.03,0.0,0.0,938889.34,984669.37,0.0,0.0,0.0,0.0,0.0,0.0,0.0,0.0,2018-04-01,0.0,0.0,0.0
2018,4,U.N. DE HUANCAVELICA,169879.91,0.0,0.0,0.0,169879.91,0.0,0.0,0.0,0.0,0.0,0.0,0.0,0.0,2018-04-01,0.0,0.0,0.0
2018,4,U.N. DE INGENIERIA,3730.83,0.0,0.0,0.0,3730.83,0.0,0.0,0.0,0.0,0.0,0.0,0.0,0.0,2018-04-01,0.0,0.0,0.0
2018,4,U.N. DE JAEN,57024.44,0.0,0.0,0.0,57024.44,0.0,0.0,0.0,0.0,0.0,0.0,0.0,0.0,2018-04-01,0.0,0.0,0.0
2018,4,U.N. DE JULIACA,23917.82,0.0,0.0,0.0,23917.82,0.0,0.0,0.0,0.0,0.0,0.0,0.0,0.0,2018-04-01,0.0,0.0,0.0
2018,4,U.N. DE LA AMAZONIA PERUANA,41.73,0.0,0.0,438116.59,438158.32,0.0,0.0,0.0,0.0,0.0,0.0,0.0,0.0,2018-04-01,0.0,0.0,0.0
2018,4,U.N. DE MOQUEGUA,51710.65,0.0,0.0,0.0,51710.65,0.0,0.0,0.0,0.0,0.0,0.0,0.0,0.0,2018-04-01,0.0,0.0,0.0
2018,4,U.N. DE PIURA,44851.78,0.0,0.0,827764.9700000001,872616.7500000001,0.0,0.0,0.0,0.0,0.0,0.0,0.0,0.0,2018-04-01,0.0,0.0,0.0
2018,4,U.N. DE SAN AGUSTIN,164956.16999999998,0.0,0.0,0.0,164956.16999999998,0.0,0.0,0.0,0.0,0.0,0.0,0.0,0.0,2018-04-01,0.0,0.0,0.0
2018,4,U.N. DE SAN ANTONIO ABAD DEL CUSCO,3467530.34,0.0,0.0,0.0,3467530.34,0.0,0.0,0.0,0.0,0.0,0.0,0.0,0.0,2018-04-01,0.0,0.0,0.0
2018,4,U.N. DE SAN MARTIN,4612.450000000001,0.0,0.0,0.0,4612.450000000001,0.0,0.0,0.0,0.0,0.0,0.0,0.0,0.0,2018-04-01,0.0,0.0,0.0
2018,4,U.N. DE TRUJILLO,101825.19,0.0,0.0,0.0,101825.19,0.0,0.0,0.0,0.0,0.0,0.0,0.0,0.0,2018-04-01,0.0,0.0,0.0
2018,4,U.N. DE TUMBES,23.07,0.0,0.0,550282.82,550305.8899999999,0.0,0.0,0.0,0.0,0.0,0.0,0.0,0.0,2018-04-01,0.0,0.0,0.0
2018,4,U.N. DE UCAYALI,8.61,0.0,0.0,106244.17,106252.78,0.0,0.0,0.0,0.0,0.0,0.0,0.0,0.0,2018-04-01,0.0,0.0,0.0
2018,4,U.N. DEL ALTIPLANO,27760.39,0.0,0.0,0.0,27760.39,0.0,0.0,0.0,0.0,0.0,0.0,0.0,0.0,2018-04-01,0.0,0.0,0.0
2018,4,U.N. DEL CALLAO,75697.34,0.0,0.0,0.0,75697.34,0.0,0.0,0.0,0.0,0.0,0.0,0.0,0.0,2018-04-01,0.0,0.0,0.0
2018,4,U.N. DEL CENTRO DEL PERU,44945.92,0.0,0.0,0.0,44945.92,0.0,0.0,0.0,0.0,0.0,0.0,0.0,0.0,2018-04-01,0.0,0.0,0.0
2018,4,U.N. DEL SANTA,230990.34000000003,0.0,0.0,0.0,230990.34000000003,0.0,0.0,0.0,0.0,0.0,0.0,0.0,0.0,2018-04-01,0.0,0.0,0.0
2018,4,U.N. FEDERICO VILLARREAL,4104.79,0.0,0.0,0.0,4104.79,0.0,0.0,0.0,0.0,0.0,0.0,0.0,0.0,2018-04-01,0.0,0.0,0.0
2018,4,U.N. HERMILIO VALDIZAN,11.56,0.0,0.0,0.0,11.56,0.0,0.0,0.0,0.0,0.0,0.0,0.0,0.0,2018-04-01,0.0,0.0,0.0
2018,4,U.N. INTERCULTURAL DE LA AMAZONIA,29.97,0.0,0.0,106091.03,106121.0,0.0,0.0,0.0,0.0,0.0,0.0,0.0,0.0,2018-04-01,0.0,0.0,0.0
2018,4,U.N. INTERCULTURAL DE LA SELVA CENTRAL JUAN SANTOS ATAHUALPA,41779.030000000006,0.0,0.0,0.0,41779.030000000006,0.0,0.0,0.0,0.0,0.0,0.0,0.0,0.0,2018-04-01,0.0,0.0,0.0
2018,4,U.N. INTERCULTURAL DE QUILLABAMBA,3610222.0,0.0,0.0,0.0,3610222.0,0.0,0.0,0.0,0.0,0.0,0.0,0.0,0.0,2018-04-01,0.0,0.0,0.0
2018,4,U.N. INTERCULTURAL FABIOLA SALAZAR LEGUIA DE BAGUA,1.49,0.0,0.0,0.0,1.49,0.0,0.0,0.0,0.0,0.0,0.0,0.0,0.0,2018-04-01,0.0,0.0,0.0
2018,4,U.N. JORGE BASADRE GROHMANN,98312.07,0.0,0.0,0.0,98312.07,0.0,0.0,0.0,0.0,0.0,0.0,0.0,0.0,2018-04-01,0.0,0.0,0.0
2018,4,U.N. JOSE FAUSTINO SANCHEZ CARRION,89976.86,0.0,0.0,0.0,89976.86,0.0,0.0,0.0,0.0,0.0,0.0,0.0,0.0,2018-04-01,0.0,0.0,0.0
2018,4,U.N. JOSE MARIA ARGUEDAS,496.36,0.0,720579.6,0.0,721075.96,0.0,0.0,0.0,0.0,0.0,0.0,0.0,0.0,2018-04-01,0.0,0.0,0.0
2018,4,U.N. MAYOR DE SAN MARCOS,3743.11,0.0,0.0,0.0,3743.11,0.0,0.0,0.0,0.0,0.0,0.0,0.0,0.0,2018-04-01,0.0,0.0,0.0
2018,4,U.N. MICAELA BASTIDAS DE APURIMAC,258.73,0.0,723188.73,0.0,723447.46,0.0,0.0,0.0,0.0,0.0,0.0,0.0,0.0,2018-04-01,0.0,0.0,0.0
2018,4,U.N. PEDRO RUIZ GALLO,41.25,0.0,0.0,0.0,41.25,0.0,0.0,0.0,0.0,0.0,0.0,0.0,0.0,2018-04-01,0.0,0.0,0.0
2018,4,U.N. SAN CRISTOBAL DE HUAMANGA,3151.01,0.0,0.0,0.0,3151.01,0.0,0.0,0.0,0.0,0.0,0.0,0.0,0.0,2018-04-01,0.0,0.0,0.0
2018,4,U.N. SAN LUIS GONZAGA DE ICA,78954.97,0.0,0.0,0.0,78954.97,0.0,0.0,0.0,0.0,0.0,0.0,0.0,0.0,2018-04-01,0.0,0.0,0.0
2018,4,U.N. SANTIAGO ANTUNEZ DE MAYOLO,199534.21,0.0,0.0,0.0,199534.21,0.0,0.0,0.0,0.0,0.0,0.0,0.0,0.0,2018-04-01,0.0,0.0,0.0
2018,4,U.N. TECNOLOGICA DEL CONO SUR DE LIMA,3872.01,0.0,0.0,0.0,3872.01,0.0,0.0,0.0,0.0,0.0,0.0,0.0,0.0,2018-04-01,0.0,0.0,0.0
2018,4,U.N. TORIBIO RODRIGUEZ DE MENDOZA DE AMAZONAS,0.01,0.0,0.0,0.0,0.01,0.0,0.0,0.0,0.0,0.0,0.0,0.0,0.0,2018-04-01,0.0,0.0,0.0
2018,5, ,113994978.12,480684560.63,17515658.59,39298232.04,651493429.38,168849679.91,35262225.6,204111905.51,1596869132.54,237187060.96,0.1485325604501649,0.4079817288118822,0.1485325604501649,2018-05-01,19.13417896272726,0.022061921513881894,0.060598570797313685
2018,5,GOBIERNO REGIONAL DE LA PROVINCIA CONSTITUCIONAL DEL CALLAO,83623.05,0.0,0.0,0.0,83623.05,0.0,0.0,0.0,0.0,0.0,0.0,0.0,0.0,2018-05-01,0.0,0.0,0.0
2018,5,GOBIERNO REGIONAL DEL DEPARTAMENTO DE AMAZONAS,209.58,0.0,0.0,0.0,209.58,0.0,0.0,0.0,0.0,0.0,0.0,0.0,0.0,2018-05-01,0.0,0.0,0.0
2018,5,GOBIERNO REGIONAL DEL DEPARTAMENTO DE ANCASH,728503.01,0.0,0.0,0.0,728503.01,0.0,0.0,0.0,0.0,0.0,0.0,0.0,0.0,2018-05-01,0.0,0.0,0.0
2018,5,GOBIERNO REGIONAL DEL DEPARTAMENTO DE APURIMAC,3163.68,0.0,3276835.9799999995,0.0,3279999.66,0.0,0.0,0.0,0.0,0.0,0.0,0.0,0.0,2018-05-01,0.0,0.0,0.0
2018,5,GOBIERNO REGIONAL DEL DEPARTAMENTO DE AREQUIPA,943820.57,0.0,0.0,0.0,943820.57,0.0,0.0,0.0,0.0,0.0,0.0,0.0,0.0,2018-05-01,0.0,0.0,0.0
2018,5,GOBIERNO REGIONAL DEL DEPARTAMENTO DE AYACUCHO,29.69,0.0,0.0,0.0,29.69,0.0,0.0,0.0,0.0,0.0,0.0,0.0,0.0,2018-05-01,0.0,0.0,0.0
2018,5,GOBIERNO REGIONAL DEL DEPARTAMENTO DE CAJAMARCA,1227406.51,0.0,0.0,0.0,1227406.51,0.0,0.0,0.0,0.0,0.0,0.0,0.0,0.0,2018-05-01,0.0,0.0,0.0
2018,5,GOBIERNO REGIONAL DEL DEPARTAMENTO DE CUSCO,39070001.77,0.0,0.0,0.0,39070001.77,0.0,0.0,0.0,0.0,0.0,0.0,0.0,0.0,2018-05-01,0.0,0.0,0.0
2018,5,GOBIERNO REGIONAL DEL DEPARTAMENTO DE HUANCAVELICA,1344293.26,0.0,0.0,0.0,1344293.26,0.0,0.0,0.0,0.0,0.0,0.0,0.0,0.0,2018-05-01,0.0,0.0,0.0
2018,5,GOBIERNO REGIONAL DEL DEPARTAMENTO DE HUANUCO,971.25,0.0,0.0,0.0,971.25,0.0,0.0,0.0,0.0,0.0,0.0,0.0,0.0,2018-05-01,0.0,0.0,0.0
2018,5,GOBIERNO REGIONAL DEL DEPARTAMENTO DE ICA,1579881.74,0.0,0.0,0.0,1579881.74,0.0,0.0,0.0,0.0,0.0,0.0,0.0,0.0,2018-05-01,0.0,0.0,0.0
2018,5,GOBIERNO REGIONAL DEL DEPARTAMENTO DE JUNIN,420535.91,0.0,0.0,0.0,420535.91,0.0,0.0,0.0,0.0,0.0,0.0,0.0,0.0,2018-05-01,0.0,0.0,0.0
2018,5,GOBIERNO REGIONAL DEL DEPARTAMENTO DE LA LIBERTAD,145605.23,0.0,0.0,0.0,145605.23,0.0,0.0,0.0,0.0,0.0,0.0,0.0,0.0,2018-05-01,0.0,0.0,0.0
2018,5,GOBIERNO REGIONAL DEL DEPARTAMENTO DE LAMBAYEQUE,169.76999999999998,0.0,0.0,0.0,169.76999999999998,0.0,0.0,0.0,0.0,0.0,0.0,0.0,0.0,2018-05-01,0.0,0.0,0.0
2018,5,GOBIERNO REGIONAL DEL DEPARTAMENTO DE LIMA,873144.84,0.0,0.0,0.0,873144.84,0.0,0.0,0.0,0.0,0.0,0.0,0.0,0.0,2018-05-01,0.0,0.0,0.0
2018,5,GOBIERNO REGIONAL DEL DEPARTAMENTO DE LORETO,3630948.31,0.0,0.0,8046713.239999999,11677661.55,0.0,0.0,0.0,0.0,0.0,0.0,0.0,0.0,2018-05-01,0.0,0.0,0.0
2018,5,GOBIERNO REGIONAL DEL DEPARTAMENTO DE MADRE DE DIOS,79.35,0.0,0.0,0.0,79.35,0.0,0.0,0.0,0.0,0.0,0.0,0.0,0.0,2018-05-01,0.0,0.0,0.0
2018,5,GOBIERNO REGIONAL DEL DEPARTAMENTO DE MOQUEGUA,34096.03,0.0,0.0,0.0,34096.03,0.0,0.0,0.0,0.0,0.0,0.0,0.0,0.0,2018-05-01,0.0,0.0,0.0
2018,5,GOBIERNO REGIONAL DEL DEPARTAMENTO DE PASCO,38636.33000000001,0.0,0.0,0.0,38636.33000000001,0.0,0.0,0.0,0.0,0.0,0.0,0.0,0.0,2018-05-01,0.0,0.0,0.0
2018,5,GOBIERNO REGIONAL DEL DEPARTAMENTO DE PIURA,41687.6,0.0,0.0,9729110.74,9770798.34,0.0,0.0,0.0,0.0,0.0,0.0,0.0,0.0,2018-05-01,0.0,0.0,0.0
2018,5,GOBIERNO REGIONAL DEL DEPARTAMENTO DE PUNO,122353.83,0.0,0.0,0.0,122353.83,0.0,0.0,0.0,0.0,0.0,0.0,0.0,0.0,2018-05-01,0.0,0.0,0.0
2018,5,GOBIERNO REGIONAL DEL DEPARTAMENTO DE SAN MARTIN,18722.81,0.0,0.0,0.0,18722.81,0.0,0.0,0.0,0.0,0.0,0.0,0.0,0.0,2018-05-01,0.0,0.0,0.0
2018,5,GOBIERNO REGIONAL DEL DEPARTAMENTO DE TACNA,14432.1,0.0,0.0,0.0,14432.1,0.0,0.0,0.0,0.0,0.0,0.0,0.0,0.0,2018-05-01,0.0,0.0,0.0
2018,5,GOBIERNO REGIONAL DEL DEPARTAMENTO DE TUMBES,67.74000000000001,0.0,0.0,2193743.7800000003,2193811.5200000005,0.0,0.0,0.0,0.0,0.0,0.0,0.0,0.0,2018-05-01,0.0,0.0,0.0
2018,5,GOBIERNO REGIONAL DEL DEPARTAMENTO DE UCAYALI,500.72,0.0,0.0,1975926.62,1976427.34,0.0,0.0,0.0,0.0,0.0,0.0,0.0,0.0,2018-05-01,0.0,0.0,0.0
2018,5,INSTITUTO DE INVESTIGACIONES DE LA AMAZONIA PERUANA,0.0,0.0,0.0,355962.56,355962.56,0.0,0.0,0.0,0.0,0.0,0.0,0.0,0.0,2018-05-01,0.0,0.0,0.0
2018,5,MUNICIPALIDAD METROPOLITANA DE LIMA,129972.87,0.0,0.0,0.0,129972.87,0.0,0.0,0.0,0.0,0.0,0.0,0.0,0.0,2018-05-01,0.0,0.0,0.0
2018,5,U. N. AUTONOMA DE TAYACAJA DANIEL HERNANDEZ MORILLO,181795.26,0.0,0.0,0.0,181795.26,0.0,0.0,0.0,0.0,0.0,0.0,0.0,0.0,2018-05-01,0.0,0.0,0.0
2018,5,U. N. AUTÓNOMA ALTOANDINA DE TARMA,39889.03,0.0,0.0,0.0,39889.03,0.0,0.0,0.0,0.0,0.0,0.0,0.0,0.0,2018-05-01,0.0,0.0,0.0
2018,5,U.N. AGRARIA DE LA SELVA,219.05,0.0,0.0,0.0,219.05,0.0,0.0,0.0,0.0,0.0,0.0,0.0,0.0,2018-05-01,0.0,0.0,0.0
2018,5,U.N. AGRARIA LA MOLINA,3714.38,0.0,0.0,0.0,3714.38,0.0,0.0,0.0,0.0,0.0,0.0,0.0,0.0,2018-05-01,0.0,0.0,0.0
2018,5,U.N. AMAZONICA DE MADRE DE DIOS,347.86,0.0,0.0,0.0,347.86,0.0,0.0,0.0,0.0,0.0,0.0,0.0,0.0,2018-05-01,0.0,0.0,0.0
2018,5,U.N. AUTONOMA DE ALTO AMAZONAS,8.58,0.0,0.0,13.05,21.630000000000003,0.0,0.0,0.0,0.0,0.0,0.0,0.0,0.0,2018-05-01,0.0,0.0,0.0
2018,5,U.N. AUTONOMA DE CHOTA,15347.74,0.0,0.0,0.0,15347.74,0.0,0.0,0.0,0.0,0.0,0.0,0.0,0.0,2018-05-01,0.0,0.0,0.0
2018,5,U.N. AUTÓNOMA DE HUANTA,4679.68,0.0,0.0,0.0,4679.68,0.0,0.0,0.0,0.0,0.0,0.0,0.0,0.0,2018-05-01,0.0,0.0,0.0
2018,5,U.N. CIRO ALEGRIA,89225.77,0.0,0.0,0.0,89225.77,0.0,0.0,0.0,0.0,0.0,0.0,0.0,0.0,2018-05-01,0.0,0.0,0.0
2018,5,U.N. DANIEL ALCIDES CARRION,19402.35,0.0,0.0,0.0,19402.35,0.0,0.0,0.0,0.0,0.0,0.0,0.0,0.0,2018-05-01,0.0,0.0,0.0
2018,5,U.N. DE BARRANCA,78810.4,0.0,0.0,0.0,78810.4,0.0,0.0,0.0,0.0,0.0,0.0,0.0,0.0,2018-05-01,0.0,0.0,0.0
2018,5,U.N. DE CAJAMARCA,37677.69,0.0,0.0,0.0,37677.69,0.0,0.0,0.0,0.0,0.0,0.0,0.0,0.0,2018-05-01,0.0,0.0,0.0
2018,5,U.N. DE CAÑETE,76651.71,0.0,0.0,0.0,76651.71,0.0,0.0,0.0,0.0,0.0,0.0,0.0,0.0,2018-05-01,0.0,0.0,0.0
2018,5,U.N. DE EDUCACION ENRIQUE GUZMAN Y VALLE,4228.05,0.0,0.0,0.0,4228.05,0.0,0.0,0.0,0.0,0.0,0.0,0.0,0.0,2018-05-01,0.0,0.0,0.0
2018,5,U.N. DE FRONTERA,6923.110000000001,0.0,0.0,969112.27,976035.38,0.0,0.0,0.0,0.0,0.0,0.0,0.0,0.0,2018-05-01,0.0,0.0,0.0
2018,5,U.N. DE HUANCAVELICA,169825.32,0.0,0.0,0.0,169825.32,0.0,0.0,0.0,0.0,0.0,0.0,0.0,0.0,2018-05-01,0.0,0.0,0.0
2018,5,U.N. DE INGENIERIA,3647.53,0.0,0.0,0.0,3647.53,0.0,0.0,0.0,0.0,0.0,0.0,0.0,0.0,2018-05-01,0.0,0.0,0.0
2018,5,U.N. DE JAEN,54210.19,0.0,0.0,0.0,54210.19,0.0,0.0,0.0,0.0,0.0,0.0,0.0,0.0,2018-05-01,0.0,0.0,0.0
2018,5,U.N. DE JULIACA,23340.81,0.0,0.0,0.0,23340.81,0.0,0.0,0.0,0.0,0.0,0.0,0.0,0.0,2018-05-01,0.0,0.0,0.0
2018,5,U.N. DE LA AMAZONIA PERUANA,39.29,0.0,0.0,434615.41,434654.7,0.0,0.0,0.0,0.0,0.0,0.0,0.0,0.0,2018-05-01,0.0,0.0,0.0
2018,5,U.N. DE MOQUEGUA,41945.0,0.0,0.0,0.0,41945.0,0.0,0.0,0.0,0.0,0.0,0.0,0.0,0.0,2018-05-01,0.0,0.0,0.0
2018,5,U.N. DE PIURA,6047.419999999999,0.0,0.0,864209.99,870257.41,0.0,0.0,0.0,0.0,0.0,0.0,0.0,0.0,2018-05-01,0.0,0.0,0.0
2018,5,U.N. DE SAN AGUSTIN,142195.91999999998,0.0,0.0,0.0,142195.91999999998,0.0,0.0,0.0,0.0,0.0,0.0,0.0,0.0,2018-05-01,0.0,0.0,0.0
2018,5,U.N. DE SAN ANTONIO ABAD DEL CUSCO,3528059.32,0.0,0.0,0.0,3528059.32,0.0,0.0,0.0,0.0,0.0,0.0,0.0,0.0,2018-05-01,0.0,0.0,0.0
2018,5,U.N. DE SAN MARTIN,4595.08,0.0,0.0,0.0,4595.08,0.0,0.0,0.0,0.0,0.0,0.0,0.0,0.0,2018-05-01,0.0,0.0,0.0
2018,5,U.N. DE TRUJILLO,68706.11,0.0,0.0,0.0,68706.11,0.0,0.0,0.0,0.0,0.0,0.0,0.0,0.0,2018-05-01,0.0,0.0,0.0
2018,5,U.N. DE TUMBES,21.72,0.0,0.0,447941.5,447963.22,0.0,0.0,0.0,0.0,0.0,0.0,0.0,0.0,2018-05-01,0.0,0.0,0.0
2018,5,U.N. DE UCAYALI,8.1,0.0,0.0,103260.04,103268.14,0.0,0.0,0.0,0.0,0.0,0.0,0.0,0.0,2018-05-01,0.0,0.0,0.0
2018,5,U.N. DEL ALTIPLANO,26913.71,0.0,0.0,0.0,26913.71,0.0,0.0,0.0,0.0,0.0,0.0,0.0,0.0,2018-05-01,0.0,0.0,0.0
2018,5,U.N. DEL CALLAO,21982.82,0.0,0.0,0.0,21982.82,0.0,0.0,0.0,0.0,0.0,0.0,0.0,0.0,2018-05-01,0.0,0.0,0.0
2018,5,U.N. DEL CENTRO DEL PERU,44406.100000000006,0.0,0.0,0.0,44406.100000000006,0.0,0.0,0.0,0.0,0.0,0.0,0.0,0.0,2018-05-01,0.0,0.0,0.0
2018,5,U.N. DEL SANTA,197917.54,0.0,0.0,0.0,197917.54,0.0,0.0,0.0,0.0,0.0,0.0,0.0,0.0,2018-05-01,0.0,0.0,0.0
2018,5,U.N. FEDERICO VILLARREAL,3999.63,0.0,0.0,0.0,3999.63,0.0,0.0,0.0,0.0,0.0,0.0,0.0,0.0,2018-05-01,0.0,0.0,0.0
2018,5,U.N. HERMILIO VALDIZAN,10.94,0.0,0.0,0.0,10.94,0.0,0.0,0.0,0.0,0.0,0.0,0.0,0.0,2018-05-01,0.0,0.0,0.0
2018,5,U.N. INTERCULTURAL DE LA AMAZONIA,28.21,0.0,0.0,103380.78,103408.99,0.0,0.0,0.0,0.0,0.0,0.0,0.0,0.0,2018-05-01,0.0,0.0,0.0
2018,5,U.N. INTERCULTURAL DE LA SELVA CENTRAL JUAN SANTOS ATAHUALPA,41312.56,0.0,0.0,0.0,41312.56,0.0,0.0,0.0,0.0,0.0,0.0,0.0,0.0,2018-05-01,0.0,0.0,0.0
2018,5,U.N. INTERCULTURAL DE QUILLABAMBA,3666898.18,0.0,0.0,0.0,3666898.18,0.0,0.0,0.0,0.0,0.0,0.0,0.0,0.0,2018-05-01,0.0,0.0,0.0
2018,5,U.N. INTERCULTURAL FABIOLA SALAZAR LEGUIA DE BAGUA,1.4,0.0,0.0,0.0,1.4,0.0,0.0,0.0,0.0,0.0,0.0,0.0,0.0,2018-05-01,0.0,0.0,0.0
2018,5,U.N. JORGE BASADRE GROHMANN,92530.36,0.0,0.0,0.0,92530.36,0.0,0.0,0.0,0.0,0.0,0.0,0.0,0.0,2018-05-01,0.0,0.0,0.0
2018,5,U.N. JOSE FAUSTINO SANCHEZ CARRION,79042.02,0.0,0.0,0.0,79042.02,0.0,0.0,0.0,0.0,0.0,0.0,0.0,0.0,2018-05-01,0.0,0.0,0.0
2018,5,U.N. JOSE MARIA ARGUEDAS,467.34,0.0,552956.36,0.0,553423.7,0.0,0.0,0.0,0.0,0.0,0.0,0.0,0.0,2018-05-01,0.0,0.0,0.0
2018,5,U.N. MAYOR DE SAN MARCOS,3659.09,0.0,0.0,0.0,3659.09,0.0,0.0,0.0,0.0,0.0,0.0,0.0,0.0,2018-05-01,0.0,0.0,0.0
2018,5,U.N. MICAELA BASTIDAS DE APURIMAC,213.1,0.0,555681.38,0.0,555894.48,0.0,0.0,0.0,0.0,0.0,0.0,0.0,0.0,2018-05-01,0.0,0.0,0.0
2018,5,U.N. PEDRO RUIZ GALLO,38.84,0.0,0.0,0.0,38.84,0.0,0.0,0.0,0.0,0.0,0.0,0.0,0.0,2018-05-01,0.0,0.0,0.0
2018,5,U.N. SAN CRISTOBAL DE HUAMANGA,2808.02,0.0,0.0,0.0,2808.02,0.0,0.0,0.0,0.0,0.0,0.0,0.0,0.0,2018-05-01,0.0,0.0,0.0
2018,5,U.N. SAN LUIS GONZAGA DE ICA,18321.6,0.0,0.0,0.0,18321.6,0.0,0.0,0.0,0.0,0.0,0.0,0.0,0.0,2018-05-01,0.0,0.0,0.0
2018,5,U.N. SANTIAGO ANTUNEZ DE MAYOLO,169724.55000000002,0.0,0.0,0.0,169724.55000000002,0.0,0.0,0.0,0.0,0.0,0.0,0.0,0.0,2018-05-01,0.0,0.0,0.0
2018,5,U.N. TECNOLOGICA DEL CONO SUR DE LIMA,3766.0,0.0,0.0,0.0,3766.0,0.0,0.0,0.0,0.0,0.0,0.0,0.0,0.0,2018-05-01,0.0,0.0,0.0
2018,5,U.N. TORIBIO RODRIGUEZ DE MENDOZA DE AMAZONAS,0.01,0.0,0.0,0.0,0.01,0.0,0.0,0.0,0.0,0.0,0.0,0.0,0.0,2018-05-01,0.0,0.0,0.0
2018,6, ,95372362.41,548574742.93,29081019.83,46285769.93,719313895.0999999,169059750.62,28765201.81,197824952.43,1911955044.41,237189111.45,0.1240557993994011,0.3762190419712348,0.1240557993994011,2018-06-01,19.10289312404942,0.015389841364624447,0.046672154001018366
2018,6,GOBIERNO REGIONAL DE LA PROVINCIA CONSTITUCIONAL DEL CALLAO,7040.4400000000005,0.0,0.0,0.0,7040.4400000000005,0.0,0.0,0.0,0.0,0.0,0.0,0.0,0.0,2018-06-01,0.0,0.0,0.0
2018,6,GOBIERNO REGIONAL DEL DEPARTAMENTO DE AMAZONAS,216.86,0.0,0.0,0.0,216.86,0.0,0.0,0.0,0.0,0.0,0.0,0.0,0.0,2018-06-01,0.0,0.0,0.0
2018,6,GOBIERNO REGIONAL DEL DEPARTAMENTO DE ANCASH,117318.56,0.0,0.0,0.0,117318.56,0.0,0.0,0.0,0.0,0.0,0.0,0.0,0.0,2018-06-01,0.0,0.0,0.0
2018,6,GOBIERNO REGIONAL DEL DEPARTAMENTO DE APURIMAC,3213.47,0.0,4447645.7700000005,0.0,4450859.24,0.0,0.0,0.0,0.0,0.0,0.0,0.0,0.0,2018-06-01,0.0,0.0,0.0
2018,6,GOBIERNO REGIONAL DEL DEPARTAMENTO DE AREQUIPA,16049.339999999998,0.0,0.0,0.0,16049.339999999998,0.0,0.0,0.0,0.0,0.0,0.0,0.0,0.0,2018-06-01,0.0,0.0,0.0
2018,6,GOBIERNO REGIONAL DEL DEPARTAMENTO DE AYACUCHO,30.74,0.0,0.0,0.0,30.74,0.0,0.0,0.0,0.0,0.0,0.0,0.0,0.0,2018-06-01,0.0,0.0,0.0
2018,6,GOBIERNO REGIONAL DEL DEPARTAMENTO DE CAJAMARCA,11863.11,0.0,0.0,0.0,11863.11,0.0,0.0,0.0,0.0,0.0,0.0,0.0,0.0,2018-06-01,0.0,0.0,0.0
2018,6,GOBIERNO REGIONAL DEL DEPARTAMENTO DE CUSCO,33470853.21,0.0,0.0,0.0,33470853.21,0.0,0.0,0.0,0.0,0.0,0.0,0.0,0.0,2018-06-01,0.0,0.0,0.0
2018,6,GOBIERNO REGIONAL DEL DEPARTAMENTO DE HUANCAVELICA,1032403.75,0.0,0.0,0.0,1032403.75,0.0,0.0,0.0,0.0,0.0,0.0,0.0,0.0,2018-06-01,0.0,0.0,0.0
2018,6,GOBIERNO REGIONAL DEL DEPARTAMENTO DE HUANUCO,1004.96,0.0,0.0,0.0,1004.96,0.0,0.0,0.0,0.0,0.0,0.0,0.0,0.0,2018-06-01,0.0,0.0,0.0
2018,6,GOBIERNO REGIONAL DEL DEPARTAMENTO DE ICA,25744.16,0.0,0.0,0.0,25744.16,0.0,0.0,0.0,0.0,0.0,0.0,0.0,0.0,2018-06-01,0.0,0.0,0.0
2018,6,GOBIERNO REGIONAL DEL DEPARTAMENTO DE JUNIN,732.57,0.0,0.0,0.0,732.57,0.0,0.0,0.0,0.0,0.0,0.0,0.0,0.0,2018-06-01,0.0,0.0,0.0
2018,6,GOBIERNO REGIONAL DEL DEPARTAMENTO DE LA LIBERTAD,15795.02,0.0,0.0,0.0,15795.02,0.0,0.0,0.0,0.0,0.0,0.0,0.0,0.0,2018-06-01,0.0,0.0,0.0
2018,6,GOBIERNO REGIONAL DEL DEPARTAMENTO DE LAMBAYEQUE,1.81,0.0,0.0,0.0,1.81,0.0,0.0,0.0,0.0,0.0,0.0,0.0,0.0,2018-06-01,0.0,0.0,0.0
2018,6,GOBIERNO REGIONAL DEL DEPARTAMENTO DE LIMA,39225.2,0.0,0.0,0.0,39225.2,0.0,0.0,0.0,0.0,0.0,0.0,0.0,0.0,2018-06-01,0.0,0.0,0.0
2018,6,GOBIERNO REGIONAL DEL DEPARTAMENTO DE LORETO,4300981.22,0.0,0.0,2344721.22,6645702.44,0.0,0.0,0.0,0.0,0.0,0.0,0.0,0.0,2018-06-01,0.0,0.0,0.0
2018,6,GOBIERNO REGIONAL DEL DEPARTAMENTO DE MADRE DE DIOS,82.11,0.0,0.0,0.0,82.11,0.0,0.0,0.0,0.0,0.0,0.0,0.0,0.0,2018-06-01,0.0,0.0,0.0
2018,6,GOBIERNO REGIONAL DEL DEPARTAMENTO DE MOQUEGUA,253058.01,0.0,0.0,0.0,253058.01,0.0,0.0,0.0,0.0,0.0,0.0,0.0,0.0,2018-06-01,0.0,0.0,0.0
2018,6,GOBIERNO REGIONAL DEL DEPARTAMENTO DE PASCO,3872.24,0.0,0.0,0.0,3872.24,0.0,0.0,0.0,0.0,0.0,0.0,0.0,0.0,2018-06-01,0.0,0.0,0.0
2018,6,GOBIERNO REGIONAL DEL DEPARTAMENTO DE PIURA,7966.11,0.0,0.0,9269191.5,9277157.61,0.0,0.0,0.0,0.0,0.0,0.0,0.0,0.0,2018-06-01,0.0,0.0,0.0
2018,6,GOBIERNO REGIONAL DEL DEPARTAMENTO DE PUNO,3464.27,0.0,0.0,0.0,3464.27,0.0,0.0,0.0,0.0,0.0,0.0,0.0,0.0,2018-06-01,0.0,0.0,0.0
2018,6,GOBIERNO REGIONAL DEL DEPARTAMENTO DE SAN MARTIN,1887.35,0.0,0.0,0.0,1887.35,0.0,0.0,0.0,0.0,0.0,0.0,0.0,0.0,2018-06-01,0.0,0.0,0.0
2018,6,GOBIERNO REGIONAL DEL DEPARTAMENTO DE TACNA,3258.6800000000003,0.0,0.0,0.0,3258.6800000000003,0.0,0.0,0.0,0.0,0.0,0.0,0.0,0.0,2018-06-01,0.0,0.0,0.0
2018,6,GOBIERNO REGIONAL DEL DEPARTAMENTO DE TUMBES,70.1,0.0,0.0,5301955.45,5302025.55,0.0,0.0,0.0,0.0,0.0,0.0,0.0,0.0,2018-06-01,0.0,0.0,0.0
2018,6,GOBIERNO REGIONAL DEL DEPARTAMENTO DE UCAYALI,518.1,0.0,0.0,1512037.1800000002,1512555.2800000005,0.0,0.0,0.0,0.0,0.0,0.0,0.0,0.0,2018-06-01,0.0,0.0,0.0
2018,6,INSTITUTO DE INVESTIGACIONES DE LA AMAZONIA PERUANA,0.0,0.0,0.0,429784.43,429784.43,0.0,0.0,0.0,0.0,0.0,0.0,0.0,0.0,2018-06-01,0.0,0.0,0.0
2018,6,MUNICIPALIDAD METROPOLITANA DE LIMA,15666.86,0.0,0.0,0.0,15666.86,0.0,0.0,0.0,0.0,0.0,0.0,0.0,0.0,2018-06-01,0.0,0.0,0.0
2018,6,U. N. AUTONOMA DE TAYACAJA DANIEL HERNANDEZ MORILLO,16308.43,0.0,0.0,0.0,16308.43,0.0,0.0,0.0,0.0,0.0,0.0,0.0,0.0,2018-06-01,0.0,0.0,0.0
2018,6,U. N. AUTÓNOMA ALTOANDINA DE TARMA,5066.68,0.0,0.0,0.0,5066.68,0.0,0.0,0.0,0.0,0.0,0.0,0.0,0.0,2018-06-01,0.0,0.0,0.0
2018,6,U.N. AGRARIA DE LA SELVA,218.27,0.0,0.0,0.0,218.27,0.0,0.0,0.0,0.0,0.0,0.0,0.0,0.0,2018-06-01,0.0,0.0,0.0
2018,6,U.N. AGRARIA LA MOLINA,111.13,0.0,0.0,0.0,111.13,0.0,0.0,0.0,0.0,0.0,0.0,0.0,0.0,2018-06-01,0.0,0.0,0.0
2018,6,U.N. AMAZONICA DE MADRE DE DIOS,356.32,0.0,0.0,0.0,356.32,0.0,0.0,0.0,0.0,0.0,0.0,0.0,0.0,2018-06-01,0.0,0.0,0.0
2018,6,U.N. AUTONOMA DE ALTO AMAZONAS,8.87,0.0,0.0,13.5,22.37,0.0,0.0,0.0,0.0,0.0,0.0,0.0,0.0,2018-06-01,0.0,0.0,0.0
2018,6,U.N. AUTONOMA DE CHOTA,5612.7,0.0,0.0,0.0,5612.7,0.0,0.0,0.0,0.0,0.0,0.0,0.0,0.0,2018-06-01,0.0,0.0,0.0
2018,6,U.N. AUTÓNOMA DE HUANTA,4842.099999999999,0.0,0.0,0.0,4842.099999999999,0.0,0.0,0.0,0.0,0.0,0.0,0.0,0.0,2018-06-01,0.0,0.0,0.0
2018,6,U.N. CIRO ALEGRIA,75722.29000000001,0.0,0.0,0.0,75722.29000000001,0.0,0.0,0.0,0.0,0.0,0.0,0.0,0.0,2018-06-01,0.0,0.0,0.0
2018,6,U.N. DANIEL ALCIDES CARRION,11243.940000000002,0.0,0.0,0.0,11243.940000000002,0.0,0.0,0.0,0.0,0.0,0.0,0.0,0.0,2018-06-01,0.0,0.0,0.0
2018,6,U.N. DE BARRANCA,9395.49,0.0,0.0,0.0,9395.49,0.0,0.0,0.0,0.0,0.0,0.0,0.0,0.0,2018-06-01,0.0,0.0,0.0
2018,6,U.N. DE CAJAMARCA,29045.99,0.0,0.0,0.0,29045.99,0.0,0.0,0.0,0.0,0.0,0.0,0.0,0.0,2018-06-01,0.0,0.0,0.0
2018,6,U.N. DE CAÑETE,7344.24,0.0,0.0,0.0,7344.24,0.0,0.0,0.0,0.0,0.0,0.0,0.0,0.0,2018-06-01,0.0,0.0,0.0
2018,6,U.N. DE EDUCACION ENRIQUE GUZMAN Y VALLE,661.77,0.0,0.0,0.0,661.77,0.0,0.0,0.0,0.0,0.0,0.0,0.0,0.0,2018-06-01,0.0,0.0,0.0
2018,6,U.N. DE FRONTERA,2782.9100000000003,0.0,0.0,1094095.53,1096878.44,0.0,0.0,0.0,0.0,0.0,0.0,0.0,0.0,2018-06-01,0.0,0.0,0.0
2018,6,U.N. DE HUANCAVELICA,4122.32,0.0,0.0,0.0,4122.32,0.0,0.0,0.0,0.0,0.0,0.0,0.0,0.0,2018-06-01,0.0,0.0,0.0
2018,6,U.N. DE INGENIERIA,61.1,0.0,0.0,0.0,61.1,0.0,0.0,0.0,0.0,0.0,0.0,0.0,0.0,2018-06-01,0.0,0.0,0.0
2018,6,U.N. DE JAEN,46494.47,0.0,0.0,0.0,46494.47,0.0,0.0,0.0,0.0,0.0,0.0,0.0,0.0,2018-06-01,0.0,0.0,0.0
2018,6,U.N. DE JULIACA,8741.36,0.0,0.0,0.0,8741.36,0.0,0.0,0.0,0.0,0.0,0.0,0.0,0.0,2018-06-01,0.0,0.0,0.0
2018,6,U.N. DE LA AMAZONIA PERUANA,40.65,0.0,0.0,517119.34,517159.9900000001,0.0,0.0,0.0,0.0,0.0,0.0,0.0,0.0,2018-06-01,0.0,0.0,0.0
2018,6,U.N. DE MOQUEGUA,35413.149999999994,0.0,0.0,0.0,35413.149999999994,0.0,0.0,0.0,0.0,0.0,0.0,0.0,0.0,2018-06-01,0.0,0.0,0.0
2018,6,U.N. DE PIURA,1799.61,0.0,0.0,984575.11,986374.72,0.0,0.0,0.0,0.0,0.0,0.0,0.0,0.0,2018-06-01,0.0,0.0,0.0
2018,6,U.N. DE SAN AGUSTIN,114980.99,0.0,0.0,0.0,114980.99,0.0,0.0,0.0,0.0,0.0,0.0,0.0,0.0,2018-06-01,0.0,0.0,0.0
2018,6,U.N. DE SAN ANTONIO ABAD DEL CUSCO,3418630.57,0.0,0.0,0.0,3418630.57,0.0,0.0,0.0,0.0,0.0,0.0,0.0,0.0,2018-06-01,0.0,0.0,0.0
2018,6,U.N. DE SAN MARTIN,383.24,0.0,0.0,0.0,383.24,0.0,0.0,0.0,0.0,0.0,0.0,0.0,0.0,2018-06-01,0.0,0.0,0.0
2018,6,U.N. DE TRUJILLO,54142.11,0.0,0.0,0.0,54142.11,0.0,0.0,0.0,0.0,0.0,0.0,0.0,0.0,2018-06-01,0.0,0.0,0.0
2018,6,U.N. DE TUMBES,22.48,0.0,0.0,656589.28,656611.76,0.0,0.0,0.0,0.0,0.0,0.0,0.0,0.0,2018-06-01,0.0,0.0,0.0
2018,6,U.N. DE UCAYALI,8.38,0.0,0.0,128405.74,128414.12,0.0,0.0,0.0,0.0,0.0,0.0,0.0,0.0,2018-06-01,0.0,0.0,0.0
2018,6,U.N. DEL ALTIPLANO,12429.02,0.0,0.0,0.0,12429.02,0.0,0.0,0.0,0.0,0.0,0.0,0.0,0.0,2018-06-01,0.0,0.0,0.0
2018,6,U.N. DEL CALLAO,2874.56,0.0,0.0,0.0,2874.56,0.0,0.0,0.0,0.0,0.0,0.0,0.0,0.0,2018-06-01,0.0,0.0,0.0
2018,6,U.N. DEL CENTRO DEL PERU,9774.59,0.0,0.0,0.0,9774.59,0.0,0.0,0.0,0.0,0.0,0.0,0.0,0.0,2018-06-01,0.0,0.0,0.0
2018,6,U.N. DEL SANTA,129909.66,0.0,0.0,0.0,129909.66,0.0,0.0,0.0,0.0,0.0,0.0,0.0,0.0,2018-06-01,0.0,0.0,0.0
2018,6,U.N. FEDERICO VILLARREAL,425.42,0.0,0.0,0.0,425.42,0.0,0.0,0.0,0.0,0.0,0.0,0.0,0.0,2018-06-01,0.0,0.0,0.0
2018,6,U.N. HERMILIO VALDIZAN,11.31,0.0,0.0,0.0,11.31,0.0,0.0,0.0,0.0,0.0,0.0,0.0,0.0,2018-06-01,0.0,0.0,0.0
2018,6,U.N. INTERCULTURAL DE LA AMAZONIA,29.19,0.0,0.0,128620.44,128649.63,0.0,0.0,0.0,0.0,0.0,0.0,0.0,0.0,2018-06-01,0.0,0.0,0.0
2018,6,U.N. INTERCULTURAL DE LA SELVA CENTRAL JUAN SANTOS ATAHUALPA,6440.68,0.0,0.0,0.0,6440.68,0.0,0.0,0.0,0.0,0.0,0.0,0.0,0.0,2018-06-01,0.0,0.0,0.0
2018,6,U.N. INTERCULTURAL DE QUILLABAMBA,3563674.82,0.0,0.0,0.0,3563674.82,0.0,0.0,0.0,0.0,0.0,0.0,0.0,0.0,2018-06-01,0.0,0.0,0.0
2018,6,U.N. INTERCULTURAL FABIOLA SALAZAR LEGUIA DE BAGUA,1.45,0.0,0.0,0.0,1.45,0.0,0.0,0.0,0.0,0.0,0.0,0.0,0.0,2018-06-01,0.0,0.0,0.0
2018,6,U.N. JORGE BASADRE GROHMANN,93262.72,0.0,0.0,0.0,93262.72,0.0,0.0,0.0,0.0,0.0,0.0,0.0,0.0,2018-06-01,0.0,0.0,0.0
2018,6,U.N. JOSE FAUSTINO SANCHEZ CARRION,8104.11,0.0,0.0,0.0,8104.11,0.0,0.0,0.0,0.0,0.0,0.0,0.0,0.0,2018-06-01,0.0,0.0,0.0
2018,6,U.N. JOSE MARIA ARGUEDAS,483.56,0.0,915131.85,0.0,915615.41,0.0,0.0,0.0,0.0,0.0,0.0,0.0,0.0,2018-06-01,0.0,0.0,0.0
2018,6,U.N. MAYOR DE SAN MARCOS,73.05,0.0,0.0,0.0,73.05,0.0,0.0,0.0,0.0,0.0,0.0,0.0,0.0,2018-06-01,0.0,0.0,0.0
2018,6,U.N. MICAELA BASTIDAS DE APURIMAC,152.49,0.0,918162.73,0.0,918315.22,0.0,0.0,0.0,0.0,0.0,0.0,0.0,0.0,2018-06-01,0.0,0.0,0.0
2018,6,U.N. PEDRO RUIZ GALLO,39.290000000000006,0.0,0.0,0.0,39.290000000000006,0.0,0.0,0.0,0.0,0.0,0.0,0.0,0.0,2018-06-01,0.0,0.0,0.0
2018,6,U.N. SAN CRISTOBAL DE HUAMANGA,2891.14,0.0,0.0,0.0,2891.14,0.0,0.0,0.0,0.0,0.0,0.0,0.0,0.0,2018-06-01,0.0,0.0,0.0
2018,6,U.N. SAN LUIS GONZAGA DE ICA,4799.889999999999,0.0,0.0,0.0,4799.889999999999,0.0,0.0,0.0,0.0,0.0,0.0,0.0,0.0,2018-06-01,0.0,0.0,0.0
2018,6,U.N. SANTIAGO ANTUNEZ DE MAYOLO,101846.77,0.0,0.0,0.0,101846.77,0.0,0.0,0.0,0.0,0.0,0.0,0.0,0.0,2018-06-01,0.0,0.0,0.0
2018,6,U.N. TECNOLOGICA DEL CONO SUR DE LIMA,173.62,0.0,0.0,0.0,173.62,0.0,0.0,0.0,0.0,0.0,0.0,0.0,0.0,2018-06-01,0.0,0.0,0.0
2018,6,U.N. TORIBIO RODRIGUEZ DE MENDOZA DE AMAZONAS,0.01,0.0,0.0,0.0,0.01,0.0,0.0,0.0,0.0,0.0,0.0,0.0,0.0,2018-06-01,0.0,0.0,0.0
2018,7, ,2527292889.32,475384768.1,0.0,39141038.78,3041818696.2000003,191536933.37,44812394.22,236349327.59,4343284132.22,263205707.81,0.0606006192082733,0.7003499203827642,0.0606006192082733,2018-07-01,19.280821474454825,0.0036724350484261432,0.04244163883766042
2018,7,GOBIERNO REGIONAL DE LA PROVINCIA CONSTITUCIONAL DEL CALLAO,480.22,0.0,0.0,0.0,480.22,0.0,0.0,0.0,0.0,0.0,0.0,0.0,0.0,2018-07-01,0.0,0.0,0.0
2018,7,GOBIERNO REGIONAL DEL DEPARTAMENTO DE ANCASH,212250118.08,0.0,0.0,0.0,212250118.08,0.0,0.0,0.0,0.0,0.0,0.0,0.0,0.0,2018-07-01,0.0,0.0,0.0
2018,7,GOBIERNO REGIONAL DEL DEPARTAMENTO DE APURIMAC,1118760.3199999998,0.0,0.0,0.0,1118760.3199999998,0.0,0.0,0.0,0.0,0.0,0.0,0.0,0.0,2018-07-01,0.0,0.0,0.0
2018,7,GOBIERNO REGIONAL DEL DEPARTAMENTO DE AREQUIPA,103025324.64,0.0,0.0,0.0,103025324.64,0.0,0.0,0.0,0.0,0.0,0.0,0.0,0.0,2018-07-01,0.0,0.0,0.0
2018,7,GOBIERNO REGIONAL DEL DEPARTAMENTO DE AYACUCHO,6539934.0200000005,0.0,0.0,0.0,6539934.0200000005,0.0,0.0,0.0,0.0,0.0,0.0,0.0,0.0,2018-07-01,0.0,0.0,0.0
2018,7,GOBIERNO REGIONAL DEL DEPARTAMENTO DE CAJAMARCA,51267559.260000005,0.0,0.0,0.0,51267559.260000005,0.0,0.0,0.0,0.0,0.0,0.0,0.0,0.0,2018-07-01,0.0,0.0,0.0
2018,7,GOBIERNO REGIONAL DEL DEPARTAMENTO DE CUSCO,94089853.47,0.0,0.0,0.0,94089853.47,0.0,0.0,0.0,0.0,0.0,0.0,0.0,0.0,2018-07-01,0.0,0.0,0.0
2018,7,GOBIERNO REGIONAL DEL DEPARTAMENTO DE HUANCAVELICA,3062655.42,0.0,0.0,0.0,3062655.42,0.0,0.0,0.0,0.0,0.0,0.0,0.0,0.0,2018-07-01,0.0,0.0,0.0
2018,7,GOBIERNO REGIONAL DEL DEPARTAMENTO DE HUANUCO,2533415.04,0.0,0.0,0.0,2533415.04,0.0,0.0,0.0,0.0,0.0,0.0,0.0,0.0,2018-07-01,0.0,0.0,0.0
2018,7,GOBIERNO REGIONAL DEL DEPARTAMENTO DE ICA,20507129.85,0.0,0.0,0.0,20507129.85,0.0,0.0,0.0,0.0,0.0,0.0,0.0,0.0,2018-07-01,0.0,0.0,0.0
2018,7,GOBIERNO REGIONAL DEL DEPARTAMENTO DE JUNIN,28196169.950000003,0.0,0.0,0.0,28196169.950000003,0.0,0.0,0.0,0.0,0.0,0.0,0.0,0.0,2018-07-01,0.0,0.0,0.0
2018,7,GOBIERNO REGIONAL DEL DEPARTAMENTO DE LA LIBERTAD,36128991.79,0.0,0.0,0.0,36128991.79,0.0,0.0,0.0,0.0,0.0,0.0,0.0,0.0,2018-07-01,0.0,0.0,0.0
2018,7,GOBIERNO REGIONAL DEL DEPARTAMENTO DE LAMBAYEQUE,1087.74,0.0,0.0,0.0,1087.74,0.0,0.0,0.0,0.0,0.0,0.0,0.0,0.0,2018-07-01,0.0,0.0,0.0
2018,7,GOBIERNO REGIONAL DEL DEPARTAMENTO DE LIMA,15654972.909999998,0.0,0.0,0.0,15654972.909999998,0.0,0.0,0.0,0.0,0.0,0.0,0.0,0.0,2018-07-01,0.0,0.0,0.0
2018,7,GOBIERNO REGIONAL DEL DEPARTAMENTO DE LORETO,1850000.0,0.0,0.0,5544365.4,7394365.4,0.0,0.0,0.0,0.0,0.0,0.0,0.0,0.0,2018-07-01,0.0,0.0,0.0
2018,7,GOBIERNO REGIONAL DEL DEPARTAMENTO DE MADRE DE DIOS,292515.14,0.0,0.0,0.0,292515.14,0.0,0.0,0.0,0.0,0.0,0.0,0.0,0.0,2018-07-01,0.0,0.0,0.0
2018,7,GOBIERNO REGIONAL DEL DEPARTAMENTO DE MOQUEGUA,35374443.19,0.0,0.0,0.0,35374443.19,0.0,0.0,0.0,0.0,0.0,0.0,0.0,0.0,2018-07-01,0.0,0.0,0.0
2018,7,GOBIERNO REGIONAL DEL DEPARTAMENTO DE PASCO,13873644.180000002,0.0,0.0,0.0,13873644.180000002,0.0,0.0,0.0,0.0,0.0,0.0,0.0,0.0,2018-07-01,0.0,0.0,0.0
2018,7,GOBIERNO REGIONAL DEL DEPARTAMENTO DE PIURA,167320.86000000002,0.0,0.0,12499174.36,12666495.22,0.0,0.0,0.0,0.0,0.0,0.0,0.0,0.0,2018-07-01,0.0,0.0,0.0
2018,7,GOBIERNO REGIONAL DEL DEPARTAMENTO DE PUNO,20629590.34,0.0,0.0,0.0,20629590.34,0.0,0.0,0.0,0.0,0.0,0.0,0.0,0.0,2018-07-01,0.0,0.0,0.0
2018,7,GOBIERNO REGIONAL DEL DEPARTAMENTO DE SAN MARTIN,246066.16,0.0,0.0,0.0,246066.16,0.0,0.0,0.0,0.0,0.0,0.0,0.0,0.0,2018-07-01,0.0,0.0,0.0
2018,7,GOBIERNO REGIONAL DEL DEPARTAMENTO DE TACNA,33092339.73,0.0,0.0,0.0,33092339.73,0.0,0.0,0.0,0.0,0.0,0.0,0.0,0.0,2018-07-01,0.0,0.0,0.0
2018,7,GOBIERNO REGIONAL DEL DEPARTAMENTO DE TUMBES,4542.96,0.0,0.0,2418955.18,2423498.14,0.0,0.0,0.0,0.0,0.0,0.0,0.0,0.0,2018-07-01,0.0,0.0,0.0
2018,7,GOBIERNO REGIONAL DEL DEPARTAMENTO DE UCAYALI,0.0,0.0,0.0,1114907.98,1114907.98,0.0,0.0,0.0,0.0,0.0,0.0,0.0,0.0,2018-07-01,0.0,0.0,0.0
2018,7,INSTITUTO DE INVESTIGACIONES DE LA AMAZONIA PERUANA,0.0,0.0,0.0,203392.84,203392.84,0.0,0.0,0.0,0.0,0.0,0.0,0.0,0.0,2018-07-01,0.0,0.0,0.0
2018,7,MUNICIPALIDAD METROPOLITANA DE LIMA,1903851.84,0.0,0.0,0.0,1903851.84,0.0,0.0,0.0,0.0,0.0,0.0,0.0,0.0,2018-07-01,0.0,0.0,0.0
2018,7,U. N. AUTONOMA DE TAYACAJA DANIEL HERNANDEZ MORILLO,382831.94,0.0,0.0,0.0,382831.94,0.0,0.0,0.0,0.0,0.0,0.0,0.0,0.0,2018-07-01,0.0,0.0,0.0
2018,7,U. N. AUTÓNOMA ALTOANDINA DE TARMA,2349680.82,0.0,0.0,0.0,2349680.82,0.0,0.0,0.0,0.0,0.0,0.0,0.0,0.0,2018-07-01,0.0,0.0,0.0
2018,7,U.N. AGRARIA DE LA SELVA,211117.93,0.0,0.0,0.0,211117.93,0.0,0.0,0.0,0.0,0.0,0.0,0.0,0.0,2018-07-01,0.0,0.0,0.0
2018,7,U.N. AGRARIA LA MOLINA,52884.77,0.0,0.0,0.0,52884.77,0.0,0.0,0.0,0.0,0.0,0.0,0.0,0.0,2018-07-01,0.0,0.0,0.0
2018,7,U.N. AMAZONICA DE MADRE DE DIOS,73128.78,0.0,0.0,0.0,73128.78,0.0,0.0,0.0,0.0,0.0,0.0,0.0,0.0,2018-07-01,0.0,0.0,0.0
2018,7,U.N. AUTONOMA DE CHOTA,1845165.99,0.0,0.0,0.0,1845165.99,0.0,0.0,0.0,0.0,0.0,0.0,0.0,0.0,2018-07-01,0.0,0.0,0.0
2018,7,U.N. AUTÓNOMA DE HUANTA,817491.76,0.0,0.0,0.0,817491.76,0.0,0.0,0.0,0.0,0.0,0.0,0.0,0.0,2018-07-01,0.0,0.0,0.0
2018,7,U.N. CIRO ALEGRIA,6379706.11,0.0,0.0,0.0,6379706.11,0.0,0.0,0.0,0.0,0.0,0.0,0.0,0.0,2018-07-01,0.0,0.0,0.0
2018,7,U.N. DANIEL ALCIDES CARRION,3468411.04,0.0,0.0,0.0,3468411.04,0.0,0.0,0.0,0.0,0.0,0.0,0.0,0.0,2018-07-01,0.0,0.0,0.0
2018,7,U.N. DE BARRANCA,1677523.37,0.0,0.0,0.0,1677523.37,0.0,0.0,0.0,0.0,0.0,0.0,0.0,0.0,2018-07-01,0.0,0.0,0.0
2018,7,U.N. DE CAJAMARCA,1845166.0,0.0,0.0,0.0,1845166.0,0.0,0.0,0.0,0.0,0.0,0.0,0.0,0.0,2018-07-01,0.0,0.0,0.0
2018,7,U.N. DE CAÑETE,1677523.36,0.0,0.0,0.0,1677523.36,0.0,0.0,0.0,0.0,0.0,0.0,0.0,0.0,2018-07-01,0.0,0.0,0.0
2018,7,U.N. DE EDUCACION ENRIQUE GUZMAN Y VALLE,52884.78,0.0,0.0,0.0,52884.78,0.0,0.0,0.0,0.0,0.0,0.0,0.0,0.0,2018-07-01,0.0,0.0,0.0
2018,7,U.N. DE FRONTERA,20915.1,0.0,0.0,957349.44,978264.54,0.0,0.0,0.0,0.0,0.0,0.0,0.0,0.0,2018-07-01,0.0,0.0,0.0
2018,7,U.N. DE HUANCAVELICA,382831.92,0.0,0.0,0.0,382831.92,0.0,0.0,0.0,0.0,0.0,0.0,0.0,0.0,2018-07-01,0.0,0.0,0.0
2018,7,U.N. DE INGENIERIA,52884.77,0.0,0.0,0.0,52884.77,0.0,0.0,0.0,0.0,0.0,0.0,0.0,0.0,2018-07-01,0.0,0.0,0.0
2018,7,U.N. DE JAEN,1845165.99,0.0,0.0,0.0,1845165.99,0.0,0.0,0.0,0.0,0.0,0.0,0.0,0.0,2018-07-01,0.0,0.0,0.0
2018,7,U.N. DE JULIACA,2310366.5500000003,0.0,0.0,0.0,2310366.5500000003,0.0,0.0,0.0,0.0,0.0,0.0,0.0,0.0,2018-07-01,0.0,0.0,0.0
2018,7,U.N. DE LA AMAZONIA PERUANA,0.0,0.0,0.0,219196.19,219196.19,0.0,0.0,0.0,0.0,0.0,0.0,0.0,0.0,2018-07-01,0.0,0.0,0.0
2018,7,U.N. DE MOQUEGUA,8115705.8,0.0,0.0,0.0,8115705.8,0.0,0.0,0.0,0.0,0.0,0.0,0.0,0.0,2018-07-01,0.0,0.0,0.0
2018,7,U.N. DE PIURA,20915.12,0.0,0.0,957349.44,978264.56,0.0,0.0,0.0,0.0,0.0,0.0,0.0,0.0,2018-07-01,0.0,0.0,0.0
2018,7,U.N. DE SAN AGUSTIN,26627368.91,0.0,0.0,0.0,26627368.91,0.0,0.0,0.0,0.0,0.0,0.0,0.0,0.0,2018-07-01,0.0,0.0,0.0
2018,7,U.N. DE SAN ANTONIO ABAD DEL CUSCO,6586168.529999999,0.0,0.0,0.0,6586168.529999999,0.0,0.0,0.0,0.0,0.0,0.0,0.0,0.0,2018-07-01,0.0,0.0,0.0
2018,7,U.N. DE SAN MARTIN,61516.55,0.0,0.0,0.0,61516.55,0.0,0.0,0.0,0.0,0.0,0.0,0.0,0.0,2018-07-01,0.0,0.0,0.0
2018,7,U.N. DE TRUJILLO,6379706.079999999,0.0,0.0,0.0,6379706.079999999,0.0,0.0,0.0,0.0,0.0,0.0,0.0,0.0,2018-07-01,0.0,0.0,0.0
2018,7,U.N. DE TUMBES,1135.74,0.0,0.0,482934.81,484070.55,0.0,0.0,0.0,0.0,0.0,0.0,0.0,0.0,2018-07-01,0.0,0.0,0.0
2018,7,U.N. DE UCAYALI,0.0,0.0,0.0,71445.67,71445.67,0.0,0.0,0.0,0.0,0.0,0.0,0.0,0.0,2018-07-01,0.0,0.0,0.0
2018,7,U.N. DEL ALTIPLANO,2310366.54,0.0,0.0,0.0,2310366.54,0.0,0.0,0.0,0.0,0.0,0.0,0.0,0.0,2018-07-01,0.0,0.0,0.0
2018,7,U.N. DEL CALLAO,120.05,0.0,0.0,0.0,120.05,0.0,0.0,0.0,0.0,0.0,0.0,0.0,0.0,2018-07-01,0.0,0.0,0.0
2018,7,U.N. DEL CENTRO DEL PERU,2349680.82,0.0,0.0,0.0,2349680.82,0.0,0.0,0.0,0.0,0.0,0.0,0.0,0.0,2018-07-01,0.0,0.0,0.0
2018,7,U.N. DEL SANTA,27280901.03,0.0,0.0,0.0,27280901.03,0.0,0.0,0.0,0.0,0.0,0.0,0.0,0.0,2018-07-01,0.0,0.0,0.0
2018,7,U.N. FEDERICO VILLARREAL,52884.77,0.0,0.0,0.0,52884.77,0.0,0.0,0.0,0.0,0.0,0.0,0.0,0.0,2018-07-01,0.0,0.0,0.0
2018,7,U.N. HERMILIO VALDIZAN,211117.91,0.0,0.0,0.0,211117.91,0.0,0.0,0.0,0.0,0.0,0.0,0.0,0.0,2018-07-01,0.0,0.0,0.0
2018,7,U.N. INTERCULTURAL DE LA AMAZONIA,0.0,0.0,0.0,71445.67,71445.67,0.0,0.0,0.0,0.0,0.0,0.0,0.0,0.0,2018-07-01,0.0,0.0,0.0
2018,7,U.N. INTERCULTURAL DE LA SELVA CENTRAL JUAN SANTOS ATAHUALPA,2349680.84,0.0,0.0,0.0,2349680.84,0.0,0.0,0.0,0.0,0.0,0.0,0.0,0.0,2018-07-01,0.0,0.0,0.0
2018,7,U.N. INTERCULTURAL DE QUILLABAMBA,6586168.550000001,0.0,0.0,0.0,6586168.550000001,0.0,0.0,0.0,0.0,0.0,0.0,0.0,0.0,2018-07-01,0.0,0.0,0.0
2018,7,U.N. JORGE BASADRE GROHMANN,8338587.939999999,0.0,0.0,0.0,8338587.939999999,0.0,0.0,0.0,0.0,0.0,0.0,0.0,0.0,2018-07-01,0.0,0.0,0.0
2018,7,U.N. JOSE FAUSTINO SANCHEZ CARRION,1677523.36,0.0,0.0,0.0,1677523.36,0.0,0.0,0.0,0.0,0.0,0.0,0.0,0.0,2018-07-01,0.0,0.0,0.0
2018,7,U.N. JOSE MARIA ARGUEDAS,292705.54,0.0,0.0,0.0,292705.54,0.0,0.0,0.0,0.0,0.0,0.0,0.0,0.0,2018-07-01,0.0,0.0,0.0
2018,7,U.N. MAYOR DE SAN MARCOS,52884.78,0.0,0.0,0.0,52884.78,0.0,0.0,0.0,0.0,0.0,0.0,0.0,0.0,2018-07-01,0.0,0.0,0.0
2018,7,U.N. MICAELA BASTIDAS DE APURIMAC,292705.54,0.0,0.0,0.0,292705.54,0.0,0.0,0.0,0.0,0.0,0.0,0.0,0.0,2018-07-01,0.0,0.0,0.0
2018,7,U.N. PEDRO RUIZ GALLO,271.94,0.0,0.0,0.0,271.94,0.0,0.0,0.0,0.0,0.0,0.0,0.0,0.0,2018-07-01,0.0,0.0,0.0
2018,7,U.N. SAN CRISTOBAL DE HUAMANGA,817491.75,0.0,0.0,0.0,817491.75,0.0,0.0,0.0,0.0,0.0,0.0,0.0,0.0,2018-07-01,0.0,0.0,0.0
2018,7,U.N. SAN LUIS GONZAGA DE ICA,8345176.96,0.0,0.0,0.0,8345176.96,0.0,0.0,0.0,0.0,0.0,0.0,0.0,0.0,2018-07-01,0.0,0.0,0.0
2018,7,U.N. SANTIAGO ANTUNEZ DE MAYOLO,27280901.0,0.0,0.0,0.0,27280901.0,0.0,0.0,0.0,0.0,0.0,0.0,0.0,0.0,2018-07-01,0.0,0.0,0.0
2018,7,U.N. TECNOLOGICA DEL CONO SUR DE LIMA,52884.78,0.0,0.0,0.0,52884.78,0.0,0.0,0.0,0.0,0.0,0.0,0.0,0.0,2018-07-01,0.0,0.0,0.0
2018,8, ,118466002.16,492118199.11,0.0,43609241.99,654193443.26,155786068.49,39814220.35,195600288.84,1610102329.75,362664302.26,0.225243014409097,0.4063055069062451,0.225243014409097,2018-08-01,19.091583797363484,0.05073441554009668,0.09151747714657883
2018,8,GOBIERNO REGIONAL DEL DEPARTAMENTO DE ANCASH,182120.59,0.0,0.0,0.0,182120.59,0.0,0.0,0.0,0.0,0.0,0.0,0.0,0.0,2018-08-01,0.0,0.0,0.0
2018,8,GOBIERNO REGIONAL DEL DEPARTAMENTO DE APURIMAC,1061088.0,0.0,3578922.0,0.0,4640010.0,0.0,0.0,0.0,0.0,0.0,0.0,0.0,0.0,2018-08-01,0.0,0.0,0.0
2018,8,GOBIERNO REGIONAL DEL DEPARTAMENTO DE AREQUIPA,78799.92,0.0,0.0,0.0,78799.92,0.0,0.0,0.0,0.0,0.0,0.0,0.0,0.0,2018-08-01,0.0,0.0,0.0
2018,8,GOBIERNO REGIONAL DEL DEPARTAMENTO DE CAJAMARCA,3189515.05,0.0,0.0,0.0,3189515.05,0.0,0.0,0.0,0.0,0.0,0.0,0.0,0.0,2018-08-01,0.0,0.0,0.0
2018,8,GOBIERNO REGIONAL DEL DEPARTAMENTO DE CUSCO,28200521.72,0.0,0.0,0.0,28200521.72,0.0,0.0,0.0,0.0,0.0,0.0,0.0,0.0,2018-08-01,0.0,0.0,0.0
2018,8,GOBIERNO REGIONAL DEL DEPARTAMENTO DE HUANCAVELICA,1652417.72,0.0,0.0,0.0,1652417.72,0.0,0.0,0.0,0.0,0.0,0.0,0.0,0.0,2018-08-01,0.0,0.0,0.0
2018,8,GOBIERNO REGIONAL DEL DEPARTAMENTO DE HUANUCO,1788858.9,0.0,0.0,0.0,1788858.9,0.0,0.0,0.0,0.0,0.0,0.0,0.0,0.0,2018-08-01,0.0,0.0,0.0
2018,8,GOBIERNO REGIONAL DEL DEPARTAMENTO DE JUNIN,204184.98,0.0,0.0,0.0,204184.98,0.0,0.0,0.0,0.0,0.0,0.0,0.0,0.0,2018-08-01,0.0,0.0,0.0
2018,8,GOBIERNO REGIONAL DEL DEPARTAMENTO DE LA LIBERTAD,12140.11,0.0,0.0,0.0,12140.11,0.0,0.0,0.0,0.0,0.0,0.0,0.0,0.0,2018-08-01,0.0,0.0,0.0
2018,8,GOBIERNO REGIONAL DEL DEPARTAMENTO DE LAMBAYEQUE,135.97,0.0,0.0,0.0,135.97,0.0,0.0,0.0,0.0,0.0,0.0,0.0,0.0,2018-08-01,0.0,0.0,0.0
2018,8,GOBIERNO REGIONAL DEL DEPARTAMENTO DE LIMA,1084311.47,0.0,0.0,0.0,1084311.47,0.0,0.0,0.0,0.0,0.0,0.0,0.0,0.0,2018-08-01,0.0,0.0,0.0
2018,8,GOBIERNO REGIONAL DEL DEPARTAMENTO DE LORETO,1550000.0,0.0,0.0,3185273.11,4735273.109999999,0.0,0.0,0.0,0.0,0.0,0.0,0.0,0.0,2018-08-01,0.0,0.0,0.0
2018,8,GOBIERNO REGIONAL DEL DEPARTAMENTO DE MOQUEGUA,500000.0,0.0,0.0,0.0,500000.0,0.0,0.0,0.0,0.0,0.0,0.0,0.0,0.0,2018-08-01,0.0,0.0,0.0
2018,8,GOBIERNO REGIONAL DEL DEPARTAMENTO DE PASCO,10840.92,0.0,0.0,0.0,10840.92,0.0,0.0,0.0,0.0,0.0,0.0,0.0,0.0,2018-08-01,0.0,0.0,0.0
2018,8,GOBIERNO REGIONAL DEL DEPARTAMENTO DE PIURA,13902.43,0.0,0.0,7443672.59,7457575.02,0.0,0.0,0.0,0.0,0.0,0.0,0.0,0.0,2018-08-01,0.0,0.0,0.0
2018,8,GOBIERNO REGIONAL DEL DEPARTAMENTO DE PUNO,64892.56,0.0,0.0,0.0,64892.56,0.0,0.0,0.0,0.0,0.0,0.0,0.0,0.0,2018-08-01,0.0,0.0,0.0
2018,8,GOBIERNO REGIONAL DEL DEPARTAMENTO DE SAN MARTIN,15289.149999999998,0.0,0.0,0.0,15289.149999999998,0.0,0.0,0.0,0.0,0.0,0.0,0.0,0.0,2018-08-01,0.0,0.0,0.0
2018,8,GOBIERNO REGIONAL DEL DEPARTAMENTO DE TACNA,7878.11,0.0,0.0,0.0,7878.11,0.0,0.0,0.0,0.0,0.0,0.0,0.0,0.0,2018-08-01,0.0,0.0,0.0
2018,8,GOBIERNO REGIONAL DEL DEPARTAMENTO DE TUMBES,0.0,0.0,0.0,3881584.31,3881584.31,0.0,0.0,0.0,0.0,0.0,0.0,0.0,0.0,2018-08-01,0.0,0.0,0.0
2018,8,GOBIERNO REGIONAL DEL DEPARTAMENTO DE UCAYALI,0.0,0.0,0.0,1368191.98,1368191.98,0.0,0.0,0.0,0.0,0.0,0.0,0.0,0.0,2018-08-01,0.0,0.0,0.0
2018,8,INSTITUTO DE INVESTIGACIONES DE LA AMAZONIA PERUANA,0.0,0.0,0.0,282245.47,282245.47,0.0,0.0,0.0,0.0,0.0,0.0,0.0,0.0,2018-08-01,0.0,0.0,0.0
2018,8,MUNICIPALIDAD METROPOLITANA DE LIMA,97797.72,0.0,0.0,0.0,97797.72,0.0,0.0,0.0,0.0,0.0,0.0,0.0,0.0,2018-08-01,0.0,0.0,0.0
2018,8,U. N. AUTONOMA DE TAYACAJA DANIEL HERNANDEZ MORILLO,156552.22,0.0,0.0,0.0,156552.22,0.0,0.0,0.0,0.0,0.0,0.0,0.0,0.0,2018-08-01,0.0,0.0,0.0
2018,8,U. N. AUTÓNOMA ALTOANDINA DE TARMA,17015.41,0.0,0.0,0.0,17015.41,0.0,0.0,0.0,0.0,0.0,0.0,0.0,0.0,2018-08-01,0.0,0.0,0.0
2018,8,U.N. AGRARIA DE LA SELVA,2039.58,0.0,0.0,0.0,2039.58,0.0,0.0,0.0,0.0,0.0,0.0,0.0,0.0,2018-08-01,0.0,0.0,0.0
2018,8,U.N. AGRARIA LA MOLINA,2716.6,0.0,0.0,0.0,2716.6,0.0,0.0,0.0,0.0,0.0,0.0,0.0,0.0,2018-08-01,0.0,0.0,0.0
2018,8,U.N. AUTONOMA DE CHOTA,10095.5,0.0,0.0,0.0,10095.5,0.0,0.0,0.0,0.0,0.0,0.0,0.0,0.0,2018-08-01,0.0,0.0,0.0
2018,8,U.N. CIRO ALEGRIA,1517.52,0.0,0.0,0.0,1517.52,0.0,0.0,0.0,0.0,0.0,0.0,0.0,0.0,2018-08-01,0.0,0.0,0.0
2018,8,U.N. DANIEL ALCIDES CARRION,2710.23,0.0,0.0,0.0,2710.23,0.0,0.0,0.0,0.0,0.0,0.0,0.0,0.0,2018-08-01,0.0,0.0,0.0
2018,8,U.N. DE BARRANCA,63450.04,0.0,0.0,0.0,63450.04,0.0,0.0,0.0,0.0,0.0,0.0,0.0,0.0,2018-08-01,0.0,0.0,0.0
2018,8,U.N. DE CAJAMARCA,10095.51,0.0,0.0,0.0,10095.51,0.0,0.0,0.0,0.0,0.0,0.0,0.0,0.0,2018-08-01,0.0,0.0,0.0
2018,8,U.N. DE CAÑETE,63450.04,0.0,0.0,0.0,63450.04,0.0,0.0,0.0,0.0,0.0,0.0,0.0,0.0,2018-08-01,0.0,0.0,0.0
2018,8,U.N. DE EDUCACION ENRIQUE GUZMAN Y VALLE,2716.61,0.0,0.0,0.0,2716.61,0.0,0.0,0.0,0.0,0.0,0.0,0.0,0.0,2018-08-01,0.0,0.0,0.0
2018,8,U.N. DE FRONTERA,1737.8,0.0,0.0,998367.37,1000105.17,0.0,0.0,0.0,0.0,0.0,0.0,0.0,0.0,2018-08-01,0.0,0.0,0.0
2018,8,U.N. DE HUANCAVELICA,156552.21,0.0,0.0,0.0,156552.21,0.0,0.0,0.0,0.0,0.0,0.0,0.0,0.0,2018-08-01,0.0,0.0,0.0
2018,8,U.N. DE INGENIERIA,2716.6,0.0,0.0,0.0,2716.6,0.0,0.0,0.0,0.0,0.0,0.0,0.0,0.0,2018-08-01,0.0,0.0,0.0
2018,8,U.N. DE JAEN,10095.5,0.0,0.0,0.0,10095.5,0.0,0.0,0.0,0.0,0.0,0.0,0.0,0.0,2018-08-01,0.0,0.0,0.0
2018,8,U.N. DE JULIACA,8111.57,0.0,0.0,0.0,8111.57,0.0,0.0,0.0,0.0,0.0,0.0,0.0,0.0,2018-08-01,0.0,0.0,0.0
2018,8,U.N. DE LA AMAZONIA PERUANA,0.0,0.0,0.0,306276.26,306276.26,0.0,0.0,0.0,0.0,0.0,0.0,0.0,0.0,2018-08-01,0.0,0.0,0.0
2018,8,U.N. DE PIURA,1737.81,0.0,0.0,998367.37,1000105.18,0.0,0.0,0.0,0.0,0.0,0.0,0.0,0.0,2018-08-01,0.0,0.0,0.0
2018,8,U.N. DE SAN AGUSTIN,19699.98,0.0,0.0,0.0,19699.98,0.0,0.0,0.0,0.0,0.0,0.0,0.0,0.0,2018-08-01,0.0,0.0,0.0
2018,8,U.N. DE SAN ANTONIO ABAD DEL CUSCO,2395304.0,0.0,0.0,0.0,2395304.0,0.0,0.0,0.0,0.0,0.0,0.0,0.0,0.0,2018-08-01,0.0,0.0,0.0
2018,8,U.N. DE SAN MARTIN,3822.29,0.0,0.0,0.0,3822.29,0.0,0.0,0.0,0.0,0.0,0.0,0.0,0.0,2018-08-01,0.0,0.0,0.0
2018,8,U.N. DE TRUJILLO,1517.51,0.0,0.0,0.0,1517.51,0.0,0.0,0.0,0.0,0.0,0.0,0.0,0.0,2018-08-01,0.0,0.0,0.0
2018,8,U.N. DE TUMBES,0.0,0.0,0.0,650215.46,650215.46,0.0,0.0,0.0,0.0,0.0,0.0,0.0,0.0,2018-08-01,0.0,0.0,0.0
2018,8,U.N. DE UCAYALI,0.0,0.0,0.0,100877.14,100877.14,0.0,0.0,0.0,0.0,0.0,0.0,0.0,0.0,2018-08-01,0.0,0.0,0.0
2018,8,U.N. DEL ALTIPLANO,8111.57,0.0,0.0,0.0,8111.57,0.0,0.0,0.0,0.0,0.0,0.0,0.0,0.0,2018-08-01,0.0,0.0,0.0
2018,8,U.N. DEL CENTRO DEL PERU,17015.41,0.0,0.0,0.0,17015.41,0.0,0.0,0.0,0.0,0.0,0.0,0.0,0.0,2018-08-01,0.0,0.0,0.0
2018,8,U.N. DEL SANTA,22765.08,0.0,0.0,0.0,22765.08,0.0,0.0,0.0,0.0,0.0,0.0,0.0,0.0,2018-08-01,0.0,0.0,0.0
2018,8,U.N. FEDERICO VILLARREAL,2716.6,0.0,0.0,0.0,2716.6,0.0,0.0,0.0,0.0,0.0,0.0,0.0,0.0,2018-08-01,0.0,0.0,0.0
2018,8,U.N. HERMILIO VALDIZAN,2039.57,0.0,0.0,0.0,2039.57,0.0,0.0,0.0,0.0,0.0,0.0,0.0,0.0,2018-08-01,0.0,0.0,0.0
2018,8,U.N. INTERCULTURAL DE LA AMAZONIA,0.0,0.0,0.0,100877.14,100877.14,0.0,0.0,0.0,0.0,0.0,0.0,0.0,0.0,2018-08-01,0.0,0.0,0.0
2018,8,U.N. INTERCULTURAL DE LA SELVA CENTRAL JUAN SANTOS ATAHUALPA,17015.42,0.0,0.0,0.0,17015.42,0.0,0.0,0.0,0.0,0.0,0.0,0.0,0.0,2018-08-01,0.0,0.0,0.0
2018,8,U.N. INTERCULTURAL DE QUILLABAMBA,2395304.02,0.0,0.0,0.0,2395304.02,0.0,0.0,0.0,0.0,0.0,0.0,0.0,0.0,2018-08-01,0.0,0.0,0.0
2018,8,U.N. JORGE BASADRE GROHMANN,1969.53,0.0,0.0,0.0,1969.53,0.0,0.0,0.0,0.0,0.0,0.0,0.0,0.0,2018-08-01,0.0,0.0,0.0
2018,8,U.N. JOSE FAUSTINO SANCHEZ CARRION,63450.04,0.0,0.0,0.0,63450.04,0.0,0.0,0.0,0.0,0.0,0.0,0.0,0.0,2018-08-01,0.0,0.0,0.0
2018,8,U.N. MAYOR DE SAN MARCOS,2716.61,0.0,0.0,0.0,2716.61,0.0,0.0,0.0,0.0,0.0,0.0,0.0,0.0,2018-08-01,0.0,0.0,0.0
2018,8,U.N. SANTIAGO ANTUNEZ DE MAYOLO,22765.07,0.0,0.0,0.0,22765.07,0.0,0.0,0.0,0.0,0.0,0.0,0.0,0.0,2018-08-01,0.0,0.0,0.0
2018,8,U.N. TECNOLOGICA DEL CONO SUR DE LIMA,2716.61,0.0,0.0,0.0,2716.61,0.0,0.0,0.0,0.0,0.0,0.0,0.0,0.0,2018-08-01,0.0,0.0,0.0
2018,9, ,50777952.05,480019939.82,54506550.77,729638.72,586034081.36,181763894.83,42702518.6,224466413.43,1406152760.17,245412597.97,0.174527693520532,0.4167641652882365,0.174527693520532,2018-09-01,19.229236652307033,0.030459915805596743,0.07273688850976567
2018,9,GOBIERNO REGIONAL DE LA PROVINCIA CONSTITUCIONAL DEL CALLAO,359749.62,0.0,0.0,0.0,359749.62,0.0,0.0,0.0,0.0,0.0,0.0,0.0,0.0,2018-09-01,0.0,0.0,0.0
2018,9,GOBIERNO REGIONAL DEL DEPARTAMENTO DE ANCASH,1611392.13,0.0,0.0,0.0,1611392.13,0.0,0.0,0.0,0.0,0.0,0.0,0.0,0.0,2018-09-01,0.0,0.0,0.0
2018,9,GOBIERNO REGIONAL DEL DEPARTAMENTO DE APURIMAC,600000.0,0.0,9219978.29,0.0,9819978.29,0.0,0.0,0.0,0.0,0.0,0.0,0.0,0.0,2018-09-01,0.0,0.0,0.0
2018,9,GOBIERNO REGIONAL DEL DEPARTAMENTO DE AREQUIPA,282238.2,0.0,0.0,0.0,282238.2,0.0,0.0,0.0,0.0,0.0,0.0,0.0,0.0,2018-09-01,0.0,0.0,0.0
2018,9,GOBIERNO REGIONAL DEL DEPARTAMENTO DE CAJAMARCA,121146.05,0.0,0.0,0.0,121146.05,0.0,0.0,0.0,0.0,0.0,0.0,0.0,0.0,2018-09-01,0.0,0.0,0.0
2018,9,GOBIERNO REGIONAL DEL DEPARTAMENTO DE CUSCO,4230599.5600000005,0.0,0.0,0.0,4230599.5600000005,0.0,0.0,0.0,0.0,0.0,0.0,0.0,0.0,2018-09-01,0.0,0.0,0.0
2018,9,GOBIERNO REGIONAL DEL DEPARTAMENTO DE HUANCAVELICA,840730.24,0.0,0.0,0.0,840730.24,0.0,0.0,0.0,0.0,0.0,0.0,0.0,0.0,2018-09-01,0.0,0.0,0.0
2018,9,GOBIERNO REGIONAL DEL DEPARTAMENTO DE HUANUCO,24474.9,0.0,0.0,0.0,24474.9,0.0,0.0,0.0,0.0,0.0,0.0,0.0,0.0,2018-09-01,0.0,0.0,0.0
2018,9,GOBIERNO REGIONAL DEL DEPARTAMENTO DE ICA,13286720.85,0.0,0.0,0.0,13286720.85,0.0,0.0,0.0,0.0,0.0,0.0,0.0,0.0,2018-09-01,0.0,0.0,0.0
2018,9,GOBIERNO REGIONAL DEL DEPARTAMENTO DE JUNIN,204184.98,0.0,0.0,0.0,204184.98,0.0,0.0,0.0,0.0,0.0,0.0,0.0,0.0,2018-09-01,0.0,0.0,0.0
2018,9,GOBIERNO REGIONAL DEL DEPARTAMENTO DE LA LIBERTAD,839629.21,0.0,0.0,0.0,839629.21,0.0,0.0,0.0,0.0,0.0,0.0,0.0,0.0,2018-09-01,0.0,0.0,0.0
2018,9,GOBIERNO REGIONAL DEL DEPARTAMENTO DE LIMA,1709671.0299999998,0.0,0.0,0.0,1709671.0299999998,0.0,0.0,0.0,0.0,0.0,0.0,0.0,0.0,2018-09-01,0.0,0.0,0.0
2018,9,GOBIERNO REGIONAL DEL DEPARTAMENTO DE LORETO,1980000.0,0.0,0.0,0.0,1980000.0,0.0,0.0,0.0,0.0,0.0,0.0,0.0,0.0,2018-09-01,0.0,0.0,0.0
2018,9,GOBIERNO REGIONAL DEL DEPARTAMENTO DE MOQUEGUA,500332.25,0.0,0.0,0.0,500332.25,0.0,0.0,0.0,0.0,0.0,0.0,0.0,0.0,2018-09-01,0.0,0.0,0.0
2018,9,GOBIERNO REGIONAL DEL DEPARTAMENTO DE PASCO,10840.92,0.0,0.0,0.0,10840.92,0.0,0.0,0.0,0.0,0.0,0.0,0.0,0.0,2018-09-01,0.0,0.0,0.0
2018,9,GOBIERNO REGIONAL DEL DEPARTAMENTO DE PIURA,209897.79000000004,0.0,0.0,6605512.82,6815410.61,0.0,0.0,0.0,0.0,0.0,0.0,0.0,0.0,2018-09-01,0.0,0.0,0.0
2018,9,GOBIERNO REGIONAL DEL DEPARTAMENTO DE PUNO,64892.56,0.0,0.0,0.0,64892.56,0.0,0.0,0.0,0.0,0.0,0.0,0.0,0.0,2018-09-01,0.0,0.0,0.0
2018,9,GOBIERNO REGIONAL DEL DEPARTAMENTO DE SAN MARTIN,15289.149999999998,0.0,0.0,0.0,15289.149999999998,0.0,0.0,0.0,0.0,0.0,0.0,0.0,0.0,2018-09-01,0.0,0.0,0.0
2018,9,GOBIERNO REGIONAL DEL DEPARTAMENTO DE TACNA,8338.109999999999,0.0,0.0,0.0,8338.109999999999,0.0,0.0,0.0,0.0,0.0,0.0,0.0,0.0,2018-09-01,0.0,0.0,0.0
2018,9,GOBIERNO REGIONAL DEL DEPARTAMENTO DE TUMBES,24.020000000000003,0.0,0.0,65146.31,65170.33,0.0,0.0,0.0,0.0,0.0,0.0,0.0,0.0,2018-09-01,0.0,0.0,0.0
2018,9,GOBIERNO REGIONAL DEL DEPARTAMENTO DE UCAYALI,0.0,0.0,0.0,558271.0,558271.0,0.0,0.0,0.0,0.0,0.0,0.0,0.0,0.0,2018-09-01,0.0,0.0,0.0
2018,9,MUNICIPALIDAD METROPOLITANA DE LIMA,98080.34,0.0,0.0,0.0,98080.34,0.0,0.0,0.0,0.0,0.0,0.0,0.0,0.0,2018-09-01,0.0,0.0,0.0
2018,9,U. N. AUTONOMA DE TAYACAJA DANIEL HERNANDEZ MORILLO,156552.22,0.0,0.0,0.0,156552.22,0.0,0.0,0.0,0.0,0.0,0.0,0.0,0.0,2018-09-01,0.0,0.0,0.0
2018,9,U. N. AUTÓNOMA ALTOANDINA DE TARMA,17015.41,0.0,0.0,0.0,17015.41,0.0,0.0,0.0,0.0,0.0,0.0,0.0,0.0,2018-09-01,0.0,0.0,0.0
2018,9,U.N. AGRARIA DE LA SELVA,2039.58,0.0,0.0,0.0,2039.58,0.0,0.0,0.0,0.0,0.0,0.0,0.0,0.0,2018-09-01,0.0,0.0,0.0
2018,9,U.N. AGRARIA LA MOLINA,2724.45,0.0,0.0,0.0,2724.45,0.0,0.0,0.0,0.0,0.0,0.0,0.0,0.0,2018-09-01,0.0,0.0,0.0
2018,9,U.N. AUTONOMA DE CHOTA,10095.5,0.0,0.0,0.0,10095.5,0.0,0.0,0.0,0.0,0.0,0.0,0.0,0.0,2018-09-01,0.0,0.0,0.0
2018,9,U.N. CIRO ALEGRIA,104953.66,0.0,0.0,0.0,104953.66,0.0,0.0,0.0,0.0,0.0,0.0,0.0,0.0,2018-09-01,0.0,0.0,0.0
2018,9,U.N. DANIEL ALCIDES CARRION,2710.23,0.0,0.0,0.0,2710.23,0.0,0.0,0.0,0.0,0.0,0.0,0.0,0.0,2018-09-01,0.0,0.0,0.0
2018,9,U.N. DE BARRANCA,142472.58,0.0,0.0,0.0,142472.58,0.0,0.0,0.0,0.0,0.0,0.0,0.0,0.0,2018-09-01,0.0,0.0,0.0
2018,9,U.N. DE CAJAMARCA,10095.51,0.0,0.0,0.0,10095.51,0.0,0.0,0.0,0.0,0.0,0.0,0.0,0.0,2018-09-01,0.0,0.0,0.0
2018,9,U.N. DE CAÑETE,142472.59,0.0,0.0,0.0,142472.59,0.0,0.0,0.0,0.0,0.0,0.0,0.0,0.0,2018-09-01,0.0,0.0,0.0
2018,9,U.N. DE EDUCACION ENRIQUE GUZMAN Y VALLE,2724.4700000000003,0.0,0.0,0.0,2724.4700000000003,0.0,0.0,0.0,0.0,0.0,0.0,0.0,0.0,2018-09-01,0.0,0.0,0.0
2018,9,U.N. DE FRONTERA,26237.22,0.0,0.0,19544.0,45781.22,0.0,0.0,0.0,0.0,0.0,0.0,0.0,0.0,2018-09-01,0.0,0.0,0.0
2018,9,U.N. DE HUANCAVELICA,156552.21,0.0,0.0,0.0,156552.21,0.0,0.0,0.0,0.0,0.0,0.0,0.0,0.0,2018-09-01,0.0,0.0,0.0
2018,9,U.N. DE INGENIERIA,2724.45,0.0,0.0,0.0,2724.45,0.0,0.0,0.0,0.0,0.0,0.0,0.0,0.0,2018-09-01,0.0,0.0,0.0
2018,9,U.N. DE JAEN,10095.5,0.0,0.0,0.0,10095.5,0.0,0.0,0.0,0.0,0.0,0.0,0.0,0.0,2018-09-01,0.0,0.0,0.0
2018,9,U.N. DE JULIACA,8111.57,0.0,0.0,0.0,8111.57,0.0,0.0,0.0,0.0,0.0,0.0,0.0,0.0,2018-09-01,0.0,0.0,0.0
2018,9,U.N. DE MOQUEGUA,25083.06,0.0,0.0,0.0,25083.06,0.0,0.0,0.0,0.0,0.0,0.0,0.0,0.0,2018-09-01,0.0,0.0,0.0
2018,9,U.N. DE PIURA,26237.23,0.0,0.0,19544.0,45781.23,0.0,0.0,0.0,0.0,0.0,0.0,0.0,0.0,2018-09-01,0.0,0.0,0.0
2018,9,U.N. DE SAN AGUSTIN,33535.05,0.0,0.0,0.0,33535.05,0.0,0.0,0.0,0.0,0.0,0.0,0.0,0.0,2018-09-01,0.0,0.0,0.0
2018,9,U.N. DE SAN ANTONIO ABAD DEL CUSCO,530261.9299999999,0.0,0.0,0.0,530261.9299999999,0.0,0.0,0.0,0.0,0.0,0.0,0.0,0.0,2018-09-01,0.0,0.0,0.0
2018,9,U.N. DE SAN MARTIN,3822.29,0.0,0.0,0.0,3822.29,0.0,0.0,0.0,0.0,0.0,0.0,0.0,0.0,2018-09-01,0.0,0.0,0.0
2018,9,U.N. DE TRUJILLO,104953.64,0.0,0.0,0.0,104953.64,0.0,0.0,0.0,0.0,0.0,0.0,0.0,0.0,2018-09-01,0.0,0.0,0.0
2018,9,U.N. DE TUMBES,6.01,0.0,0.0,13029.0,13035.01,0.0,0.0,0.0,0.0,0.0,0.0,0.0,0.0,2018-09-01,0.0,0.0,0.0
2018,9,U.N. DEL ALTIPLANO,8111.57,0.0,0.0,0.0,8111.57,0.0,0.0,0.0,0.0,0.0,0.0,0.0,0.0,2018-09-01,0.0,0.0,0.0
2018,9,U.N. DEL CALLAO,89937.41,0.0,0.0,0.0,89937.41,0.0,0.0,0.0,0.0,0.0,0.0,0.0,0.0,2018-09-01,0.0,0.0,0.0
2018,9,U.N. DEL CENTRO DEL PERU,17015.41,0.0,0.0,0.0,17015.41,0.0,0.0,0.0,0.0,0.0,0.0,0.0,0.0,2018-09-01,0.0,0.0,0.0
2018,9,U.N. DEL SANTA,201424.03000000003,0.0,0.0,0.0,201424.03000000003,0.0,0.0,0.0,0.0,0.0,0.0,0.0,0.0,2018-09-01,0.0,0.0,0.0
2018,9,U.N. FEDERICO VILLARREAL,2724.45,0.0,0.0,0.0,2724.45,0.0,0.0,0.0,0.0,0.0,0.0,0.0,0.0,2018-09-01,0.0,0.0,0.0
2018,9,U.N. HERMILIO VALDIZAN,2039.57,0.0,0.0,0.0,2039.57,0.0,0.0,0.0,0.0,0.0,0.0,0.0,0.0,2018-09-01,0.0,0.0,0.0
2018,9,U.N. INTERCULTURAL DE LA SELVA CENTRAL JUAN SANTOS ATAHUALPA,17015.42,0.0,0.0,0.0,17015.42,0.0,0.0,0.0,0.0,0.0,0.0,0.0,0.0,2018-09-01,0.0,0.0,0.0
2018,9,U.N. INTERCULTURAL DE QUILLABAMBA,530261.94,0.0,0.0,0.0,530261.94,0.0,0.0,0.0,0.0,0.0,0.0,0.0,0.0,2018-09-01,0.0,0.0,0.0
2018,9,U.N. JORGE BASADRE GROHMANN,2084.53,0.0,0.0,0.0,2084.53,0.0,0.0,0.0,0.0,0.0,0.0,0.0,0.0,2018-09-01,0.0,0.0,0.0
2018,9,U.N. JOSE FAUSTINO SANCHEZ CARRION,142472.59,0.0,0.0,0.0,142472.59,0.0,0.0,0.0,0.0,0.0,0.0,0.0,0.0,2018-09-01,0.0,0.0,0.0
2018,9,U.N. JOSE MARIA ARGUEDAS,0.0,0.0,1703329.71,0.0,1703329.71,0.0,0.0,0.0,0.0,0.0,0.0,0.0,0.0,2018-09-01,0.0,0.0,0.0
2018,9,U.N. MAYOR DE SAN MARCOS,2724.46,0.0,0.0,0.0,2724.46,0.0,0.0,0.0,0.0,0.0,0.0,0.0,0.0,2018-09-01,0.0,0.0,0.0
2018,9,U.N. MICAELA BASTIDAS DE APURIMAC,0.0,0.0,1703329.71,0.0,1703329.71,0.0,0.0,0.0,0.0,0.0,0.0,0.0,0.0,2018-09-01,0.0,0.0,0.0
2018,9,U.N. SAN LUIS GONZAGA DE ICA,103285.71,0.0,0.0,0.0,103285.71,0.0,0.0,0.0,0.0,0.0,0.0,0.0,0.0,2018-09-01,0.0,0.0,0.0
2018,9,U.N. SANTIAGO ANTUNEZ DE MAYOLO,201424.01,0.0,0.0,0.0,201424.01,0.0,0.0,0.0,0.0,0.0,0.0,0.0,0.0,2018-09-01,0.0,0.0,0.0
2018,9,U.N. TECNOLOGICA DEL CONO SUR DE LIMA,2724.46,0.0,0.0,0.0,2724.46,0.0,0.0,0.0,0.0,0.0,0.0,0.0,0.0,2018-09-01,0.0,0.0,0.0
2018,10, ,208366146.54,499312705.35,12436737.86,92910891.11,813026480.86,202682270.48,33846404.2,236528674.68,2196919576.29,217962945.32,0.0992129833391899,0.3700756685108067,0.0992129833391899,2018-10-01,19.281580008778604,0.009843216063062373,0.03671631113420223
2018,10,GOBIERNO REGIONAL DEL DEPARTAMENTO DE ANCASH,182120.59,0.0,0.0,0.0,182120.59,0.0,0.0,0.0,0.0,0.0,0.0,0.0,0.0,2018-10-01,0.0,0.0,0.0
2018,10,GOBIERNO REGIONAL DEL DEPARTAMENTO DE APURIMAC,622884.0,0.0,4331888.35,0.0,4954772.35,0.0,0.0,0.0,0.0,0.0,0.0,0.0,0.0,2018-10-01,0.0,0.0,0.0
2018,10,GOBIERNO REGIONAL DEL DEPARTAMENTO DE AREQUIPA,3414852.92,0.0,0.0,0.0,3414852.92,0.0,0.0,0.0,0.0,0.0,0.0,0.0,0.0,2018-10-01,0.0,0.0,0.0
2018,10,GOBIERNO REGIONAL DEL DEPARTAMENTO DE CAJAMARCA,121146.05,0.0,0.0,0.0,121146.05,0.0,0.0,0.0,0.0,0.0,0.0,0.0,0.0,2018-10-01,0.0,0.0,0.0
2018,10,GOBIERNO REGIONAL DEL DEPARTAMENTO DE CUSCO,65449533.62,0.0,0.0,0.0,65449533.62,0.0,0.0,0.0,0.0,0.0,0.0,0.0,0.0,2018-10-01,0.0,0.0,0.0
2018,10,GOBIERNO REGIONAL DEL DEPARTAMENTO DE HUANCAVELICA,1207417.72,0.0,0.0,0.0,1207417.72,0.0,0.0,0.0,0.0,0.0,0.0,0.0,0.0,2018-10-01,0.0,0.0,0.0
2018,10,GOBIERNO REGIONAL DEL DEPARTAMENTO DE HUANUCO,24474.9,0.0,0.0,0.0,24474.9,0.0,0.0,0.0,0.0,0.0,0.0,0.0,0.0,2018-10-01,0.0,0.0,0.0
2018,10,GOBIERNO REGIONAL DEL DEPARTAMENTO DE JUNIN,204184.98,0.0,0.0,0.0,204184.98,0.0,0.0,0.0,0.0,0.0,0.0,0.0,0.0,2018-10-01,0.0,0.0,0.0
2018,10,GOBIERNO REGIONAL DEL DEPARTAMENTO DE LA LIBERTAD,12140.11,0.0,0.0,0.0,12140.11,0.0,0.0,0.0,0.0,0.0,0.0,0.0,0.0,2018-10-01,0.0,0.0,0.0
2018,10,GOBIERNO REGIONAL DEL DEPARTAMENTO DE LIMA,5236707.89,0.0,0.0,0.0,5236707.89,0.0,0.0,0.0,0.0,0.0,0.0,0.0,0.0,2018-10-01,0.0,0.0,0.0
2018,10,GOBIERNO REGIONAL DEL DEPARTAMENTO DE LORETO,2000000.0,0.0,0.0,8940523.85,10940523.85,0.0,0.0,0.0,0.0,0.0,0.0,0.0,0.0,2018-10-01,0.0,0.0,0.0
2018,10,GOBIERNO REGIONAL DEL DEPARTAMENTO DE MOQUEGUA,47792.0,0.0,0.0,0.0,47792.0,0.0,0.0,0.0,0.0,0.0,0.0,0.0,0.0,2018-10-01,0.0,0.0,0.0
2018,10,GOBIERNO REGIONAL DEL DEPARTAMENTO DE PASCO,10840.92,0.0,0.0,0.0,10840.92,0.0,0.0,0.0,0.0,0.0,0.0,0.0,0.0,2018-10-01,0.0,0.0,0.0
2018,10,GOBIERNO REGIONAL DEL DEPARTAMENTO DE PIURA,13902.43,0.0,0.0,26886294.65,26900197.08,0.0,0.0,0.0,0.0,0.0,0.0,0.0,0.0,2018-10-01,0.0,0.0,0.0
2018,10,GOBIERNO REGIONAL DEL DEPARTAMENTO DE PUNO,64892.56,0.0,0.0,0.0,64892.56,0.0,0.0,0.0,0.0,0.0,0.0,0.0,0.0,2018-10-01,0.0,0.0,0.0
2018,10,GOBIERNO REGIONAL DEL DEPARTAMENTO DE SAN MARTIN,15289.149999999998,0.0,0.0,0.0,15289.149999999998,0.0,0.0,0.0,0.0,0.0,0.0,0.0,0.0,2018-10-01,0.0,0.0,0.0
2018,10,GOBIERNO REGIONAL DEL DEPARTAMENTO DE TACNA,660878.11,0.0,0.0,0.0,660878.11,0.0,0.0,0.0,0.0,0.0,0.0,0.0,0.0,2018-10-01,0.0,0.0,0.0
2018,10,GOBIERNO REGIONAL DEL DEPARTAMENTO DE TUMBES,0.0,0.0,0.0,6364087.17,6364087.17,0.0,0.0,0.0,0.0,0.0,0.0,0.0,0.0,2018-10-01,0.0,0.0,0.0
2018,10,GOBIERNO REGIONAL DEL DEPARTAMENTO DE UCAYALI,0.0,0.0,0.0,3094349.47,3094349.47,0.0,0.0,0.0,0.0,0.0,0.0,0.0,0.0,2018-10-01,0.0,0.0,0.0
2018,10,INSTITUTO DE INVESTIGACIONES DE LA AMAZONIA PERUANA,0.0,0.0,0.0,851133.23,851133.23,0.0,0.0,0.0,0.0,0.0,0.0,0.0,0.0,2018-10-01,0.0,0.0,0.0
2018,10,MUNICIPALIDAD METROPOLITANA DE LIMA,97797.72,0.0,0.0,0.0,97797.72,0.0,0.0,0.0,0.0,0.0,0.0,0.0,0.0,2018-10-01,0.0,0.0,0.0
2018,10,U. N. AUTONOMA DE TAYACAJA DANIEL HERNANDEZ MORILLO,156552.22,0.0,0.0,0.0,156552.22,0.0,0.0,0.0,0.0,0.0,0.0,0.0,0.0,2018-10-01,0.0,0.0,0.0
2018,10,U. N. AUTÓNOMA ALTOANDINA DE TARMA,17015.41,0.0,0.0,0.0,17015.41,0.0,0.0,0.0,0.0,0.0,0.0,0.0,0.0,2018-10-01,0.0,0.0,0.0
2018,10,U.N. AGRARIA DE LA SELVA,2039.58,0.0,0.0,0.0,2039.58,0.0,0.0,0.0,0.0,0.0,0.0,0.0,0.0,2018-10-01,0.0,0.0,0.0
2018,10,U.N. AGRARIA LA MOLINA,2716.6,0.0,0.0,0.0,2716.6,0.0,0.0,0.0,0.0,0.0,0.0,0.0,0.0,2018-10-01,0.0,0.0,0.0
2018,10,U.N. AUTONOMA DE CHOTA,10095.5,0.0,0.0,0.0,10095.5,0.0,0.0,0.0,0.0,0.0,0.0,0.0,0.0,2018-10-01,0.0,0.0,0.0
2018,10,U.N. CIRO ALEGRIA,1517.52,0.0,0.0,0.0,1517.52,0.0,0.0,0.0,0.0,0.0,0.0,0.0,0.0,2018-10-01,0.0,0.0,0.0
2018,10,U.N. DANIEL ALCIDES CARRION,2710.23,0.0,0.0,0.0,2710.23,0.0,0.0,0.0,0.0,0.0,0.0,0.0,0.0,2018-10-01,0.0,0.0,0.0
2018,10,U.N. DE BARRANCA,63450.04,0.0,0.0,0.0,63450.04,0.0,0.0,0.0,0.0,0.0,0.0,0.0,0.0,2018-10-01,0.0,0.0,0.0
2018,10,U.N. DE CAJAMARCA,10095.51,0.0,0.0,0.0,10095.51,0.0,0.0,0.0,0.0,0.0,0.0,0.0,0.0,2018-10-01,0.0,0.0,0.0
2018,10,U.N. DE CAÑETE,63450.04,0.0,0.0,0.0,63450.04,0.0,0.0,0.0,0.0,0.0,0.0,0.0,0.0,2018-10-01,0.0,0.0,0.0
2018,10,U.N. DE EDUCACION ENRIQUE GUZMAN Y VALLE,2716.61,0.0,0.0,0.0,2716.61,0.0,0.0,0.0,0.0,0.0,0.0,0.0,0.0,2018-10-01,0.0,0.0,0.0
2018,10,U.N. DE FRONTERA,1737.8,0.0,0.0,2066441.17,2068178.97,0.0,0.0,0.0,0.0,0.0,0.0,0.0,0.0,2018-10-01,0.0,0.0,0.0
2018,10,U.N. DE HUANCAVELICA,156552.21,0.0,0.0,0.0,156552.21,0.0,0.0,0.0,0.0,0.0,0.0,0.0,0.0,2018-10-01,0.0,0.0,0.0
2018,10,U.N. DE INGENIERIA,2716.6,0.0,0.0,0.0,2716.6,0.0,0.0,0.0,0.0,0.0,0.0,0.0,0.0,2018-10-01,0.0,0.0,0.0
2018,10,U.N. DE JAEN,10095.5,0.0,0.0,0.0,10095.5,0.0,0.0,0.0,0.0,0.0,0.0,0.0,0.0,2018-10-01,0.0,0.0,0.0
2018,10,U.N. DE JULIACA,8111.57,0.0,0.0,0.0,8111.57,0.0,0.0,0.0,0.0,0.0,0.0,0.0,0.0,2018-10-01,0.0,0.0,0.0
2018,10,U.N. DE LA AMAZONIA PERUANA,0.0,0.0,0.0,971684.99,971684.99,0.0,0.0,0.0,0.0,0.0,0.0,0.0,0.0,2018-10-01,0.0,0.0,0.0
2018,10,U.N. DE PIURA,1737.81,0.0,0.0,2066441.17,2068178.98,0.0,0.0,0.0,0.0,0.0,0.0,0.0,0.0,2018-10-01,0.0,0.0,0.0
2018,10,U.N. DE SAN AGUSTIN,19699.98,0.0,0.0,0.0,19699.98,0.0,0.0,0.0,0.0,0.0,0.0,0.0,0.0,2018-10-01,0.0,0.0,0.0
2018,10,U.N. DE SAN ANTONIO ABAD DEL CUSCO,4393084.99,0.0,0.0,0.0,4393084.99,0.0,0.0,0.0,0.0,0.0,0.0,0.0,0.0,2018-10-01,0.0,0.0,0.0
2018,10,U.N. DE SAN MARTIN,3822.29,0.0,0.0,0.0,3822.29,0.0,0.0,0.0,0.0,0.0,0.0,0.0,0.0,2018-10-01,0.0,0.0,0.0
2018,10,U.N. DE TRUJILLO,1517.51,0.0,0.0,0.0,1517.51,0.0,0.0,0.0,0.0,0.0,0.0,0.0,0.0,2018-10-01,0.0,0.0,0.0
2018,10,U.N. DE TUMBES,0.0,0.0,0.0,1163998.95,1163998.95,0.0,0.0,0.0,0.0,0.0,0.0,0.0,0.0,2018-10-01,0.0,0.0,0.0
2018,10,U.N. DE UCAYALI,0.0,0.0,0.0,265972.9,265972.9,0.0,0.0,0.0,0.0,0.0,0.0,0.0,0.0,2018-10-01,0.0,0.0,0.0
2018,10,U.N. DEL ALTIPLANO,8111.57,0.0,0.0,0.0,8111.57,0.0,0.0,0.0,0.0,0.0,0.0,0.0,0.0,2018-10-01,0.0,0.0,0.0
2018,10,U.N. DEL CENTRO DEL PERU,17015.41,0.0,0.0,0.0,17015.41,0.0,0.0,0.0,0.0,0.0,0.0,0.0,0.0,2018-10-01,0.0,0.0,0.0
2018,10,U.N. DEL SANTA,22765.08,0.0,0.0,0.0,22765.08,0.0,0.0,0.0,0.0,0.0,0.0,0.0,0.0,2018-10-01,0.0,0.0,0.0
2018,10,U.N. FEDERICO VILLARREAL,2716.6,0.0,0.0,0.0,2716.6,0.0,0.0,0.0,0.0,0.0,0.0,0.0,0.0,2018-10-01,0.0,0.0,0.0
2018,10,U.N. HERMILIO VALDIZAN,2039.57,0.0,0.0,0.0,2039.57,0.0,0.0,0.0,0.0,0.0,0.0,0.0,0.0,2018-10-01,0.0,0.0,0.0
2018,10,U.N. INTERCULTURAL DE LA AMAZONIA,0.0,0.0,0.0,265972.9,265972.9,0.0,0.0,0.0,0.0,0.0,0.0,0.0,0.0,2018-10-01,0.0,0.0,0.0
2018,10,U.N. INTERCULTURAL DE LA SELVA CENTRAL JUAN SANTOS ATAHUALPA,17015.42,0.0,0.0,0.0,17015.42,0.0,0.0,0.0,0.0,0.0,0.0,0.0,0.0,2018-10-01,0.0,0.0,0.0
2018,10,U.N. INTERCULTURAL DE QUILLABAMBA,4393085.0,0.0,0.0,0.0,4393085.0,0.0,0.0,0.0,0.0,0.0,0.0,0.0,0.0,2018-10-01,0.0,0.0,0.0
2018,10,U.N. JORGE BASADRE GROHMANN,1969.53,0.0,0.0,0.0,1969.53,0.0,0.0,0.0,0.0,0.0,0.0,0.0,0.0,2018-10-01,0.0,0.0,0.0
2018,10,U.N. JOSE FAUSTINO SANCHEZ CARRION,63450.04,0.0,0.0,0.0,63450.04,0.0,0.0,0.0,0.0,0.0,0.0,0.0,0.0,2018-10-01,0.0,0.0,0.0
2018,10,U.N. JOSE MARIA ARGUEDAS,0.0,0.0,388648.06,0.0,388648.06,0.0,0.0,0.0,0.0,0.0,0.0,0.0,0.0,2018-10-01,0.0,0.0,0.0
2018,10,U.N. MAYOR DE SAN MARCOS,2716.61,0.0,0.0,0.0,2716.61,0.0,0.0,0.0,0.0,0.0,0.0,0.0,0.0,2018-10-01,0.0,0.0,0.0
2018,10,U.N. MICAELA BASTIDAS DE APURIMAC,0.0,0.0,388648.06,0.0,388648.06,0.0,0.0,0.0,0.0,0.0,0.0,0.0,0.0,2018-10-01,0.0,0.0,0.0
2018,10,U.N. SANTIAGO ANTUNEZ DE MAYOLO,22765.07,0.0,0.0,0.0,22765.07,0.0,0.0,0.0,0.0,0.0,0.0,0.0,0.0,2018-10-01,0.0,0.0,0.0
2018,10,U.N. TECNOLOGICA DEL CONO SUR DE LIMA,2716.61,0.0,0.0,0.0,2716.61,0.0,0.0,0.0,0.0,0.0,0.0,0.0,0.0,2018-10-01,0.0,0.0,0.0
2018,11, ,141008772.8,529520483.64,15031240.26,53356032.31,738916529.01,206606581.45,41267332.87,247873914.32,1539207447.14,240991236.64,0.156568393095931,0.4800629898088007,0.156568393095931,2018-11-01,19.32843076887938,0.024513661716641977,0.07516269089919222
2018,11,GOBIERNO REGIONAL DE LA PROVINCIA CONSTITUCIONAL DEL CALLAO,104778.59,0.0,0.0,0.0,104778.59,0.0,0.0,0.0,0.0,0.0,0.0,0.0,0.0,2018-11-01,0.0,0.0,0.0
2018,11,GOBIERNO REGIONAL DEL DEPARTAMENTO DE AMAZONAS,1075.6799999999998,0.0,0.0,0.0,1075.6799999999998,0.0,0.0,0.0,0.0,0.0,0.0,0.0,0.0,2018-11-01,0.0,0.0,0.0
2018,11,GOBIERNO REGIONAL DEL DEPARTAMENTO DE ANCASH,6175333.279999999,0.0,0.0,0.0,6175333.279999999,0.0,0.0,0.0,0.0,0.0,0.0,0.0,0.0,2018-11-01,0.0,0.0,0.0
2018,11,GOBIERNO REGIONAL DEL DEPARTAMENTO DE APURIMAC,21671.68,0.0,1561533.0299999998,0.0,1583204.7099999995,0.0,0.0,0.0,0.0,0.0,0.0,0.0,0.0,2018-11-01,0.0,0.0,0.0
2018,11,GOBIERNO REGIONAL DEL DEPARTAMENTO DE AREQUIPA,578362.2599999999,0.0,0.0,0.0,578362.2599999999,0.0,0.0,0.0,0.0,0.0,0.0,0.0,0.0,2018-11-01,0.0,0.0,0.0
2018,11,GOBIERNO REGIONAL DEL DEPARTAMENTO DE AYACUCHO,33202.840000000004,0.0,0.0,0.0,33202.840000000004,0.0,0.0,0.0,0.0,0.0,0.0,0.0,0.0,2018-11-01,0.0,0.0,0.0
2018,11,GOBIERNO REGIONAL DEL DEPARTAMENTO DE CAJAMARCA,169458.67,0.0,0.0,0.0,169458.67,0.0,0.0,0.0,0.0,0.0,0.0,0.0,0.0,2018-11-01,0.0,0.0,0.0
2018,11,GOBIERNO REGIONAL DEL DEPARTAMENTO DE CUSCO,11003887.519999996,0.0,0.0,0.0,11003887.519999996,0.0,0.0,0.0,0.0,0.0,0.0,0.0,0.0,2018-11-01,0.0,0.0,0.0
2018,11,GOBIERNO REGIONAL DEL DEPARTAMENTO DE HUANCAVELICA,1162097.24,0.0,0.0,0.0,1162097.24,0.0,0.0,0.0,0.0,0.0,0.0,0.0,0.0,2018-11-01,0.0,0.0,0.0
2018,11,GOBIERNO REGIONAL DEL DEPARTAMENTO DE HUANUCO,42369.51,0.0,0.0,0.0,42369.51,0.0,0.0,0.0,0.0,0.0,0.0,0.0,0.0,2018-11-01,0.0,0.0,0.0
2018,11,GOBIERNO REGIONAL DEL DEPARTAMENTO DE ICA,257694.36,0.0,0.0,0.0,257694.36,0.0,0.0,0.0,0.0,0.0,0.0,0.0,0.0,2018-11-01,0.0,0.0,0.0
2018,11,GOBIERNO REGIONAL DEL DEPARTAMENTO DE JUNIN,212110.14,0.0,0.0,0.0,212110.14,0.0,0.0,0.0,0.0,0.0,0.0,0.0,0.0,2018-11-01,0.0,0.0,0.0
2018,11,GOBIERNO REGIONAL DEL DEPARTAMENTO DE LA LIBERTAD,360111.68,0.0,0.0,0.0,360111.68,0.0,0.0,0.0,0.0,0.0,0.0,0.0,0.0,2018-11-01,0.0,0.0,0.0
2018,11,GOBIERNO REGIONAL DEL DEPARTAMENTO DE LAMBAYEQUE,14.51,0.0,0.0,0.0,14.51,0.0,0.0,0.0,0.0,0.0,0.0,0.0,0.0,2018-11-01,0.0,0.0,0.0
2018,11,GOBIERNO REGIONAL DEL DEPARTAMENTO DE LIMA,1186856.46,0.0,0.0,0.0,1186856.46,0.0,0.0,0.0,0.0,0.0,0.0,0.0,0.0,2018-11-01,0.0,0.0,0.0
2018,11,GOBIERNO REGIONAL DEL DEPARTAMENTO DE LORETO,3004843.04,0.0,0.0,9719226.75,12724069.79,0.0,0.0,0.0,0.0,0.0,0.0,0.0,0.0,2018-11-01,0.0,0.0,0.0
2018,11,GOBIERNO REGIONAL DEL DEPARTAMENTO DE MADRE DE DIOS,942.89,0.0,0.0,0.0,942.89,0.0,0.0,0.0,0.0,0.0,0.0,0.0,0.0,2018-11-01,0.0,0.0,0.0
2018,11,GOBIERNO REGIONAL DEL DEPARTAMENTO DE MOQUEGUA,136137.42,0.0,0.0,0.0,136137.42,0.0,0.0,0.0,0.0,0.0,0.0,0.0,0.0,2018-11-01,0.0,0.0,0.0
2018,11,GOBIERNO REGIONAL DEL DEPARTAMENTO DE PASCO,66187.14,0.0,0.0,0.0,66187.14,0.0,0.0,0.0,0.0,0.0,0.0,0.0,0.0,2018-11-01,0.0,0.0,0.0
2018,11,GOBIERNO REGIONAL DEL DEPARTAMENTO DE PIURA,83898.99,0.0,0.0,9506911.71,9590810.7,0.0,0.0,0.0,0.0,0.0,0.0,0.0,0.0,2018-11-01,0.0,0.0,0.0
2018,11,GOBIERNO REGIONAL DEL DEPARTAMENTO DE PUNO,119599.16,0.0,0.0,0.0,119599.16,0.0,0.0,0.0,0.0,0.0,0.0,0.0,0.0,2018-11-01,0.0,0.0,0.0
2018,11,GOBIERNO REGIONAL DEL DEPARTAMENTO DE SAN MARTIN,26030.62,0.0,0.0,0.0,26030.62,0.0,0.0,0.0,0.0,0.0,0.0,0.0,0.0,2018-11-01,0.0,0.0,0.0
2018,11,GOBIERNO REGIONAL DEL DEPARTAMENTO DE TACNA,2830542.66,0.0,0.0,0.0,2830542.66,0.0,0.0,0.0,0.0,0.0,0.0,0.0,0.0,2018-11-01,0.0,0.0,0.0
2018,11,GOBIERNO REGIONAL DEL DEPARTAMENTO DE TUMBES,298.56,0.0,0.0,3456990.42,3457288.98,0.0,0.0,0.0,0.0,0.0,0.0,0.0,0.0,2018-11-01,0.0,0.0,0.0
2018,11,GOBIERNO REGIONAL DEL DEPARTAMENTO DE UCAYALI,2569.97,0.0,0.0,1360986.7399999998,1363556.7099999995,0.0,0.0,0.0,0.0,0.0,0.0,0.0,0.0,2018-11-01,0.0,0.0,0.0
2018,11,INSTITUTO DE INVESTIGACIONES DE LA AMAZONIA PERUANA,0.0,0.0,0.0,614711.51,614711.51,0.0,0.0,0.0,0.0,0.0,0.0,0.0,0.0,2018-11-01,0.0,0.0,0.0
2018,11,MUNICIPALIDAD METROPOLITANA DE LIMA,179984.66,0.0,0.0,0.0,179984.66,0.0,0.0,0.0,0.0,0.0,0.0,0.0,0.0,2018-11-01,0.0,0.0,0.0
2018,11,U. N. AUTONOMA DE TAYACAJA DANIEL HERNANDEZ MORILLO,233798.86,0.0,0.0,0.0,233798.86,0.0,0.0,0.0,0.0,0.0,0.0,0.0,0.0,2018-11-01,0.0,0.0,0.0
2018,11,U. N. AUTÓNOMA ALTOANDINA DE TARMA,50714.61,0.0,0.0,0.0,50714.61,0.0,0.0,0.0,0.0,0.0,0.0,0.0,0.0,2018-11-01,0.0,0.0,0.0
2018,11,U.N. AGRARIA DE LA SELVA,3883.27,0.0,0.0,0.0,3883.27,0.0,0.0,0.0,0.0,0.0,0.0,0.0,0.0,2018-11-01,0.0,0.0,0.0
2018,11,U.N. AGRARIA LA MOLINA,3222.04,0.0,0.0,0.0,3222.04,0.0,0.0,0.0,0.0,0.0,0.0,0.0,0.0,2018-11-01,0.0,0.0,0.0
2018,11,U.N. AMAZONICA DE MADRE DE DIOS,2122.28,0.0,0.0,0.0,2122.28,0.0,0.0,0.0,0.0,0.0,0.0,0.0,0.0,2018-11-01,0.0,0.0,0.0
2018,11,U.N. AUTONOMA DE ALTO AMAZONAS,44.02,0.0,0.0,66.98,111.0,0.0,0.0,0.0,0.0,0.0,0.0,0.0,0.0,2018-11-01,0.0,0.0,0.0
2018,11,U.N. AUTONOMA DE CHOTA,45001.54,0.0,0.0,0.0,45001.54,0.0,0.0,0.0,0.0,0.0,0.0,0.0,0.0,2018-11-01,0.0,0.0,0.0
2018,11,U.N. AUTÓNOMA DE HUANTA,27241.03,0.0,0.0,0.0,27241.03,0.0,0.0,0.0,0.0,0.0,0.0,0.0,0.0,2018-11-01,0.0,0.0,0.0
2018,11,U.N. CIRO ALEGRIA,423960.28,0.0,0.0,0.0,423960.28,0.0,0.0,0.0,0.0,0.0,0.0,0.0,0.0,2018-11-01,0.0,0.0,0.0
2018,11,U.N. DANIEL ALCIDES CARRION,76073.57,0.0,0.0,0.0,76073.57,0.0,0.0,0.0,0.0,0.0,0.0,0.0,0.0,2018-11-01,0.0,0.0,0.0
2018,11,U.N. DE BARRANCA,129543.86,0.0,0.0,0.0,129543.86,0.0,0.0,0.0,0.0,0.0,0.0,0.0,0.0,2018-11-01,0.0,0.0,0.0
2018,11,U.N. DE CAJAMARCA,145413.68,0.0,0.0,0.0,145413.68,0.0,0.0,0.0,0.0,0.0,0.0,0.0,0.0,2018-11-01,0.0,0.0,0.0
2018,11,U.N. DE CAÑETE,119717.48,0.0,0.0,0.0,119717.48,0.0,0.0,0.0,0.0,0.0,0.0,0.0,0.0,2018-11-01,0.0,0.0,0.0
2018,11,U.N. DE EDUCACION ENRIQUE GUZMAN Y VALLE,6292.25,0.0,0.0,0.0,6292.25,0.0,0.0,0.0,0.0,0.0,0.0,0.0,0.0,2018-11-01,0.0,0.0,0.0
2018,11,U.N. DE FRONTERA,19379.97,0.0,0.0,1674066.63,1693446.6,0.0,0.0,0.0,0.0,0.0,0.0,0.0,0.0,2018-11-01,0.0,0.0,0.0
2018,11,U.N. DE HUANCAVELICA,179999.71,0.0,0.0,0.0,179999.71,0.0,0.0,0.0,0.0,0.0,0.0,0.0,0.0,2018-11-01,0.0,0.0,0.0
2018,11,U.N. DE INGENIERIA,3312.71,0.0,0.0,0.0,3312.71,0.0,0.0,0.0,0.0,0.0,0.0,0.0,0.0,2018-11-01,0.0,0.0,0.0
2018,11,U.N. DE JAEN,235737.53,0.0,0.0,0.0,235737.53,0.0,0.0,0.0,0.0,0.0,0.0,0.0,0.0,2018-11-01,0.0,0.0,0.0
2018,11,U.N. DE JULIACA,54242.73,0.0,0.0,0.0,54242.73,0.0,0.0,0.0,0.0,0.0,0.0,0.0,0.0,2018-11-01,0.0,0.0,0.0
2018,11,U.N. DE LA AMAZONIA PERUANA,201.66,0.0,0.0,762878.9299999999,763080.59,0.0,0.0,0.0,0.0,0.0,0.0,0.0,0.0,2018-11-01,0.0,0.0,0.0
2018,11,U.N. DE MOQUEGUA,221690.77,0.0,0.0,0.0,221690.77,0.0,0.0,0.0,0.0,0.0,0.0,0.0,0.0,2018-11-01,0.0,0.0,0.0
2018,11,U.N. DE PIURA,12979.27,0.0,0.0,1132412.59,1145391.86,0.0,0.0,0.0,0.0,0.0,0.0,0.0,0.0,2018-11-01,0.0,0.0,0.0
2018,11,U.N. DE SAN AGUSTIN,698242.04,0.0,0.0,0.0,698242.04,0.0,0.0,0.0,0.0,0.0,0.0,0.0,0.0,2018-11-01,0.0,0.0,0.0
2018,11,U.N. DE SAN ANTONIO ABAD DEL CUSCO,3917692.9,0.0,0.0,0.0,3917692.9,0.0,0.0,0.0,0.0,0.0,0.0,0.0,0.0,2018-11-01,0.0,0.0,0.0
2018,11,U.N. DE SAN MARTIN,5132.72,0.0,0.0,0.0,5132.72,0.0,0.0,0.0,0.0,0.0,0.0,0.0,0.0,2018-11-01,0.0,0.0,0.0
2018,11,U.N. DE TRUJILLO,310087.22,0.0,0.0,0.0,310087.22,0.0,0.0,0.0,0.0,0.0,0.0,0.0,0.0,2018-11-01,0.0,0.0,0.0
2018,11,U.N. DE TUMBES,117.24,0.0,0.0,746583.47,746700.71,0.0,0.0,0.0,0.0,0.0,0.0,0.0,0.0,2018-11-01,0.0,0.0,0.0
2018,11,U.N. DE UCAYALI,41.58,0.0,0.0,142392.17,142433.75,0.0,0.0,0.0,0.0,0.0,0.0,0.0,0.0,2018-11-01,0.0,0.0,0.0
2018,11,U.N. DEL ALTIPLANO,78496.76,0.0,0.0,0.0,78496.76,0.0,0.0,0.0,0.0,0.0,0.0,0.0,0.0,2018-11-01,0.0,0.0,0.0
2018,11,U.N. DEL CALLAO,31582.63,0.0,0.0,0.0,31582.63,0.0,0.0,0.0,0.0,0.0,0.0,0.0,0.0,2018-11-01,0.0,0.0,0.0
2018,11,U.N. DEL CENTRO DEL PERU,77579.29000000001,0.0,0.0,0.0,77579.29000000001,0.0,0.0,0.0,0.0,0.0,0.0,0.0,0.0,2018-11-01,0.0,0.0,0.0
2018,11,U.N. DEL SANTA,803906.7599999999,0.0,0.0,0.0,803906.7599999999,0.0,0.0,0.0,0.0,0.0,0.0,0.0,0.0,2018-11-01,0.0,0.0,0.0
2018,11,U.N. FEDERICO VILLARREAL,5115.39,0.0,0.0,0.0,5115.39,0.0,0.0,0.0,0.0,0.0,0.0,0.0,0.0,2018-11-01,0.0,0.0,0.0
2018,11,U.N. HERMILIO VALDIZAN,3137.83,0.0,0.0,0.0,3137.83,0.0,0.0,0.0,0.0,0.0,0.0,0.0,0.0,2018-11-01,0.0,0.0,0.0
2018,11,U.N. INTERCULTURAL DE LA AMAZONIA,144.81,0.0,0.0,142736.14,142880.95,0.0,0.0,0.0,0.0,0.0,0.0,0.0,0.0,2018-11-01,0.0,0.0,0.0
2018,11,U.N. INTERCULTURAL DE LA SELVA CENTRAL JUAN SANTOS ATAHUALPA,57010.74,0.0,0.0,0.0,57010.74,0.0,0.0,0.0,0.0,0.0,0.0,0.0,0.0,2018-11-01,0.0,0.0,0.0
2018,11,U.N. INTERCULTURAL DE QUILLABAMBA,4688503.88,0.0,0.0,0.0,4688503.88,0.0,0.0,0.0,0.0,0.0,0.0,0.0,0.0,2018-11-01,0.0,0.0,0.0
2018,11,U.N. INTERCULTURAL FABIOLA SALAZAR LEGUIA DE BAGUA,7.2,0.0,0.0,0.0,7.2,0.0,0.0,0.0,0.0,0.0,0.0,0.0,0.0,2018-11-01,0.0,0.0,0.0
2018,11,U.N. JORGE BASADRE GROHMANN,504357.31,0.0,0.0,0.0,504357.31,0.0,0.0,0.0,0.0,0.0,0.0,0.0,0.0,2018-11-01,0.0,0.0,0.0
2018,11,U.N. JOSE FAUSTINO SANCHEZ CARRION,99368.6,0.0,0.0,0.0,99368.6,0.0,0.0,0.0,0.0,0.0,0.0,0.0,0.0,2018-11-01,0.0,0.0,0.0
2018,11,U.N. JOSE MARIA ARGUEDAS,3879.04,0.0,509371.63,0.0,513250.67,0.0,0.0,0.0,0.0,0.0,0.0,0.0,0.0,2018-11-01,0.0,0.0,0.0
2018,11,U.N. MAYOR DE SAN MARCOS,3372.03,0.0,0.0,0.0,3372.03,0.0,0.0,0.0,0.0,0.0,0.0,0.0,0.0,2018-11-01,0.0,0.0,0.0
2018,11,U.N. MICAELA BASTIDAS DE APURIMAC,1726.14,0.0,525433.6,0.0,527159.74,0.0,0.0,0.0,0.0,0.0,0.0,0.0,0.0,2018-11-01,0.0,0.0,0.0
2018,11,U.N. PEDRO RUIZ GALLO,166.38,0.0,0.0,0.0,166.38,0.0,0.0,0.0,0.0,0.0,0.0,0.0,0.0,2018-11-01,0.0,0.0,0.0
2018,11,U.N. SAN CRISTOBAL DE HUAMANGA,18475.68,0.0,0.0,0.0,18475.68,0.0,0.0,0.0,0.0,0.0,0.0,0.0,0.0,2018-11-01,0.0,0.0,0.0
2018,11,U.N. SAN LUIS GONZAGA DE ICA,70871.83,0.0,0.0,0.0,70871.83,0.0,0.0,0.0,0.0,0.0,0.0,0.0,0.0,2018-11-01,0.0,0.0,0.0
2018,11,U.N. SANTIAGO ANTUNEZ DE MAYOLO,689787.28,0.0,0.0,0.0,689787.28,0.0,0.0,0.0,0.0,0.0,0.0,0.0,0.0,2018-11-01,0.0,0.0,0.0
2018,11,U.N. TECNOLOGICA DEL CONO SUR DE LIMA,3282.6200000000003,0.0,0.0,0.0,3282.6200000000003,0.0,0.0,0.0,0.0,0.0,0.0,0.0,0.0,2018-11-01,0.0,0.0,0.0
2018,11,U.N. TORIBIO RODRIGUEZ DE MENDOZA DE AMAZONAS,0.05,0.0,0.0,0.0,0.05,0.0,0.0,0.0,0.0,0.0,0.0,0.0,0.0,2018-11-01,0.0,0.0,0.0
2018,12, ,117484984.64,498420152.5,12411397.15,37582344.68,665898878.9699999,324460519.82,67864217.09,392324736.91,1831928771.19,277482998.75,0.1514704081915533,0.3634960536906899,0.1514704081915533,2018-12-01,19.78760046784576,0.022943284557715778,0.05505889562854757
2018,12,GOBIERNO REGIONAL DE LA PROVINCIA CONSTITUCIONAL DEL CALLAO,75813.98999999999,0.0,0.0,0.0,75813.98999999999,0.0,0.0,0.0,0.0,0.0,0.0,0.0,0.0,2018-12-01,0.0,0.0,0.0
2018,12,GOBIERNO REGIONAL DEL DEPARTAMENTO DE AMAZONAS,212.99,0.0,0.0,0.0,212.99,0.0,0.0,0.0,0.0,0.0,0.0,0.0,0.0,2018-12-01,0.0,0.0,0.0
2018,12,GOBIERNO REGIONAL DEL DEPARTAMENTO DE ANCASH,1896529.81,0.0,0.0,0.0,1896529.81,0.0,0.0,0.0,0.0,0.0,0.0,0.0,0.0,2018-12-01,0.0,0.0,0.0
2018,12,GOBIERNO REGIONAL DEL DEPARTAMENTO DE APURIMAC,3539.15,0.0,3010591.02,0.0,3014130.17,0.0,0.0,0.0,0.0,0.0,0.0,0.0,0.0,2018-12-01,0.0,0.0,0.0
2018,12,GOBIERNO REGIONAL DEL DEPARTAMENTO DE AREQUIPA,181152.47,0.0,0.0,0.0,181152.47,0.0,0.0,0.0,0.0,0.0,0.0,0.0,0.0,2018-12-01,0.0,0.0,0.0
2018,12,GOBIERNO REGIONAL DEL DEPARTAMENTO DE AYACUCHO,4773.1,0.0,0.0,0.0,4773.1,0.0,0.0,0.0,0.0,0.0,0.0,0.0,0.0,2018-12-01,0.0,0.0,0.0
2018,12,GOBIERNO REGIONAL DEL DEPARTAMENTO DE CAJAMARCA,124777.1,0.0,0.0,0.0,124777.1,0.0,0.0,0.0,0.0,0.0,0.0,0.0,0.0,2018-12-01,0.0,0.0,0.0
2018,12,GOBIERNO REGIONAL DEL DEPARTAMENTO DE CUSCO,57159226.4,0.0,0.0,0.0,57159226.4,0.0,0.0,0.0,0.0,0.0,0.0,0.0,0.0,2018-12-01,0.0,0.0,0.0
2018,12,GOBIERNO REGIONAL DEL DEPARTAMENTO DE HUANCAVELICA,1263335.93,0.0,0.0,0.0,1263335.93,0.0,0.0,0.0,0.0,0.0,0.0,0.0,0.0,2018-12-01,0.0,0.0,0.0
2018,12,GOBIERNO REGIONAL DEL DEPARTAMENTO DE HUANUCO,1417977.39,0.0,0.0,0.0,1417977.39,0.0,0.0,0.0,0.0,0.0,0.0,0.0,0.0,2018-12-01,0.0,0.0,0.0
2018,12,GOBIERNO REGIONAL DEL DEPARTAMENTO DE ICA,88498.29000000001,0.0,0.0,0.0,88498.29000000001,0.0,0.0,0.0,0.0,0.0,0.0,0.0,0.0,2018-12-01,0.0,0.0,0.0
2018,12,GOBIERNO REGIONAL DEL DEPARTAMENTO DE JUNIN,204923.47,0.0,0.0,0.0,204923.47,0.0,0.0,0.0,0.0,0.0,0.0,0.0,0.0,2018-12-01,0.0,0.0,0.0
2018,12,GOBIERNO REGIONAL DEL DEPARTAMENTO DE LA LIBERTAD,172672.85,0.0,0.0,0.0,172672.85,0.0,0.0,0.0,0.0,0.0,0.0,0.0,0.0,2018-12-01,0.0,0.0,0.0
2018,12,GOBIERNO REGIONAL DEL DEPARTAMENTO DE LAMBAYEQUE,3.19,0.0,0.0,0.0,3.19,0.0,0.0,0.0,0.0,0.0,0.0,0.0,0.0,2018-12-01,0.0,0.0,0.0
2018,12,GOBIERNO REGIONAL DEL DEPARTAMENTO DE LIMA,964202.68,0.0,0.0,0.0,964202.68,0.0,0.0,0.0,0.0,0.0,0.0,0.0,0.0,2018-12-01,0.0,0.0,0.0
2018,12,GOBIERNO REGIONAL DEL DEPARTAMENTO DE LORETO,2000915.48,0.0,0.0,5814357.62,7815273.1,0.0,0.0,0.0,0.0,0.0,0.0,0.0,0.0,2018-12-01,0.0,0.0,0.0
2018,12,GOBIERNO REGIONAL DEL DEPARTAMENTO DE MADRE DE DIOS,9.76,0.0,0.0,0.0,9.76,0.0,0.0,0.0,0.0,0.0,0.0,0.0,0.0,2018-12-01,0.0,0.0,0.0
2018,12,GOBIERNO REGIONAL DEL DEPARTAMENTO DE MOQUEGUA,47119.15,0.0,0.0,0.0,47119.15,0.0,0.0,0.0,0.0,0.0,0.0,0.0,0.0,2018-12-01,0.0,0.0,0.0
2018,12,GOBIERNO REGIONAL DEL DEPARTAMENTO DE PASCO,20073.65,0.0,0.0,0.0,20073.65,0.0,0.0,0.0,0.0,0.0,0.0,0.0,0.0,2018-12-01,0.0,0.0,0.0
2018,12,GOBIERNO REGIONAL DEL DEPARTAMENTO DE PIURA,51419.77,0.0,0.0,21202338.34,21253758.11,0.0,0.0,0.0,0.0,0.0,0.0,0.0,0.0,2018-12-01,0.0,0.0,0.0
2018,12,GOBIERNO REGIONAL DEL DEPARTAMENTO DE PUNO,72639.65999999999,0.0,0.0,0.0,72639.65999999999,0.0,0.0,0.0,0.0,0.0,0.0,0.0,0.0,2018-12-01,0.0,0.0,0.0
2018,12,GOBIERNO REGIONAL DEL DEPARTAMENTO DE SAN MARTIN,17541.54,0.0,0.0,0.0,17541.54,0.0,0.0,0.0,0.0,0.0,0.0,0.0,0.0,2018-12-01,0.0,0.0,0.0
2018,12,GOBIERNO REGIONAL DEL DEPARTAMENTO DE TACNA,35305.05,0.0,0.0,0.0,35305.05,0.0,0.0,0.0,0.0,0.0,0.0,0.0,0.0,2018-12-01,0.0,0.0,0.0
2018,12,GOBIERNO REGIONAL DEL DEPARTAMENTO DE TUMBES,21.99,0.0,0.0,2827916.23,2827938.22,0.0,0.0,0.0,0.0,0.0,0.0,0.0,0.0,2018-12-01,0.0,0.0,0.0
2018,12,GOBIERNO REGIONAL DEL DEPARTAMENTO DE UCAYALI,508.88,0.0,0.0,2226160.72,2226669.6,0.0,0.0,0.0,0.0,0.0,0.0,0.0,0.0,2018-12-01,0.0,0.0,0.0
2018,12,INSTITUTO DE INVESTIGACIONES DE LA AMAZONIA PERUANA,0.0,0.0,0.0,356858.0,356858.0,0.0,0.0,0.0,0.0,0.0,0.0,0.0,0.0,2018-12-01,0.0,0.0,0.0
2018,12,MUNICIPALIDAD METROPOLITANA DE LIMA,112981.22,0.0,0.0,0.0,112981.22,0.0,0.0,0.0,0.0,0.0,0.0,0.0,0.0,2018-12-01,0.0,0.0,0.0
2018,12,U. N. AUTONOMA DE TAYACAJA DANIEL HERNANDEZ MORILLO,171594.65,0.0,0.0,0.0,171594.65,0.0,0.0,0.0,0.0,0.0,0.0,0.0,0.0,2018-12-01,0.0,0.0,0.0
2018,12,U. N. AUTÓNOMA ALTOANDINA DE TARMA,22478.12,0.0,0.0,0.0,22478.12,0.0,0.0,0.0,0.0,0.0,0.0,0.0,0.0,2018-12-01,0.0,0.0,0.0
2018,12,U. N. DE MÚSICA,66475.62,0.0,0.0,0.0,66475.62,0.0,0.0,0.0,0.0,0.0,0.0,0.0,0.0,2018-12-01,0.0,0.0,0.0
2018,12,U. N. DIEGO QUISPE TITO,18667668.64,0.0,0.0,0.0,18667668.64,0.0,0.0,0.0,0.0,0.0,0.0,0.0,0.0,2018-12-01,0.0,0.0,0.0
2018,12,U.N. AGRARIA DE LA SELVA,2340.13,0.0,0.0,0.0,2340.13,0.0,0.0,0.0,0.0,0.0,0.0,0.0,0.0,2018-12-01,0.0,0.0,0.0
2018,12,U.N. AGRARIA LA MOLINA,2817.03,0.0,0.0,0.0,2817.03,0.0,0.0,0.0,0.0,0.0,0.0,0.0,0.0,2018-12-01,0.0,0.0,0.0
2018,12,U.N. AMAZONICA DE MADRE DE DIOS,416.62,0.0,0.0,0.0,416.62,0.0,0.0,0.0,0.0,0.0,0.0,0.0,0.0,2018-12-01,0.0,0.0,0.0
2018,12,U.N. AUTONOMA DE ALTO AMAZONAS,8.72,0.0,0.0,13.26,21.98,0.0,0.0,0.0,0.0,0.0,0.0,0.0,0.0,2018-12-01,0.0,0.0,0.0
2018,12,U.N. AUTONOMA DE CHOTA,15606.32,0.0,0.0,0.0,15606.32,0.0,0.0,0.0,0.0,0.0,0.0,0.0,0.0,2018-12-01,0.0,0.0,0.0
2018,12,U.N. AUTÓNOMA DE HUANTA,3850.53,0.0,0.0,0.0,3850.53,0.0,0.0,0.0,0.0,0.0,0.0,0.0,0.0,2018-12-01,0.0,0.0,0.0
2018,12,U.N. CIRO ALEGRIA,98517.73,0.0,0.0,0.0,98517.73,0.0,0.0,0.0,0.0,0.0,0.0,0.0,0.0,2018-12-01,0.0,0.0,0.0
2018,12,U.N. DANIEL ALCIDES CARRION,18249.5,0.0,0.0,0.0,18249.5,0.0,0.0,0.0,0.0,0.0,0.0,0.0,0.0,2018-12-01,0.0,0.0,0.0
2018,12,U.N. DE BARRANCA,86441.27,0.0,0.0,0.0,86441.27,0.0,0.0,0.0,0.0,0.0,0.0,0.0,0.0,2018-12-01,0.0,0.0,0.0
2018,12,U.N. DE CAJAMARCA,34042.71,0.0,0.0,0.0,34042.71,0.0,0.0,0.0,0.0,0.0,0.0,0.0,0.0,2018-12-01,0.0,0.0,0.0
2018,12,U.N. DE CAÑETE,84805.98000000001,0.0,0.0,0.0,84805.98000000001,0.0,0.0,0.0,0.0,0.0,0.0,0.0,0.0,2018-12-01,0.0,0.0,0.0
2018,12,U.N. DE EDUCACION ENRIQUE GUZMAN Y VALLE,3449.78,0.0,0.0,0.0,3449.78,0.0,0.0,0.0,0.0,0.0,0.0,0.0,0.0,2018-12-01,0.0,0.0,0.0
2018,12,U.N. DE FRONTERA,8188.400000000001,0.0,0.0,956319.1,964507.5,0.0,0.0,0.0,0.0,0.0,0.0,0.0,0.0,2018-12-01,0.0,0.0,0.0
2018,12,U.N. DE HUANCAVELICA,161653.13,0.0,0.0,0.0,161653.13,0.0,0.0,0.0,0.0,0.0,0.0,0.0,0.0,2018-12-01,0.0,0.0,0.0
2018,12,U.N. DE INGENIERIA,2790.26,0.0,0.0,0.0,2790.26,0.0,0.0,0.0,0.0,0.0,0.0,0.0,0.0,2018-12-01,0.0,0.0,0.0
2018,12,U.N. DE JAEN,49881.75,0.0,0.0,0.0,49881.75,0.0,0.0,0.0,0.0,0.0,0.0,0.0,0.0,2018-12-01,0.0,0.0,0.0
2018,12,U.N. DE JULIACA,14939.54,0.0,0.0,0.0,14939.54,0.0,0.0,0.0,0.0,0.0,0.0,0.0,0.0,2018-12-01,0.0,0.0,0.0
2018,12,U.N. DE LA AMAZONIA PERUANA,39.93,0.0,0.0,437423.0,437462.93,0.0,0.0,0.0,0.0,0.0,0.0,0.0,0.0,2018-12-01,0.0,0.0,0.0
2018,12,U.N. DE MOQUEGUA,51494.19,0.0,0.0,0.0,51494.19,0.0,0.0,0.0,0.0,0.0,0.0,0.0,0.0,2018-12-01,0.0,0.0,0.0
2018,12,U.N. DE PIURA,6522.21,0.0,0.0,848368.0399999999,854890.2499999999,0.0,0.0,0.0,0.0,0.0,0.0,0.0,0.0,2018-12-01,0.0,0.0,0.0
2018,12,U.N. DE SAN AGUSTIN,160403.18,0.0,0.0,0.0,160403.18,0.0,0.0,0.0,0.0,0.0,0.0,0.0,0.0,2018-12-01,0.0,0.0,0.0
2018,12,U.N. DE SAN ANTONIO ABAD DEL CUSCO,2536618.42,0.0,0.0,0.0,2536618.42,0.0,0.0,0.0,0.0,0.0,0.0,0.0,0.0,2018-12-01,0.0,0.0,0.0
2018,12,U.N. DE SAN MARTIN,4008.14,0.0,0.0,0.0,4008.14,0.0,0.0,0.0,0.0,0.0,0.0,0.0,0.0,2018-12-01,0.0,0.0,0.0
2018,12,U.N. DE TRUJILLO,74727.96,0.0,0.0,0.0,74727.96,0.0,0.0,0.0,0.0,0.0,0.0,0.0,0.0,2018-12-01,0.0,0.0,0.0
2018,12,U.N. DE TUMBES,23.55,0.0,0.0,439372.32,439395.87,0.0,0.0,0.0,0.0,0.0,0.0,0.0,0.0,2018-12-01,0.0,0.0,0.0
2018,12,U.N. DE UCAYALI,8.23,0.0,0.0,84989.78,84998.01,0.0,0.0,0.0,0.0,0.0,0.0,0.0,0.0,2018-12-01,0.0,0.0,0.0
2018,12,U.N. DEL ALTIPLANO,21789.15,0.0,0.0,0.0,21789.15,0.0,0.0,0.0,0.0,0.0,0.0,0.0,0.0,2018-12-01,0.0,0.0,0.0
2018,12,U.N. DEL CALLAO,19941.410000000003,0.0,0.0,0.0,19941.410000000003,0.0,0.0,0.0,0.0,0.0,0.0,0.0,0.0,2018-12-01,0.0,0.0,0.0
2018,12,U.N. DEL CENTRO DEL PERU,29583.87,0.0,0.0,0.0,29583.87,0.0,0.0,0.0,0.0,0.0,0.0,0.0,0.0,2018-12-01,0.0,0.0,0.0
2018,12,U.N. DEL SANTA,200201.98,0.0,0.0,0.0,200201.98,0.0,0.0,0.0,0.0,0.0,0.0,0.0,0.0,2018-12-01,0.0,0.0,0.0
2018,12,U.N. FEDERICO VILLARREAL,3191.1,0.0,0.0,0.0,3191.1,0.0,0.0,0.0,0.0,0.0,0.0,0.0,0.0,2018-12-01,0.0,0.0,0.0
2018,12,U.N. HERMILIO VALDIZAN,2254.19,0.0,0.0,0.0,2254.19,0.0,0.0,0.0,0.0,0.0,0.0,0.0,0.0,2018-12-01,0.0,0.0,0.0
2018,12,U.N. INTERCULTURAL DE LA AMAZONIA,28.67,0.0,0.0,85256.46,85285.13,0.0,0.0,0.0,0.0,0.0,0.0,0.0,0.0,2018-12-01,0.0,0.0,0.0
2018,12,U.N. INTERCULTURAL DE LA SELVA CENTRAL JUAN SANTOS ATAHUALPA,25238.65,0.0,0.0,0.0,25238.65,0.0,0.0,0.0,0.0,0.0,0.0,0.0,0.0,2018-12-01,0.0,0.0,0.0
2018,12,U.N. INTERCULTURAL DE QUILLABAMBA,2696320.83,0.0,0.0,0.0,2696320.83,0.0,0.0,0.0,0.0,0.0,0.0,0.0,0.0,2018-12-01,0.0,0.0,0.0
2018,12,U.N. INTERCULTURAL FABIOLA SALAZAR LEGUIA DE BAGUA,1.43,0.0,0.0,0.0,1.43,0.0,0.0,0.0,0.0,0.0,0.0,0.0,0.0,2018-12-01,0.0,0.0,0.0
2018,12,U.N. JORGE BASADRE GROHMANN,103155.74,0.0,0.0,0.0,103155.74,0.0,0.0,0.0,0.0,0.0,0.0,0.0,0.0,2018-12-01,0.0,0.0,0.0
2018,12,U.N. JOSE FAUSTINO SANCHEZ CARRION,76910.13,0.0,0.0,0.0,76910.13,0.0,0.0,0.0,0.0,0.0,0.0,0.0,0.0,2018-12-01,0.0,0.0,0.0
2018,12,U.N. JOSE MARIA ARGUEDAS,852.7199999999999,0.0,396358.76,0.0,397211.48,0.0,0.0,0.0,0.0,0.0,0.0,0.0,0.0,2018-12-01,0.0,0.0,0.0
2018,12,U.N. MAYOR DE SAN MARCOS,2870.03,0.0,0.0,0.0,2870.03,0.0,0.0,0.0,0.0,0.0,0.0,0.0,0.0,2018-12-01,0.0,0.0,0.0
2018,12,U.N. MICAELA BASTIDAS DE APURIMAC,395.62,0.0,400804.13,0.0,401199.75,0.0,0.0,0.0,0.0,0.0,0.0,0.0,0.0,2018-12-01,0.0,0.0,0.0
2018,12,U.N. PEDRO RUIZ GALLO,33.02,0.0,0.0,0.0,33.02,0.0,0.0,0.0,0.0,0.0,0.0,0.0,0.0,2018-12-01,0.0,0.0,0.0
2018,12,U.N. SAN CRISTOBAL DE HUAMANGA,3894.72,0.0,0.0,0.0,3894.72,0.0,0.0,0.0,0.0,0.0,0.0,0.0,0.0,2018-12-01,0.0,0.0,0.0
2018,12,U.N. SAN LUIS GONZAGA DE ICA,22307.03,0.0,0.0,0.0,22307.03,0.0,0.0,0.0,0.0,0.0,0.0,0.0,0.0,2018-12-01,0.0,0.0,0.0
2018,12,U.N. SANTIAGO ANTUNEZ DE MAYOLO,182868.25,0.0,0.0,0.0,182868.25,0.0,0.0,0.0,0.0,0.0,0.0,0.0,0.0,2018-12-01,0.0,0.0,0.0
2018,12,U.N. TECNOLOGICA DEL CONO SUR DE LIMA,2779.8700000000003,0.0,0.0,0.0,2779.8700000000003,0.0,0.0,0.0,0.0,0.0,0.0,0.0,0.0,2018-12-01,0.0,0.0,0.0
2018,12,U.N. TORIBIO RODRIGUEZ DE MENDOZA DE AMAZONAS,0.01,0.0,0.0,0.0,0.01,0.0,0.0,0.0,0.0,0.0,0.0,0.0,0.0,2018-12-01,0.0,0.0,0.0
